Player_ID,Match_ID,Player_Name,Team,Country,Age,Gender,Coach_Name,Sport_Type,Match_Date,Match_Fee,Bonus,Sponsorship_Amount,Score,Assists,Goals,Wickets,Ticket_Sales,Merch_Sales,Venue,Weather,Win_Status,Rating,Feedback_Score,Fan_ID,Payment_Mode,Fan_Purchase_Amount,Minutes_Played,Matches_Played,Fan_Email,Fan_Phone,Fan_Count,Merch_ID
1102,5082,,CSK,india,17,male,Rahul Dravid,Football,13-02-2023,,,287941,13,0,1,5,37356,,Chennai, ,,4.6,,81006,,8970,1,3,,12345,2337,78
1179,5034, Virat,KKR,india,23,Male,None,Tennis,05-12-2022,,,,90,9,7,0,18655,7745,, ,Draw,9.9,,80048, ,,,11,,,805,156
1092,5195,Rohit ,RCB,sri lanka,69,female,,footbal,30-08-2020,,-457,,152,3,6,0,,2843,,Sunny,win ,,,81850,creadit card,,,23,xyz@,,3039,42
1014,5068,Bumrah,KKR,,60,mal, ,Basketball,22-01-2024,,67,1044184,76,9,8,0,,14535,,rainy,DRAW,,,81929,creadit card,,12,2,abc@gmail.com,,278,62
1106,5128,Joe Root,Lakers,England,39,femal,John Smith,Cricket,29-07-2020,,870,,84,4,7,5,,, , ,DRAW,,6,82132,creadit card,14920,,17,user@yahoo,9999999999,1405,125
1071,5195,Joe Root,Lakers,australia,20,Other,None,Football,12-05-2023,387,,1246406,108,1,3,3,,,Mumbai,Sunny,Lose,,,81525, ,9393,33,28,,9999999999,787,180
1188,5139,Smith,KKR,Sri Lanka,58,Other,None,Football,23-01-2024,,,1394214,30,4,1,1,,,, ,Draw,2.4,,80328,,,62,11,abc@gmail.com,9876543210,1332,22
1020,5187, Virat,CSK,Australia,33,Mle,,basktball,07-08-2021,,,,121,9,1,3,8839,3104,Chennai,Cloudy,Win,6.9,1,82657,credit card,,66,23,user@yahoo,9999999999,4372,57
1102,5026,,Lakers,sri lanka,10,Mle,Rahul Dravid,Cricket,19-05-2022,,2925,730707,106,3,1,5,30417,,Kolkata,Sunny,Lose,,3,84529,upi,17522,107,23,,9876543210,3147,96
1121,5055,Hardik,RCB,INDIA,30,Female, ,,08-02-2024,761,,,53,7,5,3,3528,,Bangalore,,Lose,5.8,,80587,creadit card,5898,,18,user@yahoo,12345,2345,139
1074,5022, Virat,KKR,India,11,mal,John Smith,Tennis,03-12-2023,,,835031,132,0,6,2,27302,13721,Bangalore,Cloudy,Win,,3,83205, ,240,59,12,user@yahoo,,3449,142
1087,5152, ,Barcelona,INDIA,66,Male,Rahul Dravid,Basketball,24-04-2022,,2029,330413,140,4,5,5,,,Mumbai,,Win,,,81598,credit card,,,15,user@yahoo,9999999999,432,31
1116,5020,Ronaldo,Lakers,Australia,,female,,,,909,,,155,9,1,0,30456,,Bangalore,,Lose,,,83851,,,91,7,,9999999999,1009,4
1099,5060,Rohit ,Lakers,england,66,mal,,,,5841,,112038,42,0,3,1,,,,Sunny,Win,,,82472,credit card,,,26,,9999999999,3849,109
1103,5062,Rohit ,MI,sri lanka,38,femal,None,basktball,14-04-2020,-1593,,272289,88,9,2,2,,,Kolkata,,Win,,,82817,credit card,3764,,26,,12345,316,150
1151,5121, Virat,RCB,australia,59,femal,Rahul Dravid,Basketball,,3145,,478307,114,9,3,2,54803,7150,Bangalore, ,,8.7,0,84607, ,8135,,5,abc@gmail.com,,4216,118
1130,5051,Joe Root,RCB,sri lanka,61,male, ,,11-01-2022,,1485,,98,3,4,5,34862,,Mumbai,Cloudy,DRAW,8.1,3,81408,cash,9035,56,9,,9876543210,1365,93
1149,5087,Joe Root,Barcelona,England,66,Male, , ,05-12-2023,,,,46,7,6,4,17867,,,rainy,Draw,7.5,,81011,upi,,,24,,9876543210,4399,99
1052,5152,Hardik,Lakers,England,50,Female,John Smith,footbal,05-12-2023,,1846,,70,0,8,0,39669,18222,,Cloudy,,,,84659,netbanking,7545,,9,abc@gmail.com,12345,935,192
1001,5054, ,,Sri Lanka,53,Mle,None,Tennis,03-03-2023,,1890,996837,165,1,1,1,,,Delhi,rainy,Win,,,84398,cash,,15,28,xyz@,,3518,77
1087,5045,Rohit ,MI,,56,Female,John Smith,Football,07-07-2023,,,597941,66,0,7,1,,,,Rainy, lose,5.2,1,84044,creadit card,12815,65,5,,12345,3787,83
1157,5031,Hardik,Barcelona,india,61,Female,,Basketball,25-12-2020,3635,,,61,6,2,1,,,,Sunny,DRAW,7,3,81329,netbanking,,,7,xyz@,12345,2768,115
1037,5054,Joe Root,CSK,england,45,Mle,John Smith, ,05-12-2023,,,811576,108,1,8,5,14156,10543,,Sunny,Win,8.2,3,82604,cash,10842,112,17,xyz@,,495,61
1129,5095,,,india,14,Female,Rahul Dravid,Basketball,21-08-2022,,122,1389593,166,0,9,0,,8106,,,Win,8.1,,82023, ,2254,,16,abc@gmail.com,9999999999,3592,100
1191,5132,Hardik,,Sri Lanka,62,Mle,None,basktball,20-05-2023,3154,2387,,36,5,3,5,32120,10726,Kolkata,rainy,Draw,6.8,,84507,creadit card,5780,,25,user@yahoo,9999999999,2232,134
1187,5035,Ronaldo,KKR,england,41,female,None,Tennis,13-10-2023,-1689,833,613316,118,5,2,1,33543,,Bangalore,, lose,5,7,83185,,,27,9,abc@gmail.com,12345,4018,79
1020,5109,Joe Root,CSK,sri lanka,13,female,None,Tennis,14-11-2021,2632,,,85,9,9,3,,7054, ,Rainy,win ,,,84603,cash,,,1,,,2935,196
1160,5176,Dhoni,Lakers,sri lanka,50,mal, ,footbal,14-05-2022,,2809,,125,1,5,3,51501,6375,Kolkata,,,3.2,1,84151, ,,58,11,,12345,4808,6
1057,5105, ,Lakers,India,49,Other,,footbal,13-07-2022,-1536,1926,,135,0,9,0,7536,,Bangalore, ,,9.1,,82593,creadit card,6474,56,19,xyz@,9999999999,4445,66
1021,5057,Bumrah,RCB,INDIA,28,femal,, ,08-12-2020,,-390,,51,9,8,1,55153,4251,Kolkata,, lose,8.7,5,83341,credit card,1380,,9,,9876543210,2367,164
1088,5038,Rohit ,Lakers,,66,Male,Rahul Dravid,Tennis,20-10-2023,,,,90,2,6,5,,,Delhi,,,,2,80195,,,1,8,xyz@,12345,2584,143
1048,5079,Smith,Barcelona,australia,41,male,,,12-06-2021,1620,,,32,9,3,4,28270,,,Cloudy,Win,9.5,,81790,creadit card,15884,0,15,,9999999999,905,76
1058,5096,Ronaldo,CSK,INDIA,44,mal,John Smith,Tennis,05-12-2023,-765,1536,,80,4,2,4,17818,,Chennai,Rainy,win ,8.5,2,81106,upi,15918,81,6,,,3227,40
1169,5112,Messi,Barcelona,australia,44,female,,,05-12-2023,1427,,369706,41,5,9,4,38521,8764,Mumbai,,win ,,3,82789,netbanking,19875,6,8,xyz@,9876543210,1827,169
1187,5060,Bumrah,CSK,India,52,male, , ,05-12-2023,,,446653,111,2,3,3,,2084,Chennai,Cloudy,,,,82184,upi,8796,19,24,abc@gmail.com,9999999999,3722,7
1014,5136,Smith,KKR,,42,male, ,,21-03-2020,,2267,474567,125,8,2,5,,13454,,,,,1,80538,cash,,118,24,user@yahoo,9876543210,2580,22
1189,5005,Joe Root,,India,41,female,,basktball,20-01-2022,,189,,154,4,2,4,,,Mumbai,rainy,Win,7.8,1,84784,creadit card,7650,38,23,user@yahoo,,4597,72
1189,5108,Messi,MI,Australia,33,male,, ,19-01-2021,-1896,-88,740,135,1,8,1,,8066,Chennai,,Draw,,,80718, ,3377,,5,,12345,1515,106
1174,5034, Virat,,england,56,Female,Rahul Dravid,basktball,08-06-2023,,2831,,150,9,3,1,14287,,Chennai,,Draw,,6,83995,cash,5257,115,29,,12345,4622,139
1189,5038, Virat,Barcelona,Sri Lanka,42,female, ,,17-05-2022,,,786510,105,5,8,4,1440,14806,,,DRAW,,1,80305,netbanking,,,26,abc@gmail.com,12345,4806,130
1050,5149,Ronaldo,MI,,49,Other,None,Basketball,20-03-2023,646,,63586,124,7,9,2,48051,,Delhi, ,DRAW,8.1,0,80387,credit card,,56,9,xyz@,9876543210,3003,30
1107,5168, Virat,MI,sri lanka,20,Mle,None,Basketball,05-07-2022,3412,2620,262307,112,5,4,4,32080,9882, ,,,3.3,1,80724,cash,13804,,6,,12345,111,68
1054,5117,Messi,CSK,sri lanka,26,femal,,basktball,12-05-2023,,,,63,3,6,2,,,Chennai,Sunny,Win,,0,82596,upiid,,,17,user@yahoo,9876543210,1672,181
1063,5004,Messi,CSK,india,28,femal,,basktball,10-01-2020,4086,1343,1033361,122,5,4,0,10987,12869,Delhi,Rainy,,7.1,,82435,cash,11031,,10,user@yahoo,,2302,89
1130,5169, ,CSK,INDIA,16,mal,None,Tennis,13-10-2022,,2090,,113,7,0,0,,, ,Cloudy,Win,,,82340,creadit card,12543,,0,user@yahoo,9876543210,1650,149
1050,5086,Bumrah,Barcelona,Sri Lanka,36,Female,None,Football,26-07-2022,-473,2706,,19,7,1,1,,13141,,rainy, lose,2.1,7,80178,cash,,52,28,,12345,4395,153
1134,5075,Rohit ,MI,sri lanka,56,Female,,Cricket,13-01-2022,2472,2731,,15,9,4,5,,,Chennai,Cloudy,win ,9.2,,81903,upi,,26,20,,,2474,73
1020,5194,Dhoni,KKR,england,20,Mle,,basktball,11-03-2022,,-470,1403262,144,1,5,3,4808,16,,Sunny,Win,,6,81704,creadit card,9720,,23,abc@gmail.com,,3995,72
1072,5157,Hardik,,sri lanka,26,Male,,,05-12-2023,450,,,18,7,6,5,16432,, ,Sunny, lose,,,83383,,5504,,18,xyz@,12345,1890,133
1166,5056, Virat,MI,england,68,Mle, ,Basketball,12-03-2020,,1015,1361568,119,5,1,1,8512,, ,rainy,Win,,6,84175, ,16425,67,22,xyz@,9876543210,306,66
1017,5126,Ronaldo,,england,48,male,Rahul Dravid,Tennis,22-11-2021,178,,220096,135,1,9,1,4958,,Bangalore,,DRAW,,,84542,upiid,15724,96,4,,9876543210,120,85
1131,5028, Virat,Lakers,,35,mal,None,Cricket,,,1687,1079252,165,0,8,5,,,Delhi,,Draw,,,84861,upi,1251,,27,abc@gmail.com,12345,3101,49
1088,5164,Hardik,Barcelona,australia,33,Male,Rahul Dravid,,28-06-2022,,,1405075,37,5,5,3,40485,,Mumbai,,win ,,0,84665,cash,,,25,user@yahoo,9876543210,1277,8
1059,5086,Bumrah,Lakers,Australia,35,femal,,Basketball,02-03-2023,3030,1080,1243952,180,6,1,1,,,Mumbai,,win ,8.3,,80095,cash,12429,73,28,xyz@,,1427,155
1013,5140,,Barcelona,INDIA,32,Male,Rahul Dravid,,04-03-2021,,2777,,92,9,1,3,28501,10696,Delhi,rainy, lose,9.1,2,81283,cash,,1,23,user@yahoo,9876543210,3102,2
1008,5159, ,RCB,India,13,femal,Rahul Dravid,Tennis,13-05-2021,2542,2522,1294263,104,4,2,1,,3027,Chennai,Sunny, lose,2.7,6,80247,upi,18105,,5,,9876543210,1185,28
1089,5045,Messi,Barcelona,INDIA,39,female,,,25-04-2023,2535,,,99,9,0,0,,17623,Kolkata,rainy,,7.5,,80981,netbanking,,88,21,,9876543210,1455,139
1052,5115, ,KKR,,9,Other, ,Tennis,04-07-2020,1650,582,371378,89,7,8,2,,6379,Bangalore,,,3,5,84363,credit card,15893,,6,,9876543210,1179,46
1129,5111,Joe Root,MI,Australia,39,mal,Rahul Dravid,Football,,3026,,1239848,158,8,9,1,32600,13146,Bangalore,rainy,win ,1.1,,81565,netbanking,,7,22,,9999999999,1346,126
1083,5150, Virat,Lakers,,14,mal,John Smith,Basketball,20-11-2023,,,,43,3,3,2,,,Chennai, ,win ,6.3,6,82141,,15479,,3,,9876543210,628,21
1091,5044,Rohit ,KKR,India,28,mal,,Cricket,27-05-2021,3066,,250729,187,6,4,4,,15677,Mumbai,,DRAW,,,80735,,14758,,25,,,1214,170
1110,5144,,,sri lanka,43,Male,Rahul Dravid,,13-11-2022,-1785,1195,,75,7,6,1,,,,,,3.8,4,83387,creadit card,18904,,15,,9876543210,1961,32
1187,5103,Joe Root,KKR,Sri Lanka,38,Female,None,Basketball,28-01-2024,,,1208327,144,5,0,0,,,Kolkata, ,win ,7.7,7,82659,,2442,,27,abc@gmail.com,9999999999,2995,160
1198,5084,Bumrah,Barcelona,sri lanka,47,Female,, ,05-12-2020,,1768,713588,78,1,2,3,23059,1988,Delhi,Cloudy,Draw,6,,80448,credit card,8922,,9,xyz@,12345,4612,199
1171,5193, Virat,CSK,sri lanka,32,male,None,,27-03-2023,1555,-372,982709,72,6,2,0,,15125,Mumbai,,Lose,9.1,4,81835,cash,4465,103,25,,,4940,150
1007,5133,Joe Root,KKR,australia,27,mal,, ,05-03-2021,-881,,212902,166,8,1,2,37229,6741,Kolkata,Sunny,DRAW,,,84715,,11022,,14,xyz@,12345,1547,77
1174,5107, Virat,RCB,australia,39,Male,,Basketball,21-01-2024,,,,169,4,7,3,41118,,,Rainy,DRAW,8.4,0,80613, ,,,12,abc@gmail.com,9876543210,4915,21
1034,5017,Ronaldo,RCB,Australia,58,Male,John Smith,footbal,20-11-2023,,2365,,175,1,4,0,22991,,Mumbai,Sunny,,6.3,1,81433,creadit card,13058,120,7,,9999999999,2858,150
1080,5093,Bumrah,,australia,57,female,,Tennis,22-03-2020,,1730,,139,3,0,0,,2525,Mumbai, ,win ,1.1,5,80876,upi,,68,21,,,761,34
1163,5149,Dhoni,Lakers,australia,26,Male, ,Cricket,12-05-2023,,,369408,95,2,1,0,,2000,,Sunny,win ,8.9,,82575,cash,12407,,26,abc@gmail.com,,2366,138
1049,5032,,RCB,sri lanka,57,female,, ,09-12-2021,,,555903,88,3,0,5,,,Kolkata,Cloudy,Draw,,,81133,cash,,,12,,,4206,65
1103,5157,Messi,RCB,india,51,femal,,footbal,19-09-2023,,-283,,102,9,5,3,,14125,, ,Lose,2,5,84870,,,,23,user@yahoo,9876543210,1841,65
1131,5125,Smith,,INDIA,52,mal,,basktball,05-12-2023,1132,,683275,145,6,8,0,37459,14224,,,Draw,,5,80671,creadit card,13833,88,6,user@yahoo,,4902,88
1001,5159,Messi,Lakers,Australia,11,mal,Rahul Dravid,basktball,01-12-2020,710,604,1446899,5,9,6,0,58908,,, , lose,,0,81630,credit card,,83,16,user@yahoo,12345,1496,67
1133,5169,Messi,KKR,India,41,Female, ,Basketball,18-09-2022,,,,121,7,4,2,2826,17165,Delhi,Cloudy,,5.9,,83318,,6443,98,3,,12345,3919,43
1053,5121,Joe Root,KKR,sri lanka,61,Male,Rahul Dravid,Football,27-07-2020,,1359,241849,170,0,2,0,50491,, , ,win ,,,80360,credit card,20,84,6,xyz@,9876543210,3088,115
1105,5137,,Barcelona,Australia,10,mal,,Basketball,,-1526,1793,,115,7,7,0,30975,,,Rainy, lose,3,,82392,netbanking,19430,,15,user@yahoo,9999999999,1243,169
1003,5114,Bumrah,Lakers,australia,20,male,None,Football,31-07-2021,,,1198410,162,4,9,4,,,Chennai,Rainy,Lose,1.3,0,83901,upi,5169,104,24,user@yahoo,12345,4582,141
1053,5163,,MI,India,68,Other,None,basktball,31-05-2023,30,,314726,181,6,3,3,,,Bangalore,Cloudy,Win,,,80797,,,,1,xyz@,12345,4906,118
1190,5161,,RCB,,13,Female, ,,16-09-2021,,2036,534886,61,0,8,4,4787,10623,Bangalore, ,win ,,,81783,upi,9576,15,20,abc@gmail.com,9876543210,2043,4
1145,5027, Virat,CSK,INDIA,27,femal,John Smith,Tennis,10-04-2023,5231,,,196,1,4,5,38750,10825,,Sunny,Lose,,,80066,credit card,,32,24,xyz@,9876543210,3376,23
1043,5010, ,Lakers,australia,65,female,Rahul Dravid,Cricket,31-07-2020,5214,1672,,143,0,5,2,,8724,Bangalore,,,,,83034,,10710,,24,user@yahoo,9999999999,516,70
1161,5166,,,INDIA,45,Female, ,Basketball,31-05-2021,,923,,135,4,4,4,43841,,Mumbai, , lose,,,82090,netbanking,,,21,abc@gmail.com,12345,834,162
1189,5046,Smith,CSK,australia,55,male,,Basketball,04-01-2021,-1019,,886228,88,5,9,5,,1928, ,Cloudy,win ,,7,82276,creadit card,19120,119,22,xyz@,,623,41
1013,5126,Hardik,MI,India,65,female,None,footbal,27-07-2022,,,704772,95,9,6,1,,,Bangalore,,Lose,,,83515,upi,,103,24,abc@gmail.com,,1047,146
1094,5146,Joe Root,,,44,Mle,Rahul Dravid,basktball,07-04-2020,,,1434217,125,8,6,3,,,,Sunny,Win,,,80233,cash,,18,13,,,1564,120
1047,5117,Smith,RCB,Australia,42,femal,None, ,22-10-2020,4264,534,261599,89,7,0,0,55516,,,Cloudy,Lose,1.7,,81222,,,99,13,xyz@,9876543210,3982,90
1014,5142,Dhoni,Barcelona,Australia,19,femal,John Smith, ,17-05-2022,55,1360,,85,6,1,4,48081,, , , lose,6.7,,82544,cash,,53,25,abc@gmail.com,,496,161
1199,5125,Ronaldo,MI,sri lanka,49,Male,None,Cricket,26-05-2022,2331,-355,,158,4,6,4,,7255,,Rainy,win ,,3,81055, ,14679,63,7,abc@gmail.com,,2429,153
1189,5155,Bumrah,CSK,india,28,mal,,basktball,22-08-2023,,,,137,2,7,0,,12492,Mumbai,rainy,Lose,,4,84554,upiid,,,29,,,2263,52
1039,5151,,Barcelona,India,55,male,,Tennis,14-01-2023,-846,,118129,183,8,3,0,47771,7245,Kolkata,,Lose,,,83347, ,218,79,25,user@yahoo,,542,145
1081,5071,Hardik,MI,,11,mal,, ,08-11-2021,16,2954,1156111,120,4,5,2,28982,855,Chennai,rainy,Win,4.3,3,81169,credit card,,,5,xyz@,9999999999,915,51
1110,5106,Joe Root,KKR,England,42,Female, , ,12-06-2021,,,,75,2,9,4,42916,209,Kolkata,Rainy,DRAW,5.8,,84101,netbanking,,63,21,xyz@,12345,1801,131
1052,5136,,Barcelona,,9,Other,,Basketball,21-05-2020,763,,1424207,91,2,2,4,31613,,Bangalore,rainy, lose,,1,80493,creadit card,,9,6,,,3082,55
1023,5174,Messi,KKR,,11,Other,Rahul Dravid,Tennis,,2396,,597878,69,2,6,1,20896,5586,Delhi,,win ,4.1,3,83179, ,,48,6,abc@gmail.com,12345,81,184
1153,5032,Rohit ,KKR,England,69,mal, ,Football,05-10-2020,5054,,350204,147,5,2,5,57262,17260,,rainy,,6.7,,83843,upiid,18978,,1,user@yahoo,9999999999,1179,119
1187,5189,Joe Root,KKR,England,27,male,John Smith,basktball,18-11-2023,,,,132,0,6,1,29759,,Mumbai,rainy,Win,,3,81363,creadit card,,,24,abc@gmail.com,9999999999,165,113
1123,5018,Rohit ,RCB,india,32,female, ,Cricket,07-01-2020,-479,,,22,3,7,4,31671,,Mumbai,, lose,4.7,,83398,upiid,,73,3,abc@gmail.com,,2255,35
1040,5194,Messi,Lakers,sri lanka,20,Mle,None, ,09-06-2022,4629,,,136,7,2,1,47973,16805,Mumbai,Rainy,win ,8.8,,81056,upi,,,12,,9876543210,2071,68
1156,5073,Ronaldo,RCB,australia,30,Mle,None,Cricket,20-09-2023,,,,57,2,1,4,,2185,Delhi, ,Lose,9.8,5,80142,upiid,7883,61,28,xyz@,12345,806,187
1014,5167,Bumrah,MI,INDIA,69,Male,,footbal,05-04-2023,-405,,141630,186,4,5,3,,,,Cloudy,win ,,5,83315,,10585,119,9,abc@gmail.com,12345,2738,92
1044,5174, Virat,MI,england,42,Female,,footbal,25-05-2021,,2032,96295,181,1,3,2,,, ,,Draw,2.8,,84831,credit card,18399,69,8,xyz@,12345,331,59
1064,5192,Joe Root,,,11,female,John Smith,Basketball,05-12-2023,2005,190,,45,1,7,1,,,Kolkata,,,,3,82773,upi,,,14,,9999999999,3590,13
1088,5156, ,Barcelona,australia,60,Mle,,Football,17-12-2022,5287,,,21,6,1,4,36935,,,,Draw,9.3,,81884,creadit card,19837,,11,user@yahoo,12345,1534,62
1070,5177,Messi,KKR,England,60,Male, ,basktball,22-05-2023,4012,2669,1056510,191,9,3,1,12738,,Bangalore,Cloudy,DRAW,,3,82264,creadit card,2743,,26,,12345,180,94
1008,5097,Joe Root,Lakers,India,51,Other,, ,02-10-2023,4650,454,,7,2,1,5,22331,2159,Delhi,,DRAW,3.2,0,81924,credit card,11900,,9,,,1316,175
1087,5140,,CSK,,63,female, ,Basketball,,,,212736,122,4,1,2,,3681,Kolkata,rainy,,4.1,3,84045,creadit card,,57,18,abc@gmail.com,12345,1106,3
1128,5128,Dhoni,Lakers,India,35,femal,John Smith,footbal,18-04-2022,-1848,241,693319,19,2,1,3,33320,15826,Chennai,Cloudy,Draw,,1,82481,upi,313,111,20,xyz@,,1589,21
1135,5161,Ronaldo,CSK,England,55,Mle,John Smith,footbal,15-12-2023,,,,178,5,0,0,,12520,Mumbai,rainy,Draw,5.5,4,81890,credit card,,15,4,user@yahoo,,2486,104
1062,5092,,Lakers,Australia,40,female,None, ,07-05-2020,,,907655,77,9,3,0,,4723,Kolkata,,Win,,3,83125, ,,59,6,abc@gmail.com,9999999999,2590,65
1138,5175,Dhoni,Barcelona,australia,41,Other,Rahul Dravid,Basketball,27-02-2020,,2014,,38,2,1,1,,, ,Rainy,win ,,,80941,cash,16349,53,27,,12345,2240,146
1080,5047,Smith,CSK,INDIA,62,male,,Cricket,31-05-2021,2853,,305014,36,7,8,4,915,,,Cloudy,Lose,,,81615,creadit card,3593,20,19,xyz@,9876543210,487,13
1135,5176,Bumrah,Barcelona,australia,19,mal,,basktball,20-04-2021,3702,,,177,1,8,5,,125,,,Draw,,1,81968,,16083,,10,abc@gmail.com,9999999999,611,199
1162,5063,Smith,,India,40,Male,,Tennis,05-12-2023,2765,1076,953655,161,2,6,2,42260,4950,,rainy,win ,7.5,7,83222, ,11279,,15,,12345,3420,77
1162,5060,Joe Root,Barcelona,sri lanka,31,female,None,Football,05-09-2021,4016,1747,,74,7,5,3,,231,Chennai,rainy,Lose,8.8,,84150,,,,12,abc@gmail.com,,3194,109
1032,5156,Hardik,KKR,,51,female, ,,12-05-2023,690,1154,,117,7,2,3,11761,18699,Kolkata,,DRAW,,,81471,upiid,5321,5,27,xyz@,,1397,96
1122,5038,Hardik,Barcelona,,52,femal,Rahul Dravid, ,26-12-2020,,,1197282,103,0,6,3,49301,5226, ,Rainy,win ,,,81058,creadit card,,47,3,,9999999999,1456,93
1004,5127,Bumrah,MI,india,10,Female,,,05-01-2024,5218,1701,,160,7,0,0,46273,, ,Cloudy,DRAW,1.1,,81006,upi,7490,73,15,abc@gmail.com,,2193,45
1040,5087, ,Lakers,england,66,Male,, ,04-01-2023,,,,30,9,8,2,,,Chennai,rainy,,,6,83190,creadit card,16453,103,12,abc@gmail.com,,3074,62
1027,5025,Ronaldo,MI,,21,Female,,Cricket,05-08-2021,,2579,,122,1,3,0,,, , ,Draw,4,,81220,upi,18317,,28,user@yahoo,9999999999,1337,30
1134,5016, ,Barcelona,australia,14,femal,,,22-12-2021,,322,1351827,53,6,5,1,,4995,Bangalore,Cloudy,win ,7.8,0,84661,credit card,,,0,abc@gmail.com,,4422,14
1071,5070,Ronaldo,MI,,37,Other, ,footbal,03-08-2020,,,1241131,171,5,5,3,,19171,Kolkata,,win ,7,1,84866,creadit card,,114,21,,,2200,181
1011,5012,Messi,MI,,68,Male, ,,,,-164,,33,1,2,2,1615,3610,,Cloudy,Lose,,,81797,,,4,3,xyz@,9999999999,4497,10
1161,5068,Joe Root,CSK,,19,Male,,footbal,03-10-2022,,-184,,198,4,3,3,,3770,,Sunny,Lose,,5,84973,upiid,,,26,xyz@,,2867,159
1032,5025,Smith,CSK,sri lanka,65,femal,Rahul Dravid,Basketball,12-05-2023,2842,,1188144,121,6,9,0,,,Delhi,Rainy,Draw,3,1,82871,,10882,,14,abc@gmail.com,9999999999,4583,6
1047,5048,Hardik,MI,Australia,22,Female,,,07-04-2020,,-35,,112,7,2,0,,434,,,Lose,1.6,5,80513, ,,67,25,,,3882,119
1150,5194,Dhoni,Barcelona,Sri Lanka,53,Mle, ,footbal,15-10-2021,,1319,280722,61,2,5,0,14556,,,Cloudy, lose,5.8,2,81617,credit card,1699,,25,,9999999999,2114,19
1061,5006, Virat,,Australia,28,Mle,None,Cricket,29-06-2023,,,1341947,22,0,0,3,,9196,Kolkata,Rainy,Lose,9,,84517,upi,12059,,20,,,2136,12
1036,5057,Rohit ,RCB,England,12,male, ,Football,01-04-2022,1856,,986889,45,6,7,2,11332,,,rainy,Win,9.7,0,84612,credit card,12486,32,29,,12345,78,117
1098,5048, Virat,KKR,australia,53,Male,,Football,29-10-2021,,1444,,55,4,7,2,31902,236,Mumbai,Rainy,win ,6.8,,83757,upiid,,,26,,9999999999,377,192
1171,5102,Smith,RCB,Australia,21,Other,John Smith,Basketball,06-12-2022,12,,1498286,134,4,8,1,7322,,Kolkata,Sunny,DRAW,6.3,7,82032,netbanking,,,24,,,164,103
1103,5052,,RCB,,39,Mle,,Basketball,,,1368,,117,6,5,3,,16054,,Rainy,Lose,,,83210,,5528,,15,,,4844,114
1034,5192,Smith,RCB,,21,male,,Cricket,26-12-2020,,1325,,188,0,0,1,,5872,Chennai,Sunny,Lose,7.1,7,80704,upiid,,82,3,xyz@,,1720,82
1192,5061,,MI,england,44,mal,,Cricket,05-12-2023,,2564,,130,7,2,5,,19550, ,Cloudy,,6.3,,81673, ,,77,16,xyz@,,2984,183
1100,5016,Ronaldo,MI,INDIA,48,mal,,basktball,07-12-2022,,428,,165,9,0,1,,14796,Chennai,Sunny,DRAW,5.7,7,83699,credit card,,,10,xyz@,,154,195
1174,5170, ,Barcelona,Sri Lanka,47,mal, ,basktball,11-04-2023,,,92163,161,4,4,1,24314,5377,Delhi,rainy,Lose,1.6,,82091,netbanking,,100,24,user@yahoo,,1146,9
1130,5024, Virat,MI,Australia,8,Mle,None,Basketball,10-06-2023,3119,,,112,7,2,1,735,6117,,,Win,6.2,,84953,upi,-931,,4,,9876543210,1063,134
1000,5130,Ronaldo,Barcelona,england,10,Other,John Smith,,03-01-2024,,1783,146222,43,9,1,0,42973,,Chennai,Cloudy,Lose,,2,82848,,,,25,,9876543210,2216,129
1004,5028,Ronaldo,MI,England,67,Female, ,basktball,25-12-2020,,,,127,9,2,5,,,Kolkata,Cloudy,,9.7,7,84314, ,8989,,12,abc@gmail.com,,2839,170
1141,5116, ,Barcelona,INDIA,32,Mle, ,footbal,19-11-2023,-144,,319791,107,4,8,1,,59,Delhi,Rainy,Win,8.2,0,84663, ,,,11,,9876543210,1463,93
1102,5159,Dhoni,RCB,Sri Lanka,21,male,John Smith,footbal,08-07-2022,,,14718,157,6,7,2,,9163,Bangalore,rainy,Draw,8.7,0,81777,credit card,,,28,abc@gmail.com,9999999999,3470,183
1026,5025,Hardik,KKR,india,65,femal,,footbal,01-04-2020,-211,2209,7814,16,9,2,1,42805,,Bangalore,Sunny,Win,,,84353,creadit card,,76,26,,,1516,177
1136,5123,Bumrah,RCB,Sri Lanka,52,mal,,,13-10-2023,,-8,371423,58,2,1,0,12466,18771,,Sunny,DRAW,9.1,,80892, ,-704,,22,abc@gmail.com,,3050,99
1014,5143,Hardik,Lakers,INDIA,15,female,John Smith, ,11-02-2023,5764,,1193620,137,1,4,4,,9162,Bangalore,Sunny,Lose,,,80971,upiid,,80,2,,,4423,99
1089,5024,Rohit ,Lakers,Sri Lanka,67,male,,,09-12-2020,2006,,617192,98,5,0,5,9008,7042,,,win ,7.5,,80102,creadit card,,,3,abc@gmail.com,,1526,30
1041,5053,,CSK,INDIA,26,femal,John Smith,Cricket,,-439,746,1316565,83,4,3,4,,, ,Rainy,,3.1,,81107,cash,1199,62,27,,,3610,35
1123,5155, Virat,,INDIA,8,Female,Rahul Dravid,Basketball,04-06-2022,2677,,1190419,145,8,7,4,10567,,Kolkata,Sunny,Lose,,5,83246,,18274,54,9,,12345,2392,63
1178,5072,,RCB,Australia,65,Mle,,,23-08-2021,,,,44,9,0,5,,18941,Chennai,,DRAW,1.7,6,83712,upi,545,,8,user@yahoo,9876543210,788,150
1062,5119,Hardik,Barcelona,,23,Male,, ,11-09-2022,,621,,107,3,4,3,30569,647,,,Draw,4.3,,83417,credit card,,,9,abc@gmail.com,12345,2548,171
1095,5055,Bumrah,MI,Sri Lanka,50,Mle,,Football,,3597,1349,499910,186,2,3,2,17244,19931,,Cloudy,Draw,8.4,,84151, ,,45,12,,9999999999,4657,28
1051,5064,,CSK,INDIA,60,female,Rahul Dravid,footbal,23-11-2021,,,1400441,61,8,5,0,,,Chennai,Rainy,win ,8.7,,83659,creadit card,,,0,xyz@,,4608,146
1095,5092,Messi,CSK,,66,male,None,,12-05-2023,-1485,,1462273,58,7,6,5,,, ,,Lose,,,84926, ,16143,,11,xyz@,,515,32
1131,5085, Virat,Barcelona,australia,61,female,John Smith,Cricket,29-02-2020,524,,461887,176,5,8,4,3283,,Mumbai,Sunny,Lose,,7,80919,cash,12288,,10,xyz@,12345,3062,69
1150,5079,Bumrah,Barcelona,India,29,Female,John Smith,Tennis,,,,990326,190,0,0,0,,12597,Bangalore,Rainy,Draw,4.3,,84552,netbanking,,,20,abc@gmail.com,9876543210,4762,182
1142,5168,Ronaldo,Barcelona,australia,19,male,,basktball,16-09-2022,1253,,147087,159,9,9,0,31725,,Bangalore,Sunny,win ,7.9,,84227,,-851,42,7,xyz@,,1567,162
1170,5107,Smith,RCB,INDIA,32,female,John Smith,basktball,04-07-2021,,1486,,137,0,3,3,,5965,Mumbai,,Lose,8.4,,84588,upiid,,,25,,9876543210,1448,159
1028,5178,Dhoni,Lakers,INDIA,60,Mle,,,,1151,1076,,10,5,5,4,1411,7571,Chennai,, lose,7.6,,82157, ,,,22,user@yahoo,9876543210,966,110
1035,5117,Rohit ,RCB,england,22,male, ,Basketball,25-09-2023,,1575,,101,2,9,1,9326,,,Cloudy,Win,3.8,,80581,upiid,,47,13,,12345,363,97
1012,5198,Bumrah,,,31,mal, ,Cricket,28-06-2021,,,947445,69,2,6,0,55545,7711,Chennai,Sunny,Draw,8.4,,80795,,6635,75,13,xyz@,9876543210,107,132
1159,5156,Hardik,,,66,mal,Rahul Dravid,Tennis,27-07-2023,4638,575,421199,122,5,6,4,,,Chennai, , lose,,,83197,cash,1218,,19,user@yahoo,,3094,142
1070,5082,Smith,,Australia,61,Male,,,01-12-2021,2776,846,614701,189,2,7,0,,,Mumbai,,,,,81883,,,49,22,,9876543210,622,15
1186,5146,Hardik,Lakers,india,33,mal,None,basktball,05-12-2023,1856,-147,,174,9,9,3,21270,,Kolkata,Sunny,DRAW,8,6,83367,upiid,,110,16,,9999999999,4416,188
1085,5193, Virat,,INDIA,10,Male,None,Cricket,16-07-2022,,,,33,5,7,3,4353,4363,Mumbai,rainy,Lose,8.2,,80809,netbanking,2582,24,21,xyz@,12345,509,20
1027,5168,,MI,india,17,Other, ,Football,15-03-2020,-476,,1037650,100,4,7,1,,11364,Mumbai,Rainy,DRAW,,3,82933,cash,,,24,,,1064,20
1065,5172,Bumrah,,england,17,male,None,footbal,26-11-2021,1504,782,1212086,144,3,7,3,,,Chennai,,Draw,,,83268, ,,20,18,,,3865,177
1169,5014,,MI,Australia,46,mal,Rahul Dravid,Basketball,20-08-2022,,1896,,103,7,7,4,,9342,,rainy, lose,,3,84868,credit card,,82,19,,12345,303,99
1044,5130,Hardik,MI,Sri Lanka,23,Female,None,basktball,04-08-2022,3971,685,,181,1,5,5,20180,9526,Kolkata,rainy,Lose,,,82984,upiid,,63,23,,,968,68
1061,5138, ,Lakers,,47,Other,Rahul Dravid,Tennis,16-09-2020,1788,1011,,39,6,8,3,6589,13934,,Rainy,,,,80572,upiid,,,27,,9876543210,1438,18
1184,5180,Joe Root,RCB,england,50,mal,,Football,06-07-2022,2375,,570811,18,3,2,5,8352,2914,Chennai,Sunny,Lose,3.7,5,81206,upiid,,,20,xyz@,,3521,152
1133,5173,Smith,KKR,india,24,Male,John Smith,footbal,05-12-2023,-1449,,,66,1,5,1,48514,,Kolkata,Cloudy,,,7,84904,creadit card,6896,40,20,,12345,3871,155
1027,5029,Messi,MI,sri lanka,64,Other,John Smith,Tennis,26-03-2020,5946,,937863,81,6,4,2,,,Bangalore,,Lose,8.6,,84974,credit card,,81,16,,12345,3500,33
1027,5056,Smith,CSK,INDIA,67,male, ,Cricket,09-11-2021,,-476,,180,0,7,0,,13481,Bangalore,rainy,win ,6.2,7,83080,credit card,3861,111,5,,12345,2199,125
1107,5145,Hardik,Barcelona,India,35,female,,Cricket,20-04-2022,,1244,,63,3,3,0,34154,,,,Lose,,,82460,cash,,,13,,9876543210,4354,64
1043,5178,Hardik,Barcelona,,51,Mle, ,Football,05-12-2023,-1386,,,82,8,3,4,,5679,Delhi,,Win,3.6,2,81741,upiid,4115,43,17,,9876543210,3901,153
1083,5127,Rohit ,CSK,india,44,female,John Smith,Football,10-07-2022,,,495605,46,3,9,1,32405,,Chennai,Sunny, lose,,,84005,,13572,84,16,xyz@,9876543210,2270,69
1029,5047, ,,england,53,female,,Tennis,22-08-2023,3863,531,,5,2,9,1,,,Bangalore,Cloudy,Lose,8.5,,84925,,,20,5,xyz@,12345,229,146
1189,5193,Messi,Barcelona,england,63,femal,,basktball,12-05-2023,,,626658,15,9,4,1,,,Bangalore,Cloudy,Win,3.4,2,82613,netbanking,3737,,4,,9876543210,2486,45
1074,5135,Dhoni,MI,India,65,femal,Rahul Dravid,,16-02-2023,4140,832,453504,199,9,5,0,9013,2930,,Sunny,Draw,7,2,81715,netbanking,9370,93,12,user@yahoo,,149,110
1127,5021,Rohit ,CSK,india,48,female,None,Football,06-01-2022,1391,,,145,1,3,3,34237,,,Rainy,Win,3.7,6,81569,cash,11913,,15,,,909,20
1091,5005, Virat,Lakers,India,27,male,John Smith, ,07-08-2021,-1465,,,179,2,1,0,,,,Rainy,Win,4.4,,80676,credit card,8053,,20,,,3528,35
1189,5184,Messi,CSK,,21,Male,,Tennis,21-04-2021,,2953,,175,0,1,0,40472,12980,Chennai,,Lose,6.5,,81833,credit card,16107,33,8,,9876543210,977,134
1128,5103,Bumrah,MI,India,68,Mle,,Cricket,04-12-2021,,-418,1445129,170,9,2,0,16533,, ,Rainy, lose,6.3,,82513,,13105,34,11,,,634,91
1120,5035,Joe Root,Lakers,INDIA,64,Male,None,Cricket,05-12-2023,5579,,,38,7,1,3,,11712,,Sunny,win ,,,80800, ,17346,19,9,,,4717,9
1026,5078,Rohit ,KKR,Australia,49,femal,Rahul Dravid,footbal,25-06-2021,,1061,,176,0,0,2,34155,, ,Sunny,Win,5.4,,81141,credit card,7287,,25,,9876543210,2190,180
1189,5115,Joe Root,MI,india,55,mal,None,Cricket,12-04-2021,,,337452,112,2,7,4,,16954,,Rainy,Draw,,,83052,creadit card,13322,18,12,user@yahoo,12345,4149,156
1120,5056, ,Barcelona,australia,66,Female, ,basktball,01-07-2023,,2257,,139,2,4,2,,3524,,,DRAW,1.9,,82031,,1499,,18,xyz@,9999999999,4939,19
1115,5048, Virat,,INDIA,25,male,,basktball,29-11-2020,5256,,515844,137,1,9,2,33050,,Mumbai,rainy,Win,,,81508,,,,15,,12345,3474,103
1002,5172, Virat,KKR,,34,mal,,Football,22-12-2021,,,,70,4,0,0,,,,Sunny,DRAW,1.7,5,81110,,15960,,16,,,3780,85
1102,5081,Dhoni,Lakers,,52,femal,,Cricket,15-06-2022,556,1441,,109,9,8,2,23181,,Chennai,,,7.9,2,84329,cash,6323,15,15,abc@gmail.com,,1865,63
1197,5065, Virat,MI,India,8,Male,None,basktball,16-05-2022,,,674799,54,2,7,0,,7056,Bangalore, , lose,,5,80912,netbanking,,36,29,xyz@,,298,95
1199,5076,Hardik,Lakers,India,34,male,,Cricket,13-06-2023,,,-501,128,2,3,0,,,Kolkata,Rainy,DRAW,,3,81055,upi,,,13,,9876543210,2739,135
1154,5044,Smith,CSK,india,60,mal,,basktball,29-04-2023,,-471,1308345,48,7,7,4,,19489,Mumbai,Cloudy,,,,84189,netbanking,19376,,15,user@yahoo,,3725,37
1136,5078,Smith,CSK,sri lanka,34,femal,Rahul Dravid,footbal,22-11-2020,,,910559,163,3,9,1,,,Bangalore,,Draw,,,81750,,,38,23,,9999999999,3391,89
1061,5019,,Lakers,England,32,male,,Football,12-05-2023,1703,,,20,3,6,0,2222,13288,Bangalore, ,win ,4.9,7,83171, ,,,14,xyz@,,4540,92
1164,5191,Dhoni,,india,25,mal,,Tennis,,-1474,1575,,36,2,6,2,42347,,Kolkata,Rainy,Draw,3.3,,84153,upiid,17658,,11,,12345,97,36
1050,5122,Hardik,RCB,Australia,61,Mle,John Smith,,26-02-2021,,-437,490431,115,0,0,4,27506,16797,Bangalore,Sunny,Win,,,83012,upiid,,,4,xyz@,12345,3197,17
1171,5066,Smith,Lakers,INDIA,65,Female,John Smith,,,,1494,,23,7,5,5,,2221,Chennai,,Draw,2.3,6,83428,creadit card,7601,82,10,abc@gmail.com,12345,2105,90
1151,5082,Bumrah,CSK,Sri Lanka,20,mal,,Tennis,16-05-2021,2853,,,54,0,3,5,,,Bangalore,rainy,Lose,,4,83562,creadit card,15295,,4,xyz@,12345,4272,92
1058,5002,Hardik,CSK,,60,mal,,Football,,,1473,1443871,24,6,9,5,,, , , lose,,2,80356, ,,,23,,,4814,165
1117,5181, ,MI,Sri Lanka,57,femal,,footbal,30-10-2022,,,,134,4,9,2,47709,2895,Bangalore,Rainy,DRAW,7.3,7,84391,,,23,23,user@yahoo,12345,3522,188
1159,5063,Ronaldo,CSK,INDIA,39,mal,None,Tennis,08-02-2022,3219,912,1407024,126,3,9,1,,13753,,rainy,DRAW,,3,84620,cash,15660,32,10,,12345,4418,49
1095,5039,Joe Root,KKR,australia,24,Female,None,footbal,29-12-2021,,,,92,3,1,3,36806,,Chennai,Sunny,Win,,,81617,netbanking,4150,100,1,user@yahoo,12345,845,81
1179,5058,Hardik,RCB,England,46,female,None,Football,18-10-2021,-169,,,93,7,9,1,7685,9906,Chennai,Sunny,win ,4.7,,81623, ,15260,91,18,,,4185,184
1112,5182,Joe Root,Lakers,Sri Lanka,8,Male, ,basktball,04-06-2020,-1629,,,70,5,6,4,1800,,Mumbai,Rainy,Win,,,81665,,1926,113,25,,12345,4226,34
1061,5061,Bumrah,Lakers,INDIA,48,Other,,footbal,27-08-2020,,838,475305,198,0,8,1,13882,5681,Kolkata,rainy,,,,83199,upi,15318,,25,abc@gmail.com,,3881,158
1185,5131,Ronaldo,CSK,Australia,52,mal,Rahul Dravid, ,25-07-2022,1882,,,121,9,4,5,56685,6585,Bangalore,rainy,,,2,84496,netbanking,,7,16,,9999999999,1052,155
1051,5059,,KKR,India,33,Female,John Smith,basktball,29-10-2021,,,1105977,23,7,7,1,,,Mumbai, ,DRAW,2.3,7,81595,upi,12639,17,18,user@yahoo,12345,3848,179
1011,5115,,Barcelona,sri lanka,10,male,, ,12-05-2023,,1748,752959,10,1,4,4,47894,15936,, ,Lose,8,6,81989,upi,18587,,11,,,3615,137
1038,5074,Messi,,australia,52,female,Rahul Dravid,Tennis,13-11-2022,-1920,1412,,72,5,6,4,,,Kolkata,rainy,Lose,4.6,0,82786,credit card,7922,,19,abc@gmail.com,12345,3157,20
1129,5121,Dhoni,CSK,,57,femal, ,Tennis,05-12-2023,,,968960,11,8,6,5,,11609,Kolkata,Sunny,Draw,3.6,0,80528,creadit card,1677,,26,,12345,2105,175
1130,5106,Hardik,RCB,sri lanka,36,femal,John Smith,Cricket,19-01-2022,5348,1246,1482470,34,0,8,2,,,Delhi,rainy,Draw,,,82604,upiid,12534,8,22,,,993,147
1112,5095,Dhoni,Barcelona,india,16,Female,None,footbal,23-01-2022,2163,2960,4237,190,5,2,0,,16579,,,DRAW,3.2,,83195,,5675,76,24,abc@gmail.com,12345,3096,68
1100,5090, Virat,Lakers,India,50,Mle, ,Cricket,29-09-2023,4152,,875739,195,7,0,3,58783,18356,Bangalore,Cloudy,Draw,,,82407,upi,12534,,27,abc@gmail.com,12345,189,77
1112,5157,Joe Root,Lakers,India,52,female, ,Cricket,10-10-2022,,488,,184,9,1,3,,2429,Kolkata,Sunny,win ,1.3,2,80063, ,,62,4,,,2123,102
1183,5129,Joe Root,CSK,india,22,Mle,,Football,13-03-2023,,,,140,1,5,5,58017,14331,,Cloudy,win ,,2,83960,upi,,8,11,abc@gmail.com,,2418,140
1080,5061, Virat,RCB,sri lanka,12,mal, ,,02-12-2021,4606,1668,863752,22,4,9,3,,,Chennai,,Draw,2.3,4,82812,credit card,9687,,15,abc@gmail.com,9999999999,4994,125
1186,5048,Messi,Lakers,australia,48,male,,Tennis,10-11-2023,2552,1418,,82,5,9,1,10752,, ,Rainy,Draw,4.3,,82821, ,12385,96,0,,12345,2898,73
1112,5136,Rohit ,RCB,india,15,female,,,,1540,300,1153979,166,4,8,4,52442,4241,Chennai,,,2.9,4,84027,upi,19897,,1,xyz@,12345,4601,79
1001,5091, ,KKR,sri lanka,15,Mle, ,basktball,07-09-2021,1828,2871,,87,2,2,4,,9058,,Rainy, lose,,5,80101,creadit card,,,9,abc@gmail.com,,1966,113
1129,5158,Hardik,KKR,england,18,Mle,, ,09-08-2021,,1366,1401614,79,3,9,5,56652,,Bangalore,Cloudy,,3.5,,83348, ,,112,1,xyz@,,4278,133
1053,5123,Joe Root,Barcelona,INDIA,65,Male,,Football,02-07-2023,,,,96,6,1,4,36492,17568,,,,4.5,,83298,netbanking,,,24,abc@gmail.com,,4249,197
1086,5060, ,KKR,India,58,Male, , ,05-12-2023,,,1271596,139,3,0,0,,14865,Kolkata,,Lose,2.9,,83094, ,,,9,abc@gmail.com,,3411,25
1128,5047,Joe Root,MI,Australia,39,male, , ,05-12-2023,4836,,1475892,33,8,1,4,36638,18343,,Rainy,win ,,,82891,cash,,,22,,9876543210,3946,101
1146,5152,Rohit ,Lakers,India,12,Other,Rahul Dravid,basktball,,,894,1014936,198,9,2,4,,,Chennai,Sunny, lose,,,83135,upi,11873,21,17,,9999999999,1046,31
1125,5163, Virat,MI,Australia,19,female,,Cricket,01-10-2023,2620,467,,74,1,6,1,,,Delhi,Cloudy,,5.8,,81180,netbanking,12135,,0,user@yahoo,12345,2573,174
1129,5135,,CSK,england,42,Male, ,Football,22-10-2022,3648,2215,,158,4,1,2,27617,19124,Bangalore,Cloudy,Draw,1.4,5,82886,netbanking,,53,4,,9876543210,605,34
1052,5057,Rohit ,Barcelona,england,28,Male, ,Cricket,18-03-2022,2229,1046,,127,7,4,3,,,, ,win ,,,82728,credit card,13047,,11,user@yahoo,12345,1366,169
1171,5100,Joe Root,,INDIA,18,mal,,Basketball,,,,585232,189,4,1,1,,,,rainy,Win,2.4,,82692,upi,15335,,16,abc@gmail.com,,2926,68
1159,5111, Virat,CSK,England,68,mal, , ,24-12-2023,5462,2421,480686,140,9,6,1,14554,,,,Draw,3.3,,80398,cash,,81,24,,,1958,122
1197,5172,Rohit ,Barcelona,,55,mal,,Football,05-02-2022,4251,2261,,30,7,9,1,11106,15568,,Rainy,Lose,6.2,,80404,upiid,,94,18,,9876543210,1064,166
1159,5061,Messi,Lakers,australia,24,Female,Rahul Dravid,,16-10-2021,2828,1595,116736,129,7,7,3,,15764, , ,Draw,,2,82873,credit card,14897,,17,,,517,46
1067,5038, Virat,Barcelona,Australia,69,Male,Rahul Dravid,footbal,23-03-2020,2260,,,102,8,7,5,,,, ,Win,,0,83268,upi,14896,,29,xyz@,9876543210,2454,69
1182,5057,Hardik,,,51,Female,Rahul Dravid, ,27-08-2022,,445,,14,9,7,1,58665,, , ,Draw,5.4,1,82694,upiid,15074,45,12,xyz@,9999999999,4233,27
1183,5098,Joe Root,Barcelona,england,53,mal,,Football,20-06-2021,-1945,-284,,56,5,9,2,,,Mumbai,, lose,6.4,,82082,upiid,2151,2,21,,9876543210,3807,171
1122,5191,Bumrah,Lakers,,67,female,None,,,-1974,,,74,3,8,5,27669,7401,Chennai,Sunny,Win,8.1,,82467,upiid,12368,74,2,,,2589,199
1144,5043,,Barcelona,india,52,Female,,Football,,270,,,33,2,0,4,,,Bangalore,Cloudy,win ,6.9,,84472,netbanking,,2,20,user@yahoo,9999999999,2272,45
1037,5028,Dhoni,Lakers,Sri Lanka,33,Female,,Football,05-12-2023,3361,479,,102,4,0,2,8513,7282,Bangalore,, lose,6.8,,84315,upiid,16592,119,9,,9876543210,2308,18
1023,5058,Joe Root,Barcelona,INDIA,26,female,,Tennis,10-05-2021,,,230285,195,5,9,5,33327,,Mumbai,Sunny,Draw,,,81921,,6631,65,13,xyz@,12345,1102,32
1068,5070,Hardik,CSK,india,42,femal,John Smith,,11-12-2020,,250,,74,2,1,4,,9840,Delhi,Sunny,Win,8,7,83959,upi,,,7,,9876543210,4792,2
1115,5091,Smith,MI,Australia,26,Male,Rahul Dravid,,08-08-2021,89,,,28,1,5,4,,12881,Delhi,,Win,3.2,2,81540,netbanking,667,60,9,xyz@,,810,169
1097,5008, ,CSK,india,26,Male,,,08-04-2023,,,1002591,193,6,0,1,13841,11810,Bangalore,,Lose,,,82389,upiid,18879,57,1,abc@gmail.com,9999999999,3763,20
1197,5126, ,,australia,62,Female,Rahul Dravid,Football,23-04-2021,,,1421873,15,4,4,1,,15715,Kolkata,Sunny,,3.1,0,84848,cash,,30,27,xyz@,12345,4568,186
1138,5133,Dhoni,KKR,England,44,mal,,Football,15-02-2020,2546,,,166,8,4,3,,,Chennai, ,Lose,5.4,,82463,upi,15147,76,12,,9999999999,76,38
1143,5156,Joe Root,Lakers,india,24,Male, , ,,-334,2904,719664,76,2,3,0,,9407,Mumbai,rainy,win ,,5,83368,cash,6649,100,4,,,2309,1
1096,5185,Dhoni,CSK,,14,Mle,Rahul Dravid,,20-03-2020,,,693413,36,7,4,2,15688,15317,,, lose,,3,82985,cash,,,10,xyz@,,1025,197
1123,5144,Ronaldo,RCB,England,56,Female,None, ,03-12-2020,3316,,,80,5,0,3,23845,,Bangalore,Cloudy,win ,,,80679,netbanking,,,23,,9999999999,2064,182
1186,5143,Joe Root,,india,15,Mle, ,Tennis,08-04-2023,5274,1896,,148,3,5,3,,,Mumbai,,Lose,4.1,,80747,netbanking,1574,115,0,abc@gmail.com,9876543210,4439,142
1069,5130, Virat,Lakers,England,33,Female,John Smith,footbal,01-08-2021,,,,171,8,6,2,,3760,Kolkata,,win ,,0,82853,creadit card,,47,25,user@yahoo,,2741,153
1092,5020, Virat,,india,60,femal,John Smith,footbal,01-06-2021,4634,,217920,123,4,7,5,4813,18994,,Sunny,Draw,3.7,0,81321,upi,8855,,9,xyz@,9876543210,4941,137
1002,5063,,MI,India,64,Male,None,Basketball,04-09-2023,2573,,380079,18,9,1,2,52029,19020,Chennai, , lose,,3,83748, ,11294,,29,,9876543210,3999,189
1147,5089,Ronaldo,KKR,,64,Other,Rahul Dravid,,05-12-2023,,2954,,198,5,6,4,,6894,Delhi,,Win,7.7,7,84150,cash,,21,26,user@yahoo,,3228,180
1186,5035,Messi,MI,INDIA,20,mal,None,Football,25-06-2020,5357,,,101,8,5,0,,,,Sunny,Draw,5,,84789,,13602,114,28,abc@gmail.com,12345,4269,136
1163,5061,Ronaldo,RCB,INDIA,68,male,None, ,21-08-2020,3399,,542884,135,6,8,5,,16827,, ,Draw,,,80533,creadit card,,,27,xyz@,9876543210,3558,16
1146,5169,Ronaldo,MI,england,13,female,John Smith,Cricket,03-02-2024,990,565,259726,76,4,7,1,16376,,Bangalore,rainy,Win,6.3,4,81818,creadit card,,,12,user@yahoo,,845,114
1089,5075,Dhoni,CSK,sri lanka,43,Other,,Tennis,25-10-2022,-1721,,,193,1,3,0,,18855,Bangalore,Cloudy,Win,6.5,6,84200,,,47,27,xyz@,,692,8
1194,5169,Rohit ,,England,62,mal,John Smith,Cricket,17-02-2021,-1277,,850939,40,3,8,0,37369,,Delhi,, lose,,4,82341,creadit card,,48,3,abc@gmail.com,9876543210,4048,23
1146,5188,,,,39,male,John Smith,Tennis,30-06-2023,,,,197,1,0,1,45326,,,Cloudy,,1.5,3,82422,upiid,,98,20,abc@gmail.com,9999999999,1332,73
1147,5012,,Lakers,INDIA,20,Male, ,footbal,12-05-2023,,,,60,2,5,0,12274,,Mumbai,Rainy,Win,1.9,7,84545,,,22,29,abc@gmail.com,,3037,34
1095,5010,,Barcelona,,16,femal,Rahul Dravid,Tennis,01-05-2022,-1580,-105,,25,9,7,5,12261,7583,,Cloudy,DRAW,,,81468,,1289,53,9,xyz@,,4332,18
1198,5053, Virat,MI,england,41,female,None,footbal,17-08-2021,,,1136852,70,2,3,5,50716,17930, ,, lose,,,84907,cash,8843,9,11,abc@gmail.com,,1274,109
1051,5015,Rohit ,CSK,INDIA,10,Mle, ,basktball,,,,,102,3,1,5,,1381,Chennai,rainy,,6,4,84485,creadit card,,,13,,,1244,44
1160,5007,Ronaldo,KKR,,38,Mle,Rahul Dravid,Tennis,05-12-2023,,712,,69,5,1,3,58600,16407, ,,DRAW,1.3,7,81235,credit card,16547,,26,xyz@,,337,143
1167,5103,Messi,KKR,,38,Male,,Football,26-11-2023,1306,1223,311087,106,2,9,3,43177,15626,Mumbai,,Lose,4.8,6,82714,upiid,11226,118,2,xyz@,,3294,15
1127,5058, Virat,,australia,14,Other,John Smith,Tennis,03-04-2021,,,625961,156,9,0,5,10330,5253,,Cloudy,Win,,,81708,,,7,27,,12345,336,93
1038,5056,Joe Root,CSK,,15,Other,Rahul Dravid,,17-09-2021,537,2874,,106,0,4,1,,,Bangalore, ,DRAW,,1,81145,credit card,,,1,abc@gmail.com,9999999999,1867,127
1081,5039,Joe Root,Barcelona,australia,22,Other, ,Tennis,,1867,2428,,102,0,5,1,52228,,,rainy,Draw,9.5,6,81475,credit card,,,27,,12345,4005,121
1103,5186,Joe Root,,England,10,Mle,John Smith, ,13-04-2020,,,,193,8,3,2,44540,,Chennai,rainy,DRAW,3,3,83923,upiid,3472,,18,xyz@,9999999999,494,23
1128,5129,Hardik,MI,india,61,mal, ,Basketball,27-12-2023,2347,,,18,8,3,2,,, ,,Draw,,5,82921,creadit card,,34,10,xyz@,9876543210,4642,193
1010,5093,Dhoni,Barcelona,australia,32,male, ,Tennis,24-04-2022,,545,,67,4,4,5,2088,,,Cloudy,Draw,,4,81855,netbanking,,,20,xyz@,,3886,71
1184,5137,Smith,CSK,Sri Lanka,19,Male,Rahul Dravid,footbal,20-01-2021,3692,,,185,8,4,0,,,,Sunny,Lose,5.9,,83224,cash,,14,6,user@yahoo,9999999999,160,109
1177,5043,Ronaldo,CSK,,13,Other, ,Tennis,16-10-2023,33,,,69,6,8,0,9205,,,,DRAW,,,83964,cash,18771,39,17,abc@gmail.com,12345,2036,32
1150,5138,Smith,CSK,England,56,male,,footbal,16-11-2022,,2181,733665,112,8,7,1,27852,,Bangalore,Rainy,Draw,,6,83379,creadit card,12,,28,user@yahoo,12345,1741,114
1158,5079,Bumrah,Lakers,australia,52,mal,,footbal,28-01-2021,2399,,1236422,56,6,8,0,,,Chennai,,Draw,,,84938,cash,-964,88,13,abc@gmail.com,,1507,160
1041,5080,Dhoni,KKR,india,59,mal,John Smith,Basketball,29-01-2024,-578,691,,164,8,2,4,7259,,Chennai,rainy,DRAW,,,81604,netbanking,3503,66,6,,,3560,33
1098,5001,Joe Root,Barcelona,India,12,male,John Smith,basktball,24-06-2022,1639,2740,18786,60,1,2,3,,,Kolkata,Sunny,Lose,4.4,,83279,cash,,116,21,,,1375,171
1006,5177, Virat,RCB,INDIA,23,male,Rahul Dravid,Basketball,01-06-2022,,1990,,91,7,0,0,,,Chennai,Sunny,Draw,4.5,,80551,creadit card,-603,,29,xyz@,,1553,13
1143,5139,Dhoni,,,35,femal,Rahul Dravid,,28-09-2022,5419,2372,,29,6,9,0,,17977,Bangalore,Rainy,win ,,6,82004,cash,10476,80,6,user@yahoo,,2281,116
1089,5114,Hardik,,INDIA,47,Male,None,,28-12-2023,5714,,,198,5,5,2,22201,,,Sunny, lose,,4,81836, ,2725,10,22,user@yahoo,12345,1868,137
1111,5089, Virat,MI,England,31,Female, ,Basketball,18-09-2022,4365,,,152,4,3,4,58673,16262,Chennai,Rainy,Win,,2,81124,cash,4909,29,8,user@yahoo,12345,1601,190
1059,5022,Rohit ,Lakers,INDIA,36,Other,,Football,21-03-2021,5909,2437,622188,126,3,7,0,,1888,Mumbai,Rainy,Lose,8.1,4,81382,netbanking,8201,22,22,,,3827,185
1112,5145,,MI,england,55,Other,, ,07-07-2020,,2125,,192,6,1,3,,,Delhi,Sunny,,6.1,1,81770,creadit card,949,,29,,12345,3480,176
1001,5061,Hardik,,Sri Lanka,17,mal,None, ,08-09-2022,3294,,,114,2,1,0,30936,,,Sunny,DRAW,8,6,83863, ,,25,11,xyz@,,1299,171
1128,5112,Rohit ,Lakers,Sri Lanka,36,Male,,Tennis,02-03-2020,,681,,5,7,6,1,,,Chennai,rainy,Lose,7.1,,83400,,,,28,,12345,710,67
1047,5127, Virat,CSK,india,46,male,Rahul Dravid,Cricket,21-11-2020,,1253,434604,17,1,4,4,9628,2345,, ,Win,,,80034,cash,13860,16,5,,9876543210,4167,32
1139,5061,Joe Root,Barcelona,india,57,Female,Rahul Dravid,Football,24-05-2021,,,1060457,9,0,0,0,,8190,,Sunny, lose,6.3,,82204,netbanking,,110,25,abc@gmail.com,12345,2046,73
1196,5037,Smith,Lakers,,10,Mle,,Tennis,28-04-2023,,20,812331,91,1,6,4,,2105,, , lose,7,6,84999, ,734,,23,xyz@,,2881,105
1036,5194,Ronaldo,KKR,england,50,Male,John Smith,basktball,12-05-2023,2833,185,-8582,138,8,6,0,10615,15985,Chennai,,Lose,,7,83344,credit card,,92,6,,,1817,188
1159,5165,Dhoni,RCB,australia,67,mal,Rahul Dravid,,,-10,,134018,192,4,9,3,33838,,,Rainy,Lose,7,1,83014, ,15917,69,21,abc@gmail.com,9999999999,2198,129
1008,5194,Dhoni,RCB,INDIA,40,Mle,Rahul Dravid,,11-03-2022,,,,76,7,5,3,,,Kolkata,Rainy,win ,3.9,3,84491,credit card,,87,3,xyz@,12345,3332,185
1098,5060,Joe Root,Lakers,india,57,Female,, ,12-10-2022,,,346700,100,2,3,4,46249,,Bangalore,Cloudy,Lose,,2,84302, ,822,,15,abc@gmail.com,,1103,113
1146,5128,Ronaldo,,England,,female,,footbal,10-11-2020,,1995,1344832,83,6,7,5,26052,,Chennai,rainy,Win,1.1,,81780,netbanking,,,6,xyz@,,3177,106
1047,5172,Rohit ,MI,INDIA,20,female,Rahul Dravid,Cricket,29-07-2022,-1188,,1170593,192,1,1,2,,,,Rainy,Win,3.3,,81628, ,,,27,,9876543210,3594,69
1130,5155,Smith,CSK,INDIA,57,female, ,footbal,12-05-2023,,,15830,51,7,1,2,54683,18537, ,rainy,DRAW,6.3,1,81329,upi,1950,113,7,abc@gmail.com,,3474,69
1147,5148,Ronaldo,,england,21,Other,Rahul Dravid,Cricket,03-03-2021,4551,1004,55063,194,6,1,1,48465,16709,Chennai, ,win ,,,81559, ,,27,7,abc@gmail.com,9876543210,4815,196
1151,5121,Rohit ,CSK,England,54,female,,Basketball,05-12-2023,-107,,,30,4,2,5,36430,,Kolkata,Sunny,Win,,5,80804,credit card,,6,27,xyz@,9999999999,2177,61
1053,5109,Ronaldo,RCB,England,28,Female, ,Tennis,08-08-2023,,,,144,3,5,2,,17193,,,Draw,7.9,,82509,upiid,,14,27,user@yahoo,,1194,8
1119,5012,Bumrah,Barcelona,Sri Lanka,10,male,,footbal,,2082,,918324,182,0,0,4,39594,7406,Bangalore,Rainy,Lose,,3,84347,credit card,2821,,19,xyz@,9999999999,4501,7
1160,5154,Dhoni,RCB,england,44,femal,Rahul Dravid,Basketball,14-11-2023,,819,1375857,109,4,1,2,38196,12251,Delhi, ,Lose,6.4,,81290,cash,,118,25,xyz@,,535,165
1151,5099,Bumrah,Barcelona,Sri Lanka,8,femal,None, ,04-03-2020,,,,92,8,9,1,34342,,Delhi,Rainy,Lose,9.6,,84304,cash,,69,24,xyz@,9999999999,1069,170
1115,5134,Ronaldo,,england,68,male,,Basketball,20-03-2023,-1694,,1378849,163,9,1,0,37676,9132,Delhi,Cloudy,Win,4.4,6,82586,credit card,,,2,,12345,4369,160
1074,5021,Hardik,MI,,17,female,Rahul Dravid, ,25-02-2021,268,,835627,153,3,0,2,,,Chennai,rainy,Draw,4.7,,84930, ,327,107,8,xyz@,9999999999,132,145
1112,5073,,,,29,femal,Rahul Dravid,,03-08-2022,4953,,,52,8,2,4,,,Delhi,,win ,7.2,7,82550,,8437,20,18,,,263,156
1199,5180,Dhoni,KKR,England,63,mal,None,,29-05-2023,2598,788,126520,144,1,9,4,21668,7604,Kolkata,Rainy,Win,,1,80955,credit card,10690,107,12,xyz@,,4462,70
1163,5131,Smith,CSK,INDIA,68,Female,John Smith,footbal,23-03-2022,,,,85,3,6,1,,10131,,, lose,1.7,4,84609,netbanking,6660,,6,,12345,2052,176
1165,5022,Joe Root,KKR,,24,Other, ,basktball,05-01-2024,1584,1284,,152,8,0,1,,,Delhi,, lose,,,80579,credit card,,6,19,user@yahoo,9876543210,4946,54
1103,5118,Bumrah,CSK,Australia,66,Female, ,Tennis,22-03-2021,5266,1695,,1,3,6,3,41916,7893,Delhi,, lose,,,81937,upi,,88,20,user@yahoo,12345,4089,170
1083,5069,Joe Root,CSK,england,19,Other, ,Football,12-05-2023,-1696,,,85,4,4,3,32593,, ,,win ,9.4,3,81997,,19483,5,28,,9999999999,2847,36
1111,5083,Rohit ,CSK,england,30,Male,,Tennis,05-12-2023,,,1114512,132,7,8,3,58368,11438,,Cloudy,Win,,6,81665,upiid,,42,14,xyz@,9999999999,357,66
1098,5100, ,Lakers,sri lanka,37,female,,Cricket,19-01-2020,,,737600,3,0,1,0,16573,,Kolkata,, lose,8.1,3,82130,,2225,,18,,9876543210,4420,159
1152,5083,Hardik,Barcelona,Sri Lanka,20,male, ,Basketball,14-05-2020,,-262,,163,0,0,4,2319,801,,Cloudy,Lose,4.9,,83740,,,103,1,user@yahoo,,750,193
1092,5160,Rohit ,Lakers,sri lanka,65,Female,None,Tennis,12-05-2023,,-172,,5,8,8,3,48258,,Bangalore,Sunny,,,,82500,upiid,12829,,11,abc@gmail.com,9999999999,3250,3
1145,5027,Messi,RCB,sri lanka,49,Female,None,Basketball,05-12-2023,1298,-180,,148,8,7,4,,1474,,,win ,1.2,,81642,upiid,10331,7,7,,,4351,13
1127,5135,Rohit ,RCB,Sri Lanka,11,male,,Tennis,17-03-2021,,22,1002999,117,3,9,1,50765,18958, ,Cloudy,Lose,9.7,,84712,cash,17767,28,29,,9999999999,2258,159
1109,5000,Rohit ,MI,sri lanka,33,Male,John Smith,basktball,11-04-2022,,505,722773,88,1,5,0,,,Chennai,,win ,,,81497,,,,22,xyz@,,910,29
1081,5164, ,Lakers,sri lanka,32,mal, ,,02-10-2022,3755,,473995,153,8,4,1,18870,18299,Chennai,,,9.6,5,84602,upiid,,,22,xyz@,9999999999,3810,57
1193,5062,Dhoni,KKR,Australia,17,Female,Rahul Dravid,Football,14-01-2023,1929,959,,182,3,7,4,,6953,Mumbai,rainy, lose,,,83204,upiid,,,7,user@yahoo,9999999999,583,161
1053,5021,Hardik,Lakers,england,68,female,,footbal,30-06-2023,4578,,,166,5,7,5,57841,12441,Chennai,,DRAW,,,80621,netbanking,,112,12,xyz@,,3438,181
1162,5069,Hardik,Lakers,india,26,mal, ,Cricket,12-05-2023,,231,595048,160,0,4,5,,4011,Delhi,,win ,4.2,,83144,cash,,,0,abc@gmail.com,12345,576,10
1188,5124,Smith,RCB,,40,female,John Smith, ,08-02-2024,,,793315,13,8,6,3,42826,759,,Rainy,Win,9.4,,81951,netbanking,12909,,27,abc@gmail.com,12345,2576,63
1168,5148,Rohit ,CSK,england,12,femal,None,footbal,16-01-2021,,2519,362824,55,4,0,5,16088,,Bangalore,Cloudy,Lose,,2,81459,upi,,,23,abc@gmail.com,9876543210,1871,73
1160,5095,Hardik,MI,sri lanka,22,male,,Cricket,27-10-2021,5980,,,80,2,3,1,44521,,Bangalore,Sunny,,1.4,3,80292,upiid,6504,,9,abc@gmail.com,9876543210,1152,193
1067,5162, Virat,Lakers,,19,Other,, ,16-10-2020,,,,148,3,1,5,44020,15588,Chennai,Rainy,Draw,,2,80654,netbanking,,,27,xyz@,9876543210,4990,108
1032,5078,Smith,MI,Australia,48,Other, ,Basketball,22-11-2021,3247,,448845,45,0,9,2,,18535,Kolkata,,,7.2,5,82984,,16330,112,29,,12345,1783,101
1141,5004, Virat,KKR,india,20,femal,John Smith,Cricket,18-08-2020,3782,681,,143,8,2,0,,,Kolkata,,Lose,,,83843,netbanking,9951,65,29,,9876543210,1093,96
1020,5059, ,,Australia,29,mal,Rahul Dravid, ,25-03-2023,1339,,1371652,15,7,0,4,38236,,Bangalore, ,win ,3.3,,82804,cash,8199,,20,,,2099,97
1047,5119, Virat,CSK,England,50,Female,John Smith,footbal,15-03-2021,,1631,365387,119,3,1,3,52877,5677,,Cloudy,Win,,2,82714, ,7307,,23,abc@gmail.com,9999999999,4532,2
1147,5045,,CSK,India,54,female, ,Basketball,04-12-2020,,1801,683817,83,1,0,1,,19282,,Sunny, lose,,,81621,netbanking,11464,91,8,user@yahoo,9999999999,2141,110
1127,5177,Joe Root,,Australia,36,female,John Smith, ,12-10-2022,390,982,,156,8,7,0,29621,13373,Bangalore,Sunny,Win,,,84014, ,,,28,,12345,2133,130
1135,5175,Ronaldo,KKR,India,9,Other,Rahul Dravid, ,26-01-2023,,,1302547,7,3,3,3,,7006,Kolkata,Cloudy,Win,5,,83253,cash,-336,70,1,abc@gmail.com,,517,123
1134,5133, Virat,RCB,England,63,Female,, ,,,381,201492,87,8,2,1,9779,17555,,rainy, lose,,,82846,cash,16943,6,18,user@yahoo,12345,741,197
1194,5055, ,,sri lanka,36,Mle,, ,29-01-2021,3279,2052,1150486,130,9,0,5,4823,15146,Bangalore,, lose,,5,84880,upiid,12928,65,21,user@yahoo,,2477,116
1144,5109,Joe Root,Lakers,Sri Lanka,12,Mle,None,Football,04-02-2020,,899,1101083,18,2,1,4,5040,13045,Mumbai,,Draw,1.1,,84862,,11272,,24,,12345,4958,37
1127,5186, ,,INDIA,61,Mle,None,Football,22-04-2022,1315,,499835,96,6,2,2,59977,,Chennai,rainy,Lose,5.4,1,83505, ,11273,20,13,xyz@,9876543210,2876,130
1032,5156, ,Barcelona,india,23,Male,Rahul Dravid,basktball,29-09-2021,3533,208,,65,6,2,2,,2907,,rainy,Draw,9.2,0,80518,upiid,,,9,,9876543210,42,61
1175,5198,Rohit ,Barcelona,India,46,male, ,Basketball,14-07-2021,,941,135601,78,9,5,5,,9050,Mumbai,,Lose,,,82685,upi,,,9,,9999999999,3441,40
1186,5103, ,,England,41,femal,None,Tennis,28-12-2023,1411,1507,,85,3,9,4,,, ,Rainy,win ,4.6,,80027,,,112,7,abc@gmail.com,,403,191
1114,5076, Virat,CSK,England,26,Male,John Smith,Basketball,02-10-2022,,,160098,123,1,7,0,,8459,Chennai,Cloudy,DRAW,,,80265, ,,11,13,xyz@,,1326,25
1118,5145,Ronaldo,Lakers,INDIA,43,male,, ,12-05-2023,896,,717409,149,8,5,4,,,Mumbai,Rainy,,,7,81306, ,,23,12,xyz@,,2216,123
1021,5001,,KKR,australia,18,mal,John Smith,,25-07-2022,,1220,,45,3,1,5,,17774,Chennai, ,win ,,,84053,,,95,5,,12345,2149,166
1157,5007, ,KKR,Sri Lanka,17,Mle,John Smith,footbal,23-03-2023,,,,112,7,1,1,57149,,Chennai,rainy,Lose,8.8,,83454,upi,,,20,user@yahoo,,2393,37
1037,5074, ,CSK,INDIA,43,Male,None,Cricket,06-09-2020,,1681,1380348,90,1,6,0,57823,,,,,7.9,0,80810,netbanking,,98,29,xyz@,12345,2650,27
1108,5181,Hardik,RCB,sri lanka,69,Female,Rahul Dravid,Cricket,10-01-2020,,,,140,7,0,2,58813,,,,Lose,,,84676,cash,12652,62,12,user@yahoo,,4537,84
1050,5124,Messi,MI,england,28,mal,,Cricket,05-12-2023,2610,1426,770597,32,9,0,5,,,Delhi, ,Draw,,,83390,upi,1404,1,2,abc@gmail.com,12345,4345,178
1181,5037,Bumrah,Lakers,Australia,11,Mle,John Smith, ,11-06-2020,,,490041,132,4,6,1,,1820,,,DRAW,,,80610,upi,,,27,user@yahoo,9876543210,877,162
1007,5175,Joe Root,Barcelona,Australia,15,Mle, ,Football,,,,,76,6,8,5,,16910,,,Win,5.5,,84288,netbanking,,31,19,abc@gmail.com,,1886,44
1026,5026,,Lakers,Australia,51,Male,,Basketball,27-12-2023,2137,1200,,154,6,4,3,,,,rainy,DRAW,,3,82274, ,5785,,28,xyz@,12345,1303,72
1026,5019,Messi,KKR,India,12,female,John Smith,Football,20-05-2020,1391,-430,,120,8,0,3,39488,5951,Chennai, ,win ,6.6,,84546, ,,36,12,abc@gmail.com,,1740,132
1020,5139,Joe Root,CSK,INDIA,34,Other, ,Cricket,30-08-2020,2388,2221,537669,127,2,4,3,,,Kolkata,rainy,,2.2,,80202,upiid,,28,22,abc@gmail.com,9999999999,1112,180
1029,5042,Bumrah,Lakers,india,41,female, ,Basketball,04-03-2020,,-341,,77,9,0,2,40240,8254,Mumbai,rainy,DRAW,,,80401,cash,9186,0,22,xyz@,9876543210,3876,55
1096,5188,Ronaldo,,INDIA,42,Mle,,basktball,04-06-2020,556,2855,,151,3,9,4,16072,,Bangalore,,Draw,,,82027,creadit card,9222,,18,,9876543210,1898,73
1027,5030,Smith,Lakers,england,9,Female,,Basketball,29-03-2022,,164,1041152,66,9,8,0,,,, , lose,,,83850,credit card,12036,73,15,xyz@,,247,12
1110,5090,,MI,India,47,mal, ,footbal,05-12-2023,,-80,,114,3,3,2,13395,1269,Delhi,,,,,80889,cash,,50,3,user@yahoo,9999999999,3260,142
1191,5060,,RCB,england,54,Other,,basktball,23-12-2023,,,,62,9,8,1,,5403,Bangalore,rainy,DRAW,,1,80178,,7959,,2,,,567,163
1196,5194,Bumrah,MI,England,18,Female, ,basktball,19-12-2021,,988,,112,4,1,1,,,Chennai,Sunny,,,,81979,netbanking,,45,14,,9999999999,3809,6
1060,5108,Dhoni,MI,India,54,male,John Smith, ,12-05-2023,-1965,232,415709,93,5,6,3,9695,16081,Bangalore,rainy,Draw,4.8,,82510,cash,,65,14,,,1188,47
1047,5090,Messi,KKR,india,67,Other,Rahul Dravid,footbal,20-05-2021,,,440559,47,2,1,0,,, , , lose,8.5,4,82882,upi,12895,75,17,,,2595,151
1146,5162, Virat,,,28,Other, ,Cricket,19-04-2021,2067,1942,67734,190,3,3,3,,19348, ,Sunny,Win,1.4,5,83984,cash,,,21,,,1353,115
1003,5094,Rohit ,Lakers,,31,male,John Smith,Tennis,05-12-2023,-727,58,,11,2,5,1,26399,,Kolkata,Rainy,Win,8.8,2,82044, ,19053,,6,abc@gmail.com,,3612,68
1034,5142,Dhoni,Barcelona,india,10,male,Rahul Dravid, ,10-02-2021,1927,,936944,155,1,1,1,52364,,,rainy,,3.6,,82983,upiid,10789,45,19,,9876543210,980,193
1191,5143, ,Lakers,Sri Lanka,17,Female,, ,12-07-2021,,562,,171,9,1,4,,,Delhi,,Lose,9.8,6,80350,credit card,,,4,,9999999999,4965,59
1048,5012, ,CSK,,65,Male, , ,23-11-2021,4467,572,297880,170,8,1,4,,12741,Mumbai,rainy,win ,,,84282,cash,2006,,7,,9999999999,168,137
1016,5112, Virat,,INDIA,14,male,None,Football,20-04-2022,,,576482,144,0,2,4,26726,, ,,Win,,,83418,creadit card,,,24,,9876543210,3164,119
1171,5034, Virat,Lakers,India,51,Female,,,05-12-2023,4217,2853,747497,39,1,4,3,,,Bangalore,Cloudy,DRAW,8.7,,83830, ,1517,,22,,,2671,186
1157,5186,Hardik,,INDIA,22,Other,Rahul Dravid,Football,25-06-2020,3925,2071,1333679,176,7,8,5,,19505,Delhi, ,,,7,81967,cash,,,9,xyz@,,378,48
1045,5148,Joe Root,KKR,England,8,male,None, ,10-08-2023,5885,1189,233488,84,6,5,0,11450,13726,Chennai,,Win,,2,84404, ,9464,,29,user@yahoo,9876543210,1932,191
1116,5181,Hardik,Barcelona,INDIA,32,Female,John Smith,Football,05-12-2023,,,1308374,56,0,8,4,,,Bangalore,Sunny,DRAW,2.3,,82224, ,,112,0,,9876543210,193,9
1005,5157,Bumrah,MI,india,8,female,,,06-12-2022,-294,,,86,4,9,2,,6132,,Sunny,win ,2.7,4,84522,upiid,6575,,10,user@yahoo,12345,263,172
1098,5047,Smith,Lakers,Australia,44,Mle,Rahul Dravid,Tennis,30-06-2021,,,5052,83,9,4,4,,, ,Sunny,Lose,,,82787,netbanking,18188,,29,user@yahoo,,1471,46
1123,5034,Messi,,india,11,mal, ,,27-08-2023,-1980,,207773,191,5,5,3,25654,12328,Delhi,rainy,win ,,,84626,,,,2,xyz@,12345,2015,143
1036,5085, Virat,KKR,India,60,male,,Tennis,30-06-2022,4832,2146,,184,4,9,0,,,Delhi, , lose,,0,84343,,,,26,abc@gmail.com,9876543210,4616,181
1023,5165,Joe Root,MI,,32,femal,,,10-03-2022,490,,261441,120,3,7,4,,,Delhi,Rainy, lose,7.4,,84311,creadit card,3535,,20,user@yahoo,12345,1300,176
1092,5158,Messi,,england,57,Other,,,22-01-2022,,,1003624,73,0,2,0,18577,8437,Delhi,,,,2,84808, ,6828,13,2,user@yahoo,9876543210,3200,72
1045,5151,Bumrah,Lakers,INDIA,44,Other,, ,04-04-2023,-1263,,,106,6,1,2,,,Chennai,,Lose,9.4,0,80437,credit card,,,14,xyz@,,3373,128
1180,5113,Smith,KKR,INDIA,15,female,,,12-07-2022,1580,1522,,123,8,2,1,,14064,Delhi,Cloudy,Draw,9.2,0,82358,upiid,14751,,16,user@yahoo,9876543210,573,170
1094,5176,Dhoni,RCB,Sri Lanka,62,mal,,basktball,31-01-2021,,2636,,197,5,8,0,38471,,,,,,,83854, ,12297,76,17,,9999999999,1537,110
1098,5099,Hardik,,INDIA,22,female,None,Cricket,23-05-2023,,2281,,99,2,5,5,38770,9747,Bangalore,,DRAW,7.7,,80382, ,,69,7,abc@gmail.com,9876543210,1383,145
1187,5159,Bumrah,Lakers,sri lanka,56,female, ,,08-01-2022,5033,,,42,9,9,4,,1184,Chennai,Rainy,Win,3.2,3,84216,netbanking,,60,22,,,1380,35
1115,5182, ,KKR,australia,48,Female,,footbal,05-12-2023,,2619,1345947,118,3,3,3,,5798, ,Cloudy,Lose,7.2,,80406,netbanking,,56,12,xyz@,,3537,159
1190,5185,,,Sri Lanka,10,male, ,footbal,20-11-2023,4362,352,924942,22,9,9,5,49575,5841,Bangalore,Sunny,Win,4.7,,84340,,1863,23,9,user@yahoo,,3159,132
1159,5098,Hardik,KKR,england,44,femal,John Smith,basktball,09-02-2020,,,1015137,154,4,2,5,26920,9950,Delhi,,win ,,,80065,upiid,,18,2,xyz@,9876543210,1523,48
1160,5002,Rohit ,Barcelona,England,42,mal,,basktball,10-07-2023,5519,262,,185,0,1,3,,,Delhi, ,Lose,,,82989,credit card,12425,40,19,,,4991,142
1066,5196,,RCB,Sri Lanka,12,Male,None,Cricket,28-08-2022,,,1427606,36,4,3,3,,4769,Delhi,,,3.4,,80227,cash,,76,13,abc@gmail.com,9999999999,4612,153
1127,5084,Hardik,Barcelona,,9,femal,None,Cricket,12-05-2023,4946,,,133,0,8,3,36866,,, ,win ,,2,84977,creadit card,,,12,abc@gmail.com,9876543210,3932,46
1017,5124,Bumrah,,India,49,female, ,Tennis,12-05-2023,3117,,,64,8,3,5,,16416,Chennai,rainy,Win,,3,82184,,,69,2,,12345,3622,48
1024,5137,,Barcelona,australia,60,Other,John Smith,Basketball,08-11-2021,3557,1197,,133,6,4,0,7407,,Kolkata,rainy,win ,,3,82241,cash,8609,1,12,,9999999999,895,168
1053,5082, Virat,Lakers,india,66,Male,,Basketball,24-12-2023,-76,350,,177,2,7,3,,,Bangalore,, lose,,7,84801,creadit card,,,19,xyz@,,3393,178
1057,5024,Smith,RCB,INDIA,38,Other,None,basktball,01-05-2023,,,,21,8,1,1,,5437, ,Sunny,,,,84753,credit card,278,,23,xyz@,9999999999,464,7
1066,5067,Bumrah,CSK,India,67,mal,John Smith,Basketball,09-06-2023,-1736,2868,,104,1,2,5,,, ,Sunny,Win,,0,81512,creadit card,,,24,,12345,1610,95
1103,5060, Virat,Barcelona,,44,mal,,,05-11-2021,,-146,,87,6,5,5,812,10303,Mumbai,Sunny,win ,2.7,,80929,cash,,73,22,xyz@,9876543210,612,60
1173,5028, Virat,,India,49,Female,,Tennis,27-11-2023,,,877612,152,8,6,5,39133,,Kolkata,Rainy,Draw,,,84036,cash,4343,,8,abc@gmail.com,9876543210,3212,35
1023,5126,Hardik,MI,,32,Other,John Smith,footbal,25-12-2021,,1320,244285,124,5,3,2,,2577,Mumbai, ,Draw,1.2,,82603,cash,,55,29,user@yahoo,9999999999,604,191
1113,5018,Smith,Lakers,INDIA,26,Other,None, ,05-12-2023,,,,78,9,0,0,32234,13743,Mumbai,rainy,win ,5.7,,81180,cash,,64,24,abc@gmail.com,9999999999,620,148
1031,5170,Bumrah,KKR,sri lanka,51,Male,Rahul Dravid,footbal,,5387,513,,89,4,6,0,,,Delhi,rainy,,,,81039,upiid,15187,61,15,,,2602,144
1174,5193,Bumrah,CSK,INDIA,47,mal,,Basketball,17-08-2020,,320,791611,199,6,8,3,,1165,Kolkata,Cloudy,Win,,,81101,creadit card,,22,22,abc@gmail.com,,2183,150
1085,5073, ,MI,India,32,Other,,Basketball,11-01-2024,,,,50,5,0,5,,,Delhi,rainy,win ,1.9,,82099,,,92,22,user@yahoo,,3800,164
1150,5060,Joe Root,Barcelona,england,36,female,Rahul Dravid,Football,04-07-2022,,,623558,175,4,0,5,26587,14988,,Cloudy,Lose,,1,80513,upiid,,36,7,abc@gmail.com,9876543210,155,19
1193,5170,Messi,MI,england,66,mal,John Smith,Football,02-04-2023,,,1187012,101,1,0,3,,16806,Delhi,,,,,84839,credit card,5724,,11,,,3353,130
1126,5152,Joe Root,KKR,,55,male,John Smith,basktball,15-10-2021,,,1335675,197,7,9,0,,6757,,,Draw,,1,83132,upi,,,25,,9876543210,3911,68
1154,5019,,KKR,Sri Lanka,23,Male,,footbal,12-10-2023,-262,1290,778177,105,6,6,3,,,Delhi,rainy,Lose,,1,81832,creadit card,18100,,27,user@yahoo,12345,2917,98
1129,5047,,RCB,sri lanka,51,femal,None,Cricket,11-03-2021,2548,,1251872,192,5,8,3,54623,7717,Mumbai, ,Win,9.6,7,84638,creadit card,,,11,user@yahoo,12345,3117,7
1016,5086,Bumrah,CSK,australia,39,Male,Rahul Dravid, ,15-05-2022,5967,-473,763332,59,4,2,3,,17351,Kolkata,,,9.7,,82457,cash,,,18,user@yahoo,9999999999,2715,47
1103,5151,Hardik,Barcelona,,47,mal,,Cricket,26-05-2023,,,753413,45,4,7,3,,, , ,win ,7.7,,82202,,,,23,user@yahoo,9999999999,4339,177
1160,5138,Dhoni,RCB,sri lanka,24,male,,Tennis,,3485,,603983,35,8,8,3,33707,16661,Kolkata,Cloudy,,,,82680,netbanking,,24,16,xyz@,,449,43
1136,5109,Bumrah,MI,australia,30,Female,,basktball,12-05-2023,,-411,,185,0,2,4,,14494,Delhi,,Win,6.5,1,82098,,,,28,abc@gmail.com,9999999999,4849,32
1042,5182,Rohit ,RCB,Australia,,male,None, ,,1230,,,165,8,2,4,21314,,Kolkata,,Draw,3.4,,83166,,18018,12,14,xyz@,9876543210,4501,145
1175,5027, Virat,Lakers,england,48,male,,footbal,30-07-2020,,1584,98945,10,5,0,5,,5962,Bangalore, ,Draw,,3,81927, ,14440,6,21,,,3961,128
1038,5196,,CSK,INDIA,37,female,Rahul Dravid,,04-08-2021,,,,11,3,1,5,,11656,,Cloudy,Draw,,2,84450,cash,3260,92,17,abc@gmail.com,,1069,119
1169,5190,Ronaldo,KKR,australia,38,femal, ,Cricket,09-04-2022,,,,169,9,6,4,8892,,Chennai,rainy,win ,5.1,,83116, ,12586,78,6,,9876543210,4017,14
1025,5058,Bumrah,KKR,india,66,femal,Rahul Dravid,Football,05-05-2021,-1052,,,38,6,2,0,13317,19530,Delhi,rainy, lose,1.1,,82887,creadit card,,,12,abc@gmail.com,12345,4844,81
1098,5132,Rohit ,Lakers,sri lanka,65,male,John Smith,Tennis,05-03-2023,,,,198,8,6,2,,,Mumbai, , lose,9.3,,84343, ,15681,59,18,,9999999999,3591,160
1049,5050,Rohit ,,england,17,Female,Rahul Dravid, ,02-12-2023,-1946,1832,,138,4,4,0,,3212,Kolkata,,,4.9,,84628,,7020,,15,,,2819,188
1152,5148,Messi,RCB,INDIA,37,mal,,Football,05-07-2023,,2235,,35,4,9,5,51874,770,Chennai,Rainy,,8.1,,83530,credit card,,,10,,9876543210,2285,188
1151,5011,Smith,CSK,Australia,42,femal,,Football,17-05-2021,,1832,,51,7,7,4,3122,,,,Draw,1.2,7,80789, ,17549,,25,,12345,2035,52
1012,5049,,KKR,england,64,Male,Rahul Dravid,Tennis,02-11-2020,4783,,,30,6,4,0,,14819,Delhi,,DRAW,6.4,,81300,credit card,4805,119,4,,12345,1190,194
1059,5131,Bumrah,KKR,,31,femal,John Smith,Cricket,14-01-2023,1342,,,32,7,2,2,,8815,, , lose,6.3,,81947,netbanking,19161,100,25,xyz@,12345,1399,4
1134,5112,Smith,CSK,India,22,Other, ,Football,12-12-2020,,,119454,140,9,8,3,,2192,Delhi, , lose,6.6,2,82242,credit card,13051,,1,user@yahoo,,3740,191
1056,5169,Dhoni,KKR,Australia,17,Female,John Smith,Cricket,31-12-2023,-414,-18,,145,1,6,1,,,, ,,6,,81094,creadit card,16186,,0,xyz@,,2248,33
1035,5165,Hardik,KKR,england,26,Mle,Rahul Dravid,Football,04-10-2022,,460,16231,168,8,4,4,22975,12156, ,Cloudy,Win,,1,81358,credit card,18885,,15,,12345,2793,106
1172,5152,Ronaldo,,INDIA,48,mal, ,,12-09-2023,1324,1951,,57,2,6,4,45370,13355,Mumbai,Rainy,,,,83656,upi,,,4,xyz@,,723,129
1019,5013,Hardik,Lakers,sri lanka,54,male, ,Basketball,29-04-2022,4590,-353,259977,183,5,9,2,19723,17366, , ,Draw,9.7,,80307,upiid,,,24,,,1441,97
1064,5031,Rohit ,Barcelona,,19,Female,Rahul Dravid,,29-07-2023,,684,1264232,151,5,8,3,,,,Rainy,DRAW,,2,81450,upi,,,24,xyz@,,4820,64
1007,5138, Virat,RCB,india,69,male,None,Cricket,15-07-2020,,,596018,127,1,4,3,,3764,Delhi,Sunny,Lose,,0,82123,netbanking,7138,55,6,xyz@,9999999999,86,128
1143,5188, Virat,MI,Sri Lanka,69,Female,None,Cricket,21-02-2023,,,1298921,30,6,6,1,,,Bangalore,,,,6,84882, ,4423,,29,xyz@,9876543210,4149,37
1141,5145,Smith,,Sri Lanka,32,male, ,Cricket,12-05-2020,3753,,729343,54,8,8,3,,,Delhi,rainy,Lose,1.7,3,82842,upiid,,,8,user@yahoo,,1751,126
1114,5154,Hardik,MI,England,24,femal,John Smith,Basketball,17-08-2022,2180,,,9,9,0,2,49042,17881,,rainy,DRAW,,7,81664,,1694,,3,,9999999999,3420,70
1142,5054,Rohit ,CSK,,64,mal,Rahul Dravid,,04-12-2022,403,,,187,0,3,5,,3790,Kolkata,rainy,win ,8.1,0,83948,,17616,,18,xyz@,9999999999,4837,135
1091,5181,Messi,Barcelona,,18,Other,None,Tennis,17-01-2024,,,337906,129,7,0,3,,17518,Chennai,,Lose,5.8,7,81394, ,,65,26,xyz@,9999999999,2483,104
1097,5119, ,,england,31,Male,None,footbal,27-03-2023,,337,186030,14,1,7,5,26831,18304,Mumbai,Cloudy,DRAW,4.4,1,84072,netbanking,,100,19,abc@gmail.com,,3212,152
1065,5074,Hardik,MI,england,55,Mle,John Smith,basktball,01-09-2020,,,,2,0,2,5,,,Delhi,, lose,5.3,,83634,netbanking,19425,,14,,9876543210,3922,114
1031,5020,Smith,KKR,INDIA,9,female,John Smith, ,11-06-2021,,-360,266686,42,7,1,2,7944,299,Mumbai,Cloudy,Win,,,80214,netbanking,,,6,,9999999999,2489,196
1190,5171,Ronaldo,Barcelona,India,35,mal,Rahul Dravid,Tennis,16-06-2020,,,,158,1,3,4,,3854,,,Draw,1.6,5,83072,,,77,23,,9876543210,1486,55
1085,5132,Smith,Barcelona,England,59,Mle,John Smith, ,30-10-2022,4433,,,197,5,2,4,,16663,Kolkata,,DRAW,,,84054, ,313,,17,abc@gmail.com,12345,3527,121
1050,5086,Rohit ,Lakers,,27,Male, ,footbal,25-07-2022,1149,,345026,66,5,4,4,,,,,Win,,6,84472,creadit card,17903,,4,abc@gmail.com,9876543210,72,123
1152,5168,Bumrah,Lakers,england,17,male, ,footbal,07-02-2024,198,,31265,55,4,7,0,,,,Sunny,,,,82459,credit card,,,20,,,724,3
1185,5058,Messi,MI,Australia,10,male, ,Tennis,29-09-2022,1423,,603098,62,7,9,4,,,Kolkata,rainy,Draw,,,83706,upi,13012,,28,abc@gmail.com,,3754,92
1062,5088,Rohit ,RCB,australia,37,Male,None,basktball,05-10-2023,1053,370,,14,2,7,2,,1057,Delhi,Sunny,Lose,4.9,,83271, ,,29,24,xyz@,,2995,151
1189,5181,Messi,Lakers,india,34,femal, ,footbal,27-08-2023,-72,,,108,9,6,1,52956,,Mumbai,,win ,,,81206,upiid,14483,,28,,,4365,164
1124,5149,Joe Root,Barcelona,india,53,Male, ,Tennis,13-01-2021,,161,,115,3,7,3,26044,9288, ,,,2,,80409,upi,9737,,28,abc@gmail.com,12345,218,185
1149,5082,,Barcelona,india,64,female, , ,02-10-2023,,,,91,6,4,4,22969,6613,Chennai,,Lose,4.6,,83469,cash,16016,17,12,abc@gmail.com,9999999999,546,119
1057,5064,Joe Root,KKR,England,42,mal, ,Football,13-10-2023,,952,211492,137,6,9,0,49210,,Delhi,,Win,3,3,80215,credit card,4776,,2,,9876543210,3729,176
1057,5063,,Lakers,,62,Mle,Rahul Dravid,Basketball,27-07-2022,1089,,915131,165,7,9,5,,19120,Chennai,, lose,,,84847,cash,8247,100,27,user@yahoo,9876543210,1968,141
1085,5070, Virat,MI,England,22,Mle, ,Football,21-02-2023,2478,,416048,46,1,5,0,,,Delhi,Sunny,DRAW,,,80348,upi,1655,,5,,,4516,61
1048,5003,Messi,CSK,India,33,male, ,basktball,28-11-2021,,,,56,1,7,2,,, ,rainy,DRAW,,1,83651,cash,,,25,user@yahoo,9999999999,1259,152
1179,5192,Hardik,RCB,Australia,16,Mle,None,,13-07-2020,,,,49,3,0,1,52218,10286,Bangalore,Cloudy, lose,2.5,4,82878,creadit card,,,11,user@yahoo,,2933,171
1169,5142,Ronaldo,Lakers,australia,61,femal,Rahul Dravid, ,29-01-2024,2239,,1013944,70,9,5,4,40495,,Mumbai,Cloudy,win ,,3,83665,,,,20,,12345,2509,101
1069,5103, ,Barcelona,INDIA,48,Female,Rahul Dravid,Football,01-02-2023,362,2568,1316950,142,8,5,4,29927,,Bangalore,rainy,DRAW,1.9,2,84749,upiid,,,17,user@yahoo,9999999999,4008,116
1014,5149,Smith,,sri lanka,30,Female, ,basktball,11-04-2022,368,-180,798297,145,9,4,0,41402,14640, , ,Draw,,,83069,cash,,,17,user@yahoo,,4072,33
1053,5174,Joe Root,RCB,india,21,Mle,None,,03-05-2020,,,,81,8,3,2,26659,,Kolkata,Sunny,Draw,9.7,,83994,upiid,,19,3,user@yahoo,9999999999,4680,78
1187,5092,Smith,Lakers,india,68,femal,,footbal,23-04-2022,,,,115,3,0,0,17034,, ,Sunny,Lose,1.7,2,83112,cash,15865,36,27,abc@gmail.com,,1562,24
1100,5173,Smith,RCB,Australia,33,Other,None,,12-05-2023,,-229,,104,8,9,0,,17557,,Rainy,Draw,8.1,3,80002,netbanking,10568,70,19,xyz@,,2085,150
1007,5141,Ronaldo,,,34,Other,None,,12-01-2024,,339,,87,2,7,1,,1949,Mumbai,Cloudy,Lose,2.2,4,81117, ,,,22,,,1789,52
1052,5177,Rohit ,MI,India,64,Male,Rahul Dravid,basktball,16-03-2021,-1138,2208,,1,4,5,2,30874,,Chennai,rainy,Lose,6.4,1,81082, ,13720,,13,abc@gmail.com,9876543210,3669,101
1059,5147,Smith,Barcelona,australia,34,Other,Rahul Dravid,footbal,09-01-2022,,,,103,9,2,1,59162,13835,Mumbai,Rainy, lose,,,84502,cash,,,27,user@yahoo,9876543210,2481,116
1107,5177,Messi,CSK,Australia,37,Female,John Smith,Basketball,04-04-2022,-1010,,,83,8,2,2,36547,13292,Kolkata,,,,,81517,,17710,,13,user@yahoo,,3430,123
1004,5111,Ronaldo,KKR,sri lanka,54,femal,,Cricket,30-09-2020,,,,42,5,5,4,,8313,Delhi,Cloudy, lose,,2,84846,upiid,3958,51,0,,9999999999,204,6
1102,5160,,MI,Australia,36,male, ,footbal,03-01-2020,3017,,,153,2,6,3,51718,,Delhi, ,,,,81895,creadit card,6031,75,10,abc@gmail.com,,741,147
1195,5118,Joe Root,Barcelona,,36,female,None,Football,12-05-2023,5093,,,70,9,7,5,,12146, ,, lose,,0,83579,creadit card,,,21,,9876543210,2888,76
1005,5058,Bumrah,,India,68,mal,None, ,,-705,1989,546761,165,8,4,3,,,Mumbai, ,win ,,3,82633,upiid,1769,108,26,,9876543210,3494,90
1108,5042,Smith,KKR,Australia,32,Other,None,Basketball,13-02-2020,5202,,591346,93,5,9,2,43453,,Mumbai,rainy, lose,5.2,,84983,credit card,9096,93,28,abc@gmail.com,,4263,157
1115,5011, Virat,CSK,australia,37,mal,,,25-09-2022,,,862909,41,3,5,3,,18021,Delhi,rainy,,,7,82379,upi,,,8,user@yahoo,9876543210,4737,123
1093,5039,Ronaldo,Barcelona,india,31,Other,,,,410,159,585932,132,3,0,0,13321,12980, ,,Win,2.1,,81012,netbanking,,,17,,,1105,64
1046,5117,Rohit ,KKR,,29,female,Rahul Dravid,Tennis,03-05-2022,5731,,,138,7,5,4,17416,13195, ,Sunny,DRAW,8.9,2,84264,netbanking,1184,103,27,abc@gmail.com,12345,1823,142
1098,5019,Dhoni,Lakers,,28,male, ,Basketball,09-06-2022,3623,,,64,6,8,5,,18371, ,Cloudy,Win,5.7,5,82823,cash,12758,,4,user@yahoo,,2647,81
1054,5165,Joe Root,Lakers,India,50,Male,,Basketball,05-04-2021,-1306,,473425,33,0,9,5,48820,10056, ,Sunny,Lose,,6,80848, ,16608,25,9,abc@gmail.com,9876543210,4197,158
1167,5130,Joe Root,Lakers,,33,Other,John Smith,basktball,17-12-2023,,184,,119,5,3,5,,,,Sunny,Win,7.2,,81704,cash,,,14,,12345,88,71
1051,5155,Dhoni,RCB,Sri Lanka,16,Mle,John Smith,,20-11-2022,,,,0,7,9,4,,18215,Mumbai,,Lose,1.8,,84093,,,,26,xyz@,,3381,149
1143,5183,Messi,Lakers,India,54,mal,John Smith,Tennis,01-05-2023,2969,,,129,2,0,3,,1368,, , lose,3.5,2,80205,netbanking,9188,79,9,xyz@,,4703,65
1012,5089,Bumrah,,India,41,Female,John Smith,basktball,10-06-2022,5534,,531852,147,8,8,5,53713,, ,,Draw,7.4,3,81892,credit card,8999,38,15,abc@gmail.com,12345,3511,113
1113,5093,Joe Root,MI,England,21,Female,None,Basketball,20-06-2022,1894,69,,60,9,3,5,11675,1674,Chennai,Cloudy,Win,8.6,,80520,upiid,,86,3,user@yahoo,9999999999,2206,102
1123,5012,Joe Root,CSK,india,23,Other,, ,26-12-2020,,2599,,148,1,1,2,55320,,Bangalore,rainy,Lose,,4,83576,upi,5205,34,3,user@yahoo,9999999999,3185,4
1105,5065,Rohit ,RCB,australia,21,Other, ,Basketball,30-08-2022,,1759,1427762,87,5,0,0,4950,,,Rainy,,4.6,,82351,cash,,109,7,xyz@,9876543210,4381,174
1157,5036,,Lakers,India,53,Other,John Smith,basktball,04-07-2021,-926,,,67,0,2,2,,1280,,Cloudy, lose,5.1,7,82134,creadit card,,7,29,,9999999999,864,136
1146,5176,Joe Root,RCB,England,20,mal, ,Cricket,23-06-2022,,-305,1194233,126,1,6,3,31980,,, ,win ,,5,84838,upi,10164,,5,,,54,146
1144,5065,Ronaldo,CSK,australia,44,male, ,Cricket,08-01-2022,3248,798,,139,4,9,4,,10737,Kolkata,,Draw,,4,82475,credit card,6081,,22,xyz@,9876543210,4671,60
1119,5035,Messi,MI,england,20,mal, ,Cricket,,,,,21,0,1,4,,,Delhi,,Draw,,,84545,upiid,4604,38,10,,12345,2080,45
1062,5181,Bumrah,Lakers,sri lanka,68,Other, ,Basketball,25-10-2022,,2552,1183710,147,7,8,2,11562,14384,Mumbai, ,DRAW,,2,80785, ,-60,,27,xyz@,9876543210,557,72
1018,5025, Virat,,Australia,63,male,None,Cricket,09-07-2021,5073,695,,81,0,1,1,,,Mumbai,Cloudy,,1.7,,84097,upiid,-218,30,24,abc@gmail.com,9999999999,4826,95
1091,5074,Bumrah,KKR,England,54,male, ,,08-01-2020,1621,967,725494,128,8,4,2,,,Bangalore,,Lose,,3,82790,netbanking,,,12,,12345,992,31
1057,5199,Messi,Barcelona,england,50,femal,,Cricket,31-01-2021,,,1089773,29,9,7,1,8097,6338,Chennai,rainy,Lose,,1,82157,cash,,,18,xyz@,9999999999,4896,156
1182,5107,,KKR,England,58,female, ,Football,01-11-2020,-1106,-442,877639,125,2,9,2,,15339,,,Win,,5,80678,credit card,,,10,xyz@,9876543210,4291,120
1089,5167,Hardik,Lakers,INDIA,47,Other,John Smith,basktball,02-01-2021,333,2383,,96,1,7,1,,, ,rainy, lose,8.1,3,83528,credit card,,,1,,,447,64
1116,5042,Ronaldo,RCB,,31,Male,,,07-04-2021,,,,23,0,2,1,,4883,, ,Win,9.2,3,83559,netbanking,3312,116,2,user@yahoo,,1821,165
1061,5149,,Barcelona,india,65,femal, ,Cricket,12-05-2023,,,,13,8,1,5,50447,2582,,rainy,Win,,4,80370,cash,,6,14,user@yahoo,9876543210,3819,67
1022,5147,Hardik,CSK,England,37,Male,Rahul Dravid,Tennis,07-06-2021,,2429,708148,35,3,8,5,,3937,Delhi,Sunny,Lose,,,82937,upiid,11219,,23,,9876543210,2972,109
1126,5007,Messi,,england,43,mal,John Smith,Football,30-01-2022,,,,196,0,2,1,736,,Kolkata,Rainy,Draw,4.7,5,80721,netbanking,,28,12,,9999999999,91,68
1136,5028,Rohit ,KKR,sri lanka,63,male,Rahul Dravid,Cricket,21-01-2020,4590,,1461637,23,0,7,1,34137,,,rainy,DRAW,5.4,,84400,upi,,32,24,abc@gmail.com,9999999999,607,35
1139,5039, Virat,RCB,india,56,female,None,Tennis,08-03-2020,4089,543,,187,6,1,0,5013,11631,, ,DRAW,1.4,,80923, ,,27,9,,,1251,98
1128,5157,Bumrah,MI,sri lanka,58,femal,John Smith,basktball,12-06-2021,3894,248,701384,94,1,2,1,23461,8173,Chennai,,Lose,3.9,4,80835,upi,,68,4,user@yahoo,12345,285,36
1057,5127,Smith,CSK,INDIA,34,Male,,footbal,12-05-2023,,,992176,54,6,0,5,6068,3573,,Cloudy,Draw,2.8,,82493,,14628,,23,user@yahoo,,2921,185
1121,5083, ,KKR,India,31,Mle,,Basketball,26-06-2020,1927,,,23,6,5,1,17435,,,Rainy, lose,,6,82979,netbanking,10354,53,29,,,3306,198
1000,5115,Bumrah,KKR,,49,Male,John Smith, ,18-08-2023,1833,,841743,151,9,6,4,,7327,Bangalore,Sunny,Draw,,4,82325,credit card,,,10,xyz@,9876543210,101,132
1033,5182,Rohit ,KKR,england,27,femal,,Football,07-09-2022,,,,181,8,3,0,,17823,,Cloudy, lose,7.5,,83924,upiid,3697,,22,,9876543210,3835,49
1095,5143, Virat,RCB,Sri Lanka,21,mal, ,,,,2323,811277,25,6,0,1,,12310,Delhi, ,win ,4.8,3,82424,upi,,,27,,,4235,167
1125,5173, ,MI,,33,mal,Rahul Dravid,footbal,20-07-2023,,2364,636077,193,0,2,5,46072,9467,Bangalore, ,Win,,7,84521,cash,1400,,13,,12345,4930,18
1117,5061,Ronaldo,KKR,India,17,femal, ,Cricket,06-05-2020,2772,,725410,79,7,8,5,,2713,Kolkata, ,,,1,83126,cash,5927,44,27,,12345,1678,60
1047,5006,Messi,CSK,australia,38,Other,None,footbal,05-03-2021,4627,,1082779,165,7,4,3,,11110,Mumbai,Sunny,Win,,,82376, ,,,28,xyz@,12345,3823,86
1088,5044,Messi,KKR,INDIA,14,Male,None,footbal,15-04-2022,,,,64,3,5,5,,,Chennai, ,Draw,2.5,,80453,netbanking,9860,,24,,,534,138
1116,5186,Ronaldo,Barcelona,INDIA,42,Male,Rahul Dravid,Tennis,05-10-2020,,,43251,74,7,3,0,13313,,Kolkata,, lose,,,83459,creadit card,,,19,xyz@,9876543210,15,113
1128,5183, ,CSK,,49,Female, ,,12-06-2021,3488,-393,,178,3,0,5,33975,,Bangalore,Sunny,DRAW,8.9,,84859,,2975,36,14,,,560,23
1015,5175,Hardik,KKR,Sri Lanka,36,male,John Smith,footbal,27-12-2021,5557,,,162,7,4,4,29970,,,Sunny,Lose,,5,83501,upiid,13482,65,12,,12345,2925,68
1188,5154, Virat,RCB,india,27,Mle,Rahul Dravid,,,,,,42,4,4,2,13473,,Chennai,Rainy,,4.8,,83547,credit card,5358,,25,xyz@,12345,2383,59
1191,5180,Ronaldo,KKR,,65,male,,footbal,13-10-2020,,,1398833,28,3,4,4,,,,Rainy,win ,,,81148,credit card,,,2,abc@gmail.com,9999999999,909,90
1190,5087, ,CSK,india,61,femal,None,Cricket,24-03-2021,-334,2255,,164,5,5,4,,,Bangalore,,win ,7.6,,80522,upiid,16668,,8,user@yahoo,12345,1413,7
1068,5072,Joe Root,RCB,Australia,69,femal,John Smith,Football,05-12-2023,,,,80,1,1,0,,3682, ,rainy,Draw,,4,84577, ,,,7,,9876543210,118,13
1021,5162,Bumrah,Barcelona,Australia,57,Mle,,Cricket,01-03-2021,,,23135,185,1,0,0,1746,16261, ,,Draw,,,80121,cash,19223,55,14,,,4062,131
1092,5178,Rohit ,Lakers,,63,Mle,None,Cricket,14-04-2021,5831,2578,1300561,53,1,1,3,5751,,Chennai,,Draw,2.8,,83618,upiid,17714,,22,user@yahoo,9876543210,3113,168
1194,5036,Ronaldo,,,47,male,John Smith,Cricket,02-12-2023,,,877193,38,8,9,5,,17847,Delhi,rainy,Win,,0,84676,upi,18182,,0,user@yahoo,9876543210,3060,11
1075,5118,Rohit ,,INDIA,34,mal,John Smith,Cricket,,,1560,778619,41,9,5,3,30104,9505, ,rainy,,6.3,2,83722,upi,,,1,user@yahoo,12345,1491,51
1153,5056,Hardik,KKR,INDIA,11,Other,John Smith,footbal,01-10-2021,,-422,607357,155,2,4,0,,9768,,Rainy,win ,,,83083,upiid,,,8,,9876543210,2096,151
1143,5007,Hardik,CSK,sri lanka,20,mal, ,Football,10-03-2020,,1744,304207,28,9,4,5,16256,4675,,rainy, lose,,,82172,netbanking,19620,,20,user@yahoo,,2254,32
1178,5094,,RCB,sri lanka,21,female,Rahul Dravid, ,01-07-2021,2935,177,238417,170,3,5,0,,,,Sunny,Draw,,6,82706,cash,,58,16,abc@gmail.com,9876543210,513,169
1085,5116,,Barcelona,,29,male,Rahul Dravid,Football,06-02-2021,,,,130,9,9,0,17384,,,Cloudy,Draw,,,84813,upi,13186,,8,,12345,1233,42
1184,5109,Joe Root,CSK,,43,femal, ,Cricket,05-01-2023,,1096,605122,137,7,6,2,,5523,,Sunny,,7.9,,83307,upi,,90,0,user@yahoo,9876543210,4132,166
1028,5019,Messi,Lakers,sri lanka,64,Mle, ,basktball,28-12-2022,-100,563,,186,3,8,4,6030,12611, ,rainy,DRAW,7.1,,83642,creadit card,17657,,7,abc@gmail.com,9999999999,1479,195
1068,5123,Ronaldo,Barcelona,England,18,male,,Cricket,17-06-2020,,2692,795703,141,9,6,3,,7769,Mumbai,Sunny,Lose,4.6,,82817,credit card,,112,4,user@yahoo,,3349,102
1046,5052, Virat,RCB,Sri Lanka,50,female,,Basketball,26-01-2023,-999,,,174,9,1,3,31548,13431,,Rainy,,3.2,,84501,credit card,,,29,abc@gmail.com,12345,1540,121
1093,5118,,RCB,INDIA,32,male, ,footbal,12-05-2023,650,-494,,41,6,5,1,,,,,,,5,81484,upi,,,10,user@yahoo,9999999999,129,78
1189,5011,Messi,KKR,England,67,Mle,Rahul Dravid,Tennis,25-07-2020,,,1311049,93,4,8,2,49487,64,Delhi,rainy,,6.6,3,80276,upiid,,,27,xyz@,12345,3716,72
1196,5176, ,Lakers,australia,41,mal,,basktball,07-08-2023,2996,1904,,159,8,6,0,3842,,,Cloudy,Lose,1.3,0,81248, ,,53,5,,,3743,106
1143,5016,Messi,CSK,England,35,female,,Football,08-11-2023,,,,31,3,1,0,21796,10404, ,Cloudy, lose,,,81124,credit card,7547,61,16,abc@gmail.com,9876543210,1771,119
1175,5063,,RCB,,19,female,None,Tennis,12-05-2022,,2261,,169,2,2,2,,,Kolkata,Cloudy,win ,,,82901,upi,,,17,abc@gmail.com,9999999999,4454,170
1084,5041, Virat,RCB,england,68,Female,John Smith,Basketball,03-02-2020,,966,1245477,159,1,7,5,4807,,Mumbai,,Draw,,,81657,cash,10537,101,22,abc@gmail.com,,3075,171
1038,5093,Bumrah,Barcelona,India,36,femal,None,Cricket,01-03-2022,284,,,25,0,8,3,,1690,Chennai, ,,2.8,1,81753,creadit card,,,17,user@yahoo,9999999999,505,33
1099,5156,Hardik,RCB,,9,mal,None,footbal,31-12-2021,1752,2050,,114,5,3,0,,12840, ,Rainy,win ,,4,84602,,1005,,4,abc@gmail.com,9876543210,4913,79
1032,5146,Bumrah,KKR,england,52,male, ,Cricket,16-11-2023,1708,,,128,9,8,1,,,Bangalore,Rainy,win ,2.3,,83658,upi,1236,87,26,,12345,4889,165
1100,5010,,CSK,Australia,21,Mle,Rahul Dravid,basktball,25-09-2023,,899,922931,55,1,1,3,,4658,Mumbai,rainy,,2.9,,83402,creadit card,,93,24,user@yahoo,12345,838,78
1022,5097,Ronaldo,RCB,Australia,32,Female,Rahul Dravid,footbal,07-08-2022,,465,1493046,121,7,4,4,32775,,Chennai,Cloudy,Draw,9.1,4,84332,upiid,9302,,4,abc@gmail.com,9876543210,3871,119
1009,5177,Messi,CSK,,44,femal,, ,05-12-2023,3950,1301,,105,5,1,2,,9998,Delhi,,win ,,0,80751,credit card,14761,,27,,9876543210,4718,57
1068,5070,Ronaldo,Lakers,,50,male, ,,05-12-2023,,,,129,4,0,3,,,Bangalore,,Win,1.8,,80164,,,86,18,,,2676,192
1099,5107,Bumrah,CSK,india,19,femal,John Smith,,12-07-2023,-1478,334,,80,1,4,4,,5636,,,win ,2.1,,81692,upiid,3639,33,26,,12345,96,192
1033,5057,Hardik,Barcelona,INDIA,25,Other,None,Football,,,,370428,157,6,1,1,2939,3162,Mumbai,rainy,,,,81956,creadit card,,,12,user@yahoo,9876543210,1963,188
1179,5033,Smith,,,,male,,footbal,20-12-2022,,,384633,119,1,6,5,8801,14369, , ,,,,83860,cash,,,21,user@yahoo,,2866,52
1137,5019,Joe Root,CSK,,55,femal,Rahul Dravid,,26-01-2024,4776,,1239431,198,4,7,2,,,Bangalore,,Win,,7,82775,upi,,87,6,user@yahoo,12345,4026,72
1146,5049,Ronaldo,Barcelona,Sri Lanka,51,mal,John Smith,,12-02-2023,,2150,134814,51,1,1,5,2231,7599,,,Win,,7,83289,credit card,,21,25,user@yahoo,,598,68
1185,5101,,CSK,india,44,male, ,Basketball,18-03-2020,271,,1418862,90,9,6,0,18074,, ,Cloudy, lose,4,,81768,netbanking,-649,79,13,abc@gmail.com,9999999999,2981,100
1095,5137,Ronaldo,CSK,India,57,male,,Cricket,28-05-2023,,,1486653,136,1,3,5,57773,17975,Kolkata,Sunny,Lose,5.9,,82423,cash,,,26,user@yahoo,9999999999,3963,82
1000,5159,,CSK,INDIA,17,mal,None,Football,08-10-2023,-1260,,1144578,21,6,0,0,25782,,Delhi,Rainy,DRAW,,2,84526,creadit card,,,25,abc@gmail.com,12345,428,155
1068,5051,Smith,CSK,australia,49,female,John Smith,Basketball,08-03-2021,3004,,226504,33,8,2,4,,,,Cloudy,Draw,5.1,3,83696,credit card,9318,,26,,9999999999,3781,59
1003,5014, ,Barcelona,sri lanka,33,female,Rahul Dravid,Basketball,02-05-2021,,,,109,4,0,3,4943,2440,Delhi,rainy,,,6,80782,netbanking,12058,45,7,,,1324,19
1015,5083, ,Barcelona,india,44,femal,John Smith,,05-02-2022,1127,66,968361,48,6,4,1,6067,14002,,Sunny,win ,,,83778,upi,,,2,,,2590,3
1023,5130,Bumrah,RCB,Sri Lanka,58,femal, ,Football,11-05-2022,,2304,1129502,128,3,7,4,34827,5393,Chennai, ,win ,,0,80954,cash,4070,57,26,user@yahoo,12345,2414,39
1079,5036,Ronaldo,Barcelona,india,59,Female, ,Tennis,14-06-2020,2473,824,,72,1,0,1,3615,2064,Kolkata,Rainy,,,,81992, ,10835,53,3,,9876543210,1767,66
1001,5125,Hardik,MI,Sri Lanka,20,female,,basktball,18-09-2020,2578,483,1027457,83,2,8,5,24445,4744,, ,DRAW,8,6,81659,credit card,10950,84,9,abc@gmail.com,,1516,73
1127,5039,Rohit ,MI,England,17,Female,, ,08-06-2022,,-399,,52,1,2,1,22587,,Delhi,Cloudy,Lose,3.7,,80140,credit card,1153,,3,xyz@,9876543210,1339,184
1159,5071,Bumrah,,INDIA,34,mal,Rahul Dravid,basktball,09-12-2022,1390,317,,99,4,4,5,,, ,Cloudy,DRAW,,,80719,,16340,110,17,xyz@,,4094,134
1083,5039,Bumrah,KKR,australia,28,femal,, ,16-03-2020,3537,,,123,5,8,1,36573,16092,Mumbai,,Win,6.8,5,81650,upi,19603,109,22,,9999999999,4659,28
1151,5055,Joe Root,MI,INDIA,37,femal, ,Cricket,01-09-2021,,,,167,6,4,2,,,,Cloudy,win ,,4,83573,upi,,,11,,9999999999,3403,176
1139,5150,Ronaldo,Barcelona,india,23,Male,Rahul Dravid,Tennis,01-09-2021,,,,44,2,8,4,26874,, , , lose,,1,83474,credit card,14001,,19,user@yahoo,9876543210,2546,98
1177,5103, ,,australia,63,Other,,footbal,25-12-2022,,,399284,195,3,9,2,,16592,Mumbai,rainy,,,6,81015,cash,8760,12,19,user@yahoo,12345,976,93
1162,5138, ,Barcelona,,55,Mle,None,Football,,,-225,,136,7,7,3,,13395,,,DRAW,8.3,,84383,,,51,14,xyz@,9999999999,1614,176
1123,5109,,RCB,England,16,mal, ,Football,14-06-2023,934,466,652018,104,3,6,3,,4209,Mumbai,Rainy,Draw,4.8,,80342,netbanking,,,12,xyz@,9876543210,1584,195
1032,5191,Messi,RCB,England,56,femal,,Cricket,18-04-2021,-1130,,1232857,149,6,0,0,,11010,,,,,7,83183,upiid,,51,11,abc@gmail.com,,4061,182
1160,5135,Dhoni,,india,67,Male,,Tennis,05-12-2023,2716,,452187,145,5,3,0,53256,18433,,Rainy,win ,7.9,,82701,,2560,35,7,xyz@,,4651,126
1188,5092,Dhoni,,india,39,femal, ,footbal,19-02-2022,4865,1560,1372158,105,6,8,0,,,Delhi,Sunny,Win,,,80975,credit card,,,21,,9876543210,1270,16
1178,5093,Dhoni,Lakers,INDIA,28,Other,,footbal,05-12-2023,,,1008401,42,0,9,3,,15306,Bangalore,,DRAW,,,82583,credit card,15308,42,21,abc@gmail.com,9999999999,218,35
1170,5055,,CSK,Sri Lanka,47,Mle,None,Cricket,31-03-2022,,,595326,166,2,7,1,,,,,,,0,83120,cash,,25,26,,9999999999,533,75
1100,5059,Joe Root,CSK,australia,67,Mle,,,27-08-2021,,146,,133,5,3,5,40758,8759,Delhi,Rainy,win ,4.5,,81823,netbanking,8801,34,8,,9999999999,1495,107
1011,5137,Hardik,Barcelona,Sri Lanka,56,female,None, ,29-04-2022,,,,47,2,0,1,,,Chennai,,win ,5.6,5,84426,,10665,,19,abc@gmail.com,,1373,87
1066,5038,Dhoni,KKR,australia,47,Male, ,footbal,13-06-2023,,308,619388,125,6,9,4,32578,,Chennai,Sunny, lose,,1,84460,upi,16886,27,8,xyz@,,4139,158
1064,5027,Smith,RCB,Sri Lanka,41,female,, ,15-01-2020,4672,,1229746,6,8,3,3,16395,15411,, ,win ,8.4,,80010,creadit card,,119,16,,12345,3823,176
1160,5048,,Barcelona,,55,Mle,John Smith,basktball,18-10-2021,,369,,196,2,2,5,43525,,Delhi, ,win ,,6,84604,creadit card,3118,,26,user@yahoo,,3949,69
1167,5163, Virat,MI,INDIA,48,Female,,Basketball,11-01-2022,,1928,,15,0,5,5,50610,4337,, ,DRAW,9.2,6,82627,upiid,19475,3,24,,9999999999,64,116
1073,5124,Bumrah,KKR,india,64,Female,,Football,23-01-2022,,,983390,128,9,4,5,,,,,Lose,,3,81468,cash,274,113,0,abc@gmail.com,12345,4341,8
1042,5012,Hardik,RCB,,10,Female,None,Football,17-11-2022,,2332,,114,5,4,0,,13222,,Cloudy,DRAW,,3,81113,,17110,,22,,,3142,107
1043,5035,,,Sri Lanka,51,Other,,basktball,05-12-2023,,510,,36,0,1,5,,11243,Kolkata,,,,7,80621,creadit card,,,5,abc@gmail.com,9876543210,1724,107
1028,5100,,MI,India,14,Other,Rahul Dravid,Basketball,05-07-2020,,,,164,0,2,5,12971,13249,Mumbai,Rainy,,9.3,6,80900,upi,,20,6,user@yahoo,,2205,114
1140,5025, ,RCB,England,58,male, ,,12-05-2023,,,,124,7,5,3,,3618,Delhi,, lose,2.2,2,83747,creadit card,,40,8,,12345,2985,179
1011,5085,Messi,,australia,12,Male,,footbal,17-02-2022,5389,,1493427,80,8,1,1,24686,,,Cloudy, lose,,,84064,netbanking,,101,9,,,3913,10
1094,5003, Virat,Barcelona,england,13,female,Rahul Dravid, ,09-12-2020,4516,,,191,1,3,1,,,Bangalore,rainy,Win,,,81471,cash,,82,3,user@yahoo,,1048,28
1045,5081,Joe Root,KKR,england,9,femal,John Smith,,02-08-2022,,-140,,61,8,1,2,,,Mumbai,Sunny, lose,,6,83103,upi,4664,84,15,abc@gmail.com,12345,3654,164
1129,5191,,MI,,8,female,,Tennis,15-01-2021,-300,,,71,4,8,2,,,Chennai,Rainy,Win,,7,80326,credit card,,,11,,12345,2872,60
1034,5165,Bumrah,KKR,,66,Mle,Rahul Dravid,Cricket,06-08-2021,-20,1215,,188,7,2,4,,,Delhi,Cloudy, lose,,,80073,cash,4266,,8,,9999999999,4255,10
1080,5126,Joe Root,RCB,INDIA,63,Male,,Football,01-03-2023,5687,846,300426,124,6,9,3,15484,,Mumbai,Sunny,Draw,,,80250,cash,,29,2,,,1004,142
1089,5087,Joe Root,MI,Sri Lanka,63,Female, ,,22-05-2022,,,53975,160,6,9,2,35745,2041,Bangalore, ,Lose,,4,82497,cash,,53,25,,9876543210,2122,102
1007,5126,Smith,Lakers,England,11,femal,Rahul Dravid, ,,,830,362711,65,3,5,2,,,Delhi,,win ,,3,82402,credit card,,,26,abc@gmail.com,9876543210,4574,63
1092,5119,Rohit ,RCB,sri lanka,29,female,Rahul Dravid,,09-03-2020,,252,54016,29,1,0,3,,16397,Delhi,Rainy,,7,,84628,cash,,,26,,9876543210,3981,175
1153,5021,Rohit ,MI,,62,mal,John Smith, ,29-11-2022,483,370,2882,19,4,9,1,,,Mumbai,rainy, lose,,,80295,creadit card,,,8,,9999999999,4482,197
1089,5129,Joe Root,RCB,England,13,Mle,John Smith,Football,29-01-2024,,831,1491019,187,2,2,4,,,,,DRAW,,,80297,upiid,,34,28,abc@gmail.com,12345,471,56
1161,5030,Dhoni,,England,28,Female, , ,11-11-2020,,,,81,8,7,4,,,Chennai,Rainy, lose,,4,80301,creadit card,,7,16,abc@gmail.com,9876543210,3405,134
1114,5118, ,CSK,india,67,femal,, ,05-07-2022,,,106964,106,5,4,4,46099,11873,Kolkata,Rainy,Win,6.8,0,84607,netbanking,,58,13,abc@gmail.com,,308,147
1104,5010, Virat,CSK,,65,Mle,,,15-03-2023,,2470,1010123,151,0,7,2,,, ,,Win,,5,80584,,15063,,4,,9876543210,2934,180
1134,5045,Dhoni,CSK,england,30,Other,John Smith,Basketball,12-05-2023,1706,,,131,2,1,1,25201,,Chennai,Sunny,DRAW,6.4,,83624,credit card,,2,25,,12345,4796,190
1195,5095,Ronaldo,,sri lanka,20,Female,None,footbal,11-06-2023,,2622,,36,3,6,4,,,,,,,,81634,creadit card,2192,,20,xyz@,9999999999,3047,128
1057,5189,,RCB,Sri Lanka,55,femal,None,,06-07-2020,,,,131,8,8,3,,11961,Bangalore,Cloudy,Lose,,1,80052,upiid,9679,,0,xyz@,9999999999,1921,177
1113,5196, ,CSK,australia,17,femal, ,footbal,29-04-2020,,,,76,5,6,4,,,Mumbai, ,Draw,,,82276,creadit card,8688,108,0,xyz@,9999999999,2999,78
1074,5191,Joe Root,RCB,,69,female,None,,17-02-2020,5895,,179559,88,3,2,0,9474,,Bangalore, ,DRAW,,,82687,upi,2444,4,2,user@yahoo,9999999999,2017,139
1156,5009,Ronaldo,RCB,India,21,Female,Rahul Dravid,Tennis,29-04-2022,,,,145,0,6,1,25061,2244,Mumbai,,Lose,4.5,3,82844,netbanking,,,8,,,4881,46
1119,5167,Dhoni,Barcelona,,27,female, ,Cricket,19-12-2023,,1751,,87,7,7,0,,,Kolkata,rainy,Draw,7,,84886,netbanking,9552,63,22,xyz@,,1478,69
1163,5127,Ronaldo,RCB,,61,male, ,Football,19-02-2023,353,2126,,193,1,0,1,,,Kolkata,Sunny,,9.7,,84590,creadit card,9940,,5,abc@gmail.com,,2352,45
1020,5151,Joe Root,RCB,India,12,femal,,,02-10-2022,-920,919,,175,7,2,5,,10009,,rainy,Draw,,,84948,creadit card,5850,,8,user@yahoo,9876543210,4197,95
1163,5098,Smith,KKR,Australia,31,female,Rahul Dravid,Basketball,07-05-2022,,,859340,32,5,4,3,,18483,Kolkata,Sunny, lose,8.7,,82718,credit card,10912,73,3,xyz@,9999999999,4870,108
1137,5171,,KKR,sri lanka,47,mal,Rahul Dravid, ,06-09-2021,1115,,,57,7,5,5,56884,5654,Chennai, ,win ,,1,83935,upiid,,,19,xyz@,9876543210,3459,58
1100,5111,Rohit ,,India,66,Other,None,,13-03-2021,-1604,705,,27,5,2,2,8290,, ,Cloudy,Win,8.4,1,80662,cash,19100,119,18,,9999999999,3754,160
1151,5059, Virat,Lakers,INDIA,28,Female,,Basketball,10-01-2023,4945,,,34,4,3,2,21713,13061,Mumbai, ,Lose,,2,80007,netbanking,,30,4,user@yahoo,,1231,115
1191,5189,Ronaldo,Barcelona,india,45,female, ,Basketball,26-04-2020,3739,-139,1461410,124,4,4,5,42686,,Mumbai,Sunny,Draw,,4,83683,creadit card,8681,,4,xyz@,9999999999,3120,10
1176,5086,Joe Root,Barcelona,australia,65,mal,None,Basketball,28-12-2023,5078,303,519352,137,9,2,1,,,Chennai,Cloudy,DRAW,,,83087,creadit card,5664,47,27,abc@gmail.com,9876543210,571,141
1098,5144,Smith,Barcelona,england,61,Other,None,,18-03-2023,,,162078,64,9,3,4,52534,9652,,,Draw,2.7,2,84761,upi,,21,13,,9999999999,3589,111
1035,5064,Hardik,KKR,INDIA,36,femal,Rahul Dravid,,13-06-2022,5519,-333,1031244,41,7,4,0,,,Chennai,Cloudy,Win,,,80668,creadit card,,65,9,user@yahoo,12345,147,13
1095,5056,Dhoni,Barcelona,,38,Male,None,,06-02-2023,2363,,91900,84,6,1,3,20049,,Kolkata,Cloudy,,,,83164,upi,,,22,,9876543210,3443,36
1151,5182,Rohit ,CSK,england,29,Male,Rahul Dravid, ,12-09-2021,5513,1385,,136,7,9,4,48658,14886,,,win ,2.6,,81285,creadit card,12525,72,15,abc@gmail.com,9876543210,596,86
1150,5105,Hardik,Barcelona,india,53,Mle,None,Cricket,30-04-2023,4470,,557836,187,7,8,2,10386,14139, ,rainy,win ,,,83620,,7556,,22,user@yahoo,12345,1070,128
1189,5180,Joe Root,Barcelona,Australia,19,male, ,footbal,26-10-2022,4740,868,,110,6,9,4,53258,,,Cloudy,Win,9.1,,80160,credit card,11564,,5,xyz@,12345,3745,122
1036,5183, Virat,KKR,england,26,Female,, ,17-05-2021,911,,,14,1,7,5,24067,11002, ,,Lose,4.1,,82398, ,15043,,19,xyz@,,4250,147
1011,5008,Dhoni,MI,Sri Lanka,27,Mle, ,,26-05-2023,,306,,184,8,5,5,,1572, ,Rainy,Win,2.6,6,83245,,2551,,22,xyz@,,4325,118
1112,5021,Smith,RCB,,14,Female,Rahul Dravid,Football,21-06-2023,632,1537,,68,6,9,0,,8180,,, lose,5.5,2,80017,credit card,,112,13,xyz@,,3371,135
1182,5140,Dhoni,MI,india,59,Male,John Smith,,05-12-2023,,,,104,5,2,2,50680,,Bangalore,Sunny,Lose,,1,82533,upiid,,4,17,,12345,157,15
1012,5088,,,England,43,femal,,Tennis,28-04-2020,,1839,,149,8,1,1,45691,, ,Sunny,Lose,,6,84446,upi,16308,,28,abc@gmail.com,,922,81
1022,5175,Hardik,Lakers,Sri Lanka,18,male,Rahul Dravid,Basketball,,,535,690464,63,0,6,3,22802,14974,Chennai, ,win ,2.4,,82575,cash,15282,94,27,user@yahoo,9999999999,3318,46
1098,5017,Hardik,KKR,Sri Lanka,65,Other,None,Basketball,10-10-2023,2904,,,40,1,7,5,24767,,Mumbai,Rainy,Win,,5,84967,netbanking,127,52,8,xyz@,9999999999,2346,48
1104,5114, ,RCB,,64,mal, ,Cricket,30-05-2023,-1686,,1004112,70,0,9,3,,12408,Chennai, ,win ,,,82317,upi,,81,6,xyz@,,4050,66
1029,5167,Messi,KKR,sri lanka,17,Female,, ,05-12-2023,2924,,,55,9,0,2,16110,18768, ,,win ,5.7,,82918,,,,17,user@yahoo,9999999999,1246,4
1016,5144,Dhoni,CSK,Sri Lanka,18,Other,Rahul Dravid,basktball,20-04-2021,5180,,,150,2,5,1,,,Kolkata,Sunny,Lose,,4,81053,upi,,28,9,user@yahoo,9876543210,765,3
1112,5142, ,,india,34,Male,John Smith,footbal,03-05-2023,-459,718,,24,4,6,5,54269,, ,,Draw,1.8,,80315,creadit card,14808,51,1,xyz@,,3651,3
1061,5105,Hardik,MI,india,15,male,,Tennis,17-01-2021,,1402,,104,0,8,0,,,,,Lose,,,84832,netbanking,9589,114,12,,,2612,69
1083,5014,Ronaldo,MI,INDIA,42,Other,,Football,07-03-2022,,2491,787197,133,3,2,3,,4186,Mumbai, ,Win,,,82211,cash,,119,5,,9999999999,4562,93
1111,5062,Hardik,CSK,india,66,Male,John Smith,Basketball,14-07-2022,,,,118,7,1,2,,,Mumbai,,win ,3.9,0,80319,upi,6929,,26,user@yahoo,,3828,28
1085,5166,Dhoni,CSK,england,47,Mle,,Tennis,02-04-2020,5310,,,161,5,4,3,392,,Mumbai,Sunny,DRAW,,7,84527,upiid,9607,116,22,,,4581,23
1140,5012,Smith,CSK,england,34,femal,,Tennis,09-05-2022,,666,,190,0,9,1,,3772,Bangalore,Cloudy,Draw,,1,82715, ,11182,12,8,abc@gmail.com,,443,30
1186,5080,Dhoni,Barcelona,Australia,18,male, , ,02-01-2020,,,1126463,8,0,0,0,47922,4967,Delhi,Sunny,Lose,4.3,,80633, ,,,19,,,904,62
1018,5031,Dhoni,MI,england,43,female,None, ,30-04-2020,,,1275301,59,2,5,1,,563, , ,Lose,1.7,,81705,upiid,,,7,user@yahoo,,2910,87
1176,5136,Bumrah,Barcelona,England,43,femal,, ,22-06-2022,3695,,32889,124,9,8,5,6549,6422,,,Win,,,84820,upi,11191,82,29,user@yahoo,,3209,51
1099,5039,Joe Root,CSK,india,48,mal,John Smith,Basketball,08-04-2023,,,31360,48,7,9,4,40617,3612,Bangalore,rainy,Win,,,80672,,2952,,9,xyz@,12345,1801,41
1139,5147,,RCB,England,38,male, ,,16-06-2020,,,505868,50,7,8,1,,8003,Delhi,Cloudy,,,3,82279,cash,,,15,,12345,925,64
1188,5081,Bumrah,KKR,England,52,male,None,Tennis,,5995,2078,26523,187,2,6,1,,12745, ,rainy,DRAW,7.5,,83547,creadit card,7494,,14,xyz@,9999999999,3721,43
1146,5076,Hardik,Barcelona,,,femal,, ,31-03-2020,3338,,,69,6,6,3,46172,,,rainy,Win,,,80470,upiid,,62,12,xyz@,12345,4387,91
1075,5190,Dhoni,RCB,Sri Lanka,25,mal,,,22-03-2023,,2405,,36,2,7,1,,,Delhi,Cloudy,win ,8.9,,83231,netbanking,8099,0,17,,12345,751,58
1008,5075,,RCB,Australia,52,mal,None,basktball,03-10-2021,4669,-481,,30,3,9,2,42570,,Delhi,Rainy,Lose,2.6,6,82607,,6266,68,5,abc@gmail.com,,1234,59
1198,5171,Joe Root,RCB,Sri Lanka,62,Male, ,Cricket,17-04-2022,4589,2330,814388,168,8,1,5,47597,, ,Cloudy,DRAW,1.3,6,83332,netbanking,5899,53,19,user@yahoo,12345,2922,168
1027,5037,Bumrah,Lakers,india,65,femal, ,footbal,08-12-2023,-147,344,,61,3,5,3,16162,,Kolkata,, lose,6.3,5,82620,upiid,,,23,,,662,174
1127,5187,Dhoni,Lakers,australia,23,mal,Rahul Dravid,Tennis,01-08-2023,,,,92,2,4,3,48292,15813,Kolkata,Cloudy, lose,,3,84697,credit card,17481,35,8,xyz@,,3195,62
1051,5070, Virat,Lakers,Sri Lanka,,Other,John Smith,Cricket,11-09-2021,,2019,,185,4,4,4,,9038,Delhi,Sunny,Win,,5,81382,cash,15520,29,17,xyz@,,1584,177
1082,5047,Bumrah,Lakers,India,15,Other,John Smith,Tennis,29-03-2021,5409,2825,213162,13,6,2,5,45528,11649,,,Lose,,,84375,upiid,,105,6,,9876543210,919,116
1110,5017,Joe Root,KKR,sri lanka,50,Mle, ,Cricket,18-01-2023,-1837,,,163,4,2,2,,18750,Kolkata,Rainy,Lose,7.6,,81185,netbanking,16462,,22,xyz@,12345,4219,111
1143,5143,Bumrah,,INDIA,68,Mle,,Football,01-04-2022,,-496,,163,3,5,5,,5992,Kolkata,,Lose,5.6,,81910,upi,,80,23,abc@gmail.com,12345,67,23
1116,5182,Messi,CSK,Sri Lanka,17,male,None,basktball,21-11-2022,,,346264,78,7,9,1,47377,2682,Mumbai,rainy,Lose,,7,80915, ,,40,28,abc@gmail.com,9876543210,4570,172
1068,5038,Messi,RCB,INDIA,66,male,,Football,23-02-2020,,,995157,7,3,9,4,,8326, ,Cloudy,,,,81617,upiid,,,4,,9876543210,4453,172
1098,5195,Hardik,KKR,,36,Other,, ,13-09-2022,,,,153,1,6,2,14126,13131,Kolkata,,win ,,,81683,creadit card,,92,10,abc@gmail.com,12345,1766,19
1139,5186, Virat,Barcelona,Australia,14,femal,None,Football,04-08-2020,,,1303938,35,9,0,4,4669,,,Cloudy,Lose,,0,82425,netbanking,,,12,,,1953,172
1024,5088,Smith,KKR,England,56,femal,,,20-05-2020,5117,,,47,5,2,5,50552,18715,, ,Draw,1.4,,80425,,,50,2,,,2568,11
1179,5061,Smith,MI,,10,Mle,John Smith,Tennis,25-12-2021,,2052,,84,1,0,0,1580,8772,,Rainy,Lose,,,81787,creadit card,10041,,0,abc@gmail.com,9999999999,3708,60
1122,5140,Joe Root,Lakers,India,16,femal,Rahul Dravid, ,,,,971638,27,2,9,5,,,Mumbai,Sunny, lose,2.1,0,82584,credit card,11697,3,3,,9876543210,4928,166
1052,5108,Ronaldo,KKR,,64,mal,John Smith,footbal,05-12-2023,304,,,195,0,2,1,11185,,Bangalore,rainy,Win,8.9,6,84648,cash,,50,18,,9999999999,2671,3
1150,5080,Smith,,england,32,femal, ,Football,27-02-2022,-1887,,986380,189,4,4,4,,,Chennai, ,Lose,,,80168,netbanking,,,17,abc@gmail.com,9876543210,3399,144
1143,5133,Joe Root,,India,38,femal,,Basketball,04-07-2020,,,895758,50,8,8,0,15964,9911,,Sunny,,4.9,,80514,upi,16923,,5,abc@gmail.com,,1353,9
1056,5076, Virat,Lakers,England,32,Mle,Rahul Dravid,Tennis,30-03-2023,,,,103,1,2,1,,2166,Delhi,Cloudy,Win,,,83435,upiid,,41,22,,,442,41
1038,5187,Ronaldo,,england,38,male,None,,04-07-2023,5272,2527,,169,6,9,4,43938,,, ,win ,8,1,84525,,3364,,9,abc@gmail.com,,600,38
1108,5089,Ronaldo,RCB,Sri Lanka,18,male,John Smith,Tennis,30-12-2021,3475,2761,1213502,100,4,9,4,40625,14516,Chennai,Sunny,,6.2,2,82616,netbanking,6958,18,6,user@yahoo,,3166,69
1180,5013,Messi,Lakers,Australia,57,Mle,,Football,07-10-2023,,,1307145,28,1,8,5,35995,,Mumbai,rainy,,6.7,1,82377,,,,11,abc@gmail.com,,3942,193
1041,5094,Hardik,RCB,India,9,Female,, ,31-03-2021,1019,,784958,126,7,0,4,,6840,Kolkata,Cloudy,,,,80690, ,-824,103,7,abc@gmail.com,,2809,35
1185,5053,Dhoni,,Australia,45,Female,Rahul Dravid,Football,26-12-2022,,2330,1426933,81,5,5,4,15996,7514,Mumbai,rainy,DRAW,,,83204, ,18002,,12,user@yahoo,9876543210,3388,127
1166,5131,Ronaldo,MI,India,52,mal,,Football,14-09-2023,,1131,,9,3,8,3,18395,13429, , , lose,4.1,6,82504,creadit card,11903,,29,xyz@,9999999999,4582,163
1141,5038,Rohit ,RCB,,60,femal,,basktball,03-01-2023,,,,105,3,4,4,,11090,,Sunny,win ,8.1,5,80352,cash,,26,17,user@yahoo,9876543210,2786,48
1121,5071,Joe Root,RCB,england,31,Male,,,29-10-2020,,1611,,166,1,9,5,,, ,,DRAW,,3,81117, ,997,37,13,abc@gmail.com,9876543210,2695,107
1132,5024,Ronaldo,Lakers,australia,67,male,,Cricket,29-11-2020,4125,2943,,0,2,1,3,,3360,Bangalore,Cloudy,Draw,,0,81405,cash,-91,14,10,user@yahoo,,3648,8
1162,5076,Ronaldo,Lakers,australia,36,Male,John Smith,Cricket,17-02-2023,-956,,481745,38,6,4,3,,8429,,rainy,DRAW,7.4,,83939,cash,,,27,abc@gmail.com,,2052,27
1074,5159, ,Lakers,,45,Male, ,Tennis,18-01-2022,,,390431,20,2,0,0,38468,,,Cloudy,,,4,84174, ,,,9,abc@gmail.com,,631,9
1145,5186,Rohit ,RCB,INDIA,44,Male, ,Cricket,08-12-2023,,,,64,4,8,1,16457,,Bangalore,,,3.2,1,80677,upiid,,25,28,,,3442,158
1075,5190, ,,india,19,male, ,Cricket,10-11-2020,1727,,77392,14,9,9,3,,13130,Delhi,,Win,,2,80550,upiid,15692,93,5,xyz@,,1754,14
1008,5165,Ronaldo,Barcelona,INDIA,36,Mle, ,Basketball,14-10-2020,,2689,1057867,131,5,9,2,,17408,Bangalore,,Draw,,,80819,,,,12,abc@gmail.com,,3033,151
1073,5119,Dhoni,,india,65,femal,John Smith,basktball,,479,2585,,187,5,8,3,,,,,win ,,1,80213,,10204,116,21,abc@gmail.com,12345,1578,29
1185,5052,Rohit ,Barcelona,australia,9,female,John Smith,basktball,03-10-2020,-1377,,,60,3,5,2,,1261,Delhi, ,DRAW,1.7,,81666,upiid,,,9,abc@gmail.com,12345,25,26
1144,5194,Messi,KKR,england,,female,John Smith,Basketball,27-06-2021,3778,1066,,147,5,8,0,53805,,,rainy,Win,,3,84764,netbanking,,,11,,,2209,143
1006,5155,Bumrah,KKR,india,39,Female,, ,05-12-2023,,,,137,2,2,2,38827,15901,Kolkata, , lose,,6,80893, ,10710,,0,xyz@,9876543210,2902,115
1173,5130,Ronaldo,CSK,australia,68,female,None, ,16-10-2023,3567,2019,,86,6,3,0,,, ,Cloudy,DRAW,,,84254,upi,,64,17,abc@gmail.com,9999999999,1129,73
1140,5149,Ronaldo,Barcelona,Sri Lanka,50,male,Rahul Dravid,Tennis,12-10-2022,,2042,1294890,104,6,5,0,18268,,,rainy,,,,84076,credit card,18419,,12,,9999999999,4996,81
1167,5095,Hardik,MI,england,44,Female,None, ,28-02-2022,,,,33,3,3,0,,16596,Delhi,Rainy,Win,7.9,,83905,cash,,60,24,,12345,4104,67
1169,5165,Hardik,CSK,sri lanka,30,femal,John Smith,Cricket,12-01-2023,,1350,,123,1,0,2,27830,,,Rainy,DRAW,,,82786,cash,,,23,abc@gmail.com,,4145,144
1136,5199, ,CSK,Australia,64,femal,Rahul Dravid,footbal,19-05-2020,4762,,,109,6,6,2,13918,,,,,8.4,,82248,cash,,45,27,,,441,141
1177,5071,Joe Root,Barcelona,,29,Female, ,Cricket,06-01-2021,,2763,,175,2,4,0,11529,7969,Bangalore,rainy,Lose,8.6,,80021,credit card,,119,28,,,3895,90
1026,5061,Dhoni,Barcelona,australia,13,female,None,Basketball,25-09-2020,,1234,,32,0,7,0,34686,16755,Kolkata,rainy,win ,5.9,6,83313,cash,,78,3,abc@gmail.com,12345,4797,96
1121,5184,Joe Root,CSK,INDIA,64,Male,,footbal,01-05-2020,4603,283,,97,1,8,1,709,,Bangalore,Sunny,Win,,2,81261,upi,,,5,,9876543210,4849,152
1193,5005,Bumrah,RCB,India,31,femal,,Cricket,28-01-2022,2067,2833,689366,60,9,4,0,54111,1251,, ,win ,,,81172,upi,,,17,abc@gmail.com,,1828,118
1004,5031,Ronaldo,MI,india,12,femal,John Smith,Football,01-10-2022,4845,,503035,9,8,7,4,,13545,Chennai,Sunny, lose,6.2,,84880,,-839,,27,abc@gmail.com,12345,1535,62
1028,5098,Dhoni,,england,19,Other,,Football,,,2517,154216,181,7,0,1,,,Mumbai,rainy,Win,8.1,,82054,creadit card,13091,,4,xyz@,,4325,185
1164,5137,Rohit ,KKR,England,16,Male,None,Basketball,08-04-2020,,-180,,83,5,0,1,1498,6212,Chennai,rainy,Win,2.5,0,81892,,,104,17,,,559,36
1165,5130,Ronaldo,MI,australia,47,female,,Tennis,,,-299,246566,64,5,6,1,,,Delhi,Sunny,win ,4.9,,82815,creadit card,,0,28,,12345,1173,188
1082,5186,Messi,Barcelona,INDIA,27,mal,None,Cricket,28-09-2023,4937,1420,1488439,76,0,5,4,,,Kolkata,Cloudy,Lose,7.1,,84674,creadit card,5067,,4,,,1878,124
1135,5075,,KKR,Australia,51,male,Rahul Dravid,Football,26-12-2023,,-400,1290776,0,1,4,1,43963,,Bangalore,rainy,DRAW,9.2,4,84584,creadit card,13454,,6,user@yahoo,9876543210,2255,22
1108,5176,,,England,33,Female,John Smith,,23-10-2023,4345,,,132,3,4,1,45343,16503,Chennai,Sunny,DRAW,2.8,2,81787,upiid,10876,,22,user@yahoo,12345,1084,105
1064,5058,Ronaldo,MI,england,66,Mle,None,Cricket,29-03-2021,,,1113598,79,2,8,2,25630,14601,Mumbai,Rainy, lose,6.1,7,81990, ,17558,,8,abc@gmail.com,,3914,114
1085,5030,Smith,Lakers,Sri Lanka,17,Mle,, ,05-12-2023,3066,2376,323825,14,0,0,5,10587,6606,Chennai,, lose,,,84317,,,36,2,abc@gmail.com,9999999999,238,110
1144,5092,Dhoni,MI,Sri Lanka,15,Mle,John Smith,basktball,06-11-2022,,2343,,27,7,7,2,38682,1069,Bangalore,rainy,Lose,9.8,2,82460,upi,12974,,11,,,2914,3
1070,5068,Smith,,sri lanka,67,mal,None,Basketball,04-10-2020,,1927,785735,22,6,1,0,13327,19410, ,,Lose,,1,82631,upiid,16516,,19,,12345,2095,164
1044,5189, ,RCB,INDIA,58,mal,,Cricket,28-03-2021,3724,,1045806,108,3,6,0,,,Kolkata, ,DRAW,,,82268,credit card,,,24,user@yahoo,9999999999,1471,97
1131,5051,Hardik,CSK,england,69,Other,John Smith,,19-09-2023,,124,466952,106,8,5,3,,16742,Kolkata, ,win ,2,,82176,upiid,,,13,abc@gmail.com,,2045,36
1035,5088,Rohit ,Barcelona,England,50,male,John Smith,Tennis,09-09-2023,,306,,144,3,9,5,,7041,Kolkata,Cloudy,Draw,,,80876,cash,,96,7,xyz@,,4612,10
1069,5126,Ronaldo,KKR,,20,Other, ,Basketball,03-08-2020,,2733,192065,112,0,1,4,23121,3273,Chennai, , lose,,3,83492,credit card,,,11,xyz@,9876543210,3683,100
1158,5168, ,MI,england,69,female,,Basketball,12-12-2023,,,,97,9,2,2,,,Mumbai,,Draw,,5,84258,netbanking,233,,6,,9876543210,204,21
1018,5030, ,KKR,India,48,mal,John Smith,Basketball,12-05-2023,,2514,1469634,140,0,3,0,10439,,Chennai,Sunny,Win,1.8,2,80954,cash,,53,23,,9999999999,3600,177
1188,5083,,CSK,sri lanka,28,Other, ,footbal,09-04-2020,-1361,411,,141,0,6,4,,,,Cloudy,DRAW,,,84119,creadit card,,12,8,abc@gmail.com,,2137,104
1107,5126,Rohit ,MI,,26,Other,None,footbal,05-12-2021,,,,138,0,7,1,,15160,Kolkata,,DRAW,5.7,,84288,credit card,3987,34,11,abc@gmail.com,,1213,115
1181,5149, Virat,RCB,Australia,53,Mle,,,,3053,-224,,27,3,1,4,,17663,,,Lose,2.5,6,80877,upi,,56,3,abc@gmail.com,12345,3834,137
1166,5131,,,india,58,mal,,footbal,14-05-2022,,2362,,41,0,7,2,,,Kolkata, ,DRAW,2.2,0,84485,upiid,,54,4,xyz@,9876543210,3091,112
1090,5012,Ronaldo,,,68,male,,Football,05-12-2023,-1110,,20414,98,1,8,5,30050,3737,Bangalore,,Draw,,,82544,upi,,,8,user@yahoo,12345,1382,120
1089,5044,Smith,KKR,,58,Male,,Cricket,12-11-2023,,,,60,3,6,3,14822,6045,Delhi,rainy,DRAW,,,82176,,,0,6,user@yahoo,,3680,79
1018,5126,Dhoni,,,13,male, ,,02-06-2021,,2757,823324,122,6,0,2,8815,14281,Delhi,Sunny,Win,7,,82600,upiid,10978,79,13,,9999999999,1679,180
1038,5169,Smith,,INDIA,30,femal,,Basketball,13-04-2022,,,97280,63,1,5,5,29621,12724,,Sunny, lose,4.7,1,83107,upi,,,19,user@yahoo,9999999999,6,96
1125,5113,Rohit ,KKR,England,46,male, ,Cricket,07-12-2023,,1964,1350752,30,7,7,0,38069,,Kolkata,Sunny,win ,,6,83528,credit card,,,21,,9876543210,1885,176
1194,5176,Bumrah,MI,,,femal,Rahul Dravid,Cricket,28-07-2020,-48,,,80,6,4,0,58028,,,rainy,Lose,5.6,,82408,netbanking,10085,21,26,abc@gmail.com,12345,3498,188
1172,5019,Ronaldo,,England,59,Mle,, ,04-02-2023,-100,,965292,9,8,1,4,6955,2512,Delhi,Rainy,Win,5.9,,84860,netbanking,68,,16,,,295,108
1140,5080,Messi,KKR,India,39,female,John Smith,footbal,28-02-2023,,1685,988534,7,5,4,2,,,,Cloudy,,6.8,1,81973,netbanking,,,0,,9999999999,263,119
1125,5181,Joe Root,Lakers,INDIA,9,Female,None,Cricket,22-12-2021,,,98802,148,3,7,0,,,Bangalore,,DRAW,,1,83948,netbanking,10342,,24,abc@gmail.com,9999999999,2137,178
1057,5163,Dhoni,KKR,Sri Lanka,47,female,,Basketball,24-04-2023,,,593491,58,5,1,1,15005,,,rainy,Lose,2.3,7,81238,creadit card,19309,61,14,abc@gmail.com,,4948,167
1147,5128,Messi,Barcelona,INDIA,65,male,,basktball,11-11-2021,223,246,561747,177,3,0,1,46138,15761,, ,Win,5.6,,82334, ,10511,92,23,xyz@,,3865,144
1199,5142,Messi,,Sri Lanka,45,Female, ,Basketball,12-03-2020,2481,,,196,6,3,3,21663,,, ,Win,9.1,,80767,creadit card,,,14,xyz@,,4496,28
1060,5016,Ronaldo,KKR,England,34,male,,,12-05-2023,,,,197,8,3,4,,17329, ,,Lose,9.1,,82416, ,,,28,xyz@,12345,4452,6
1126,5151,Bumrah,Lakers,india,18,female,John Smith,,26-03-2022,82,847,,29,2,8,0,36833,,Chennai,,,,3,84994, ,-319,104,0,abc@gmail.com,,2546,61
1104,5057,Ronaldo,KKR,,31,Female, ,Basketball,02-11-2023,-1499,,,144,2,2,3,55106,,, , lose,,5,83545,upiid,,87,28,abc@gmail.com,,4929,6
1166,5071,Bumrah,,england,62,male,None,basktball,14-12-2021,4386,,764542,19,1,3,1,45463,15774,,, lose,,,82309,netbanking,,,14,,,4530,122
1000,5108, Virat,KKR,australia,24,female,None, ,05-12-2023,,,906084,47,0,2,3,,,Bangalore,,win ,,6,84883,netbanking,,,26,,,118,194
1130,5022,Dhoni,CSK,sri lanka,20,male, ,Tennis,05-12-2023,5652,,1324966,129,0,1,3,23746,,Kolkata,,Win,,7,84206,creadit card,,74,1,,9876543210,2395,105
1091,5173,Rohit ,MI,India,40,Male,,footbal,05-12-2023,,609,-9385,36,2,3,0,54075,16198,Kolkata,Sunny,,,6,84236, ,-501,105,28,,9876543210,3367,168
1189,5071,Hardik,RCB,Sri Lanka,25,Mle,None, ,09-09-2023,,,,128,6,7,0,7840,,Delhi,Cloudy,win ,8.5,,80744,,6245,74,3,user@yahoo,9999999999,1702,199
1190,5007,Rohit ,RCB,INDIA,,Female,,basktball,19-07-2022,-10,135,,131,8,0,0,34690,,Delhi, ,Draw,,7,82582,,9957,86,16,,9876543210,529,62
1112,5058,Messi,CSK,,41,Male,None,Cricket,26-06-2022,,1065,,99,1,7,4,,, ,rainy,Win,7,,84174,upiid,,9,15,user@yahoo,9876543210,3674,28
1152,5110,Joe Root,MI,Sri Lanka,65,mal,Rahul Dravid,Tennis,05-12-2023,3607,,,53,6,7,3,42837,,Bangalore,Cloudy,Win,5.1,1,81517,upi,,33,17,abc@gmail.com,9999999999,302,80
1055,5186,,KKR,,66,Male,John Smith, ,08-07-2023,2766,2815,921021,121,0,2,3,,7658,,Rainy,win ,,,82556,cash,,10,20,,9876543210,4067,175
1160,5012, Virat,Barcelona,,9,Female,,Football,10-03-2022,4956,,759226,24,1,9,4,,, , ,Lose,3.3,,84161, ,,,15,xyz@,12345,4251,9
1165,5166,,MI,india,39,female, ,basktball,08-12-2021,,78,,130,5,9,1,39470,12173,Delhi,Cloudy,win ,4.3,7,83983, ,,,7,,,3968,180
1116,5155,Rohit ,RCB,India,28,mal,John Smith,basktball,05-12-2023,3193,209,,8,4,5,2,16279,,Mumbai,rainy,DRAW,5,4,81394,upi,,66,5,xyz@,9876543210,13,15
1133,5188,Rohit ,KKR,Australia,65,Mle, ,,10-12-2022,5746,-243,1313762,33,7,3,1,50219,,,Sunny,Lose,,,80286,,,,21,user@yahoo,9876543210,2803,162
1057,5015,Joe Root,Lakers,Australia,18,Other, ,Tennis,19-08-2022,4111,-459,899708,42,1,0,4,,,Kolkata,,DRAW,5.6,,83247,netbanking,10241,,19,xyz@,9999999999,888,20
1043,5118,Joe Root,KKR,england,11,male, ,,07-02-2022,,,,73,0,0,3,59952,19997, ,,Draw,2.6,,84218,netbanking,15508,,1,,,3528,60
1172,5001,Rohit ,Barcelona,sri lanka,49,female,None, ,30-01-2020,-836,473,505447,93,6,4,3,42862,,Mumbai,,,,,82602,upiid,,85,18,,9999999999,1196,186
1159,5144, ,RCB,INDIA,23,Other,Rahul Dravid,basktball,06-11-2023,,1896,140516,21,5,7,0,,4023,, ,win ,9.2,7,80003,upi,9717,,12,,9999999999,4540,75
1172,5029,Smith,Barcelona,,52,femal,Rahul Dravid,Cricket,02-07-2022,,686,890525,69,7,0,0,36730,,Bangalore,Rainy,DRAW,4.8,4,80411,cash,18354,96,21,xyz@,9876543210,2169,94
1060,5102,Joe Root,Barcelona,england,27,Male,John Smith,,12-05-2023,,1872,,129,7,1,3,25112,19535,Kolkata,Cloudy,Draw,,,84345,netbanking,,,21,abc@gmail.com,,3568,67
1046,5012,Smith,Lakers,Australia,24,male, , ,12-01-2024,,2591,,93,1,6,3,,,Kolkata,, lose,4,0,83727, ,,,20,user@yahoo,9876543210,2231,2
1148,5095,Dhoni,Barcelona,England,36,Other,None,footbal,23-01-2021,,,994413,193,7,7,5,26020,,Mumbai,Sunny,win ,1,1,81917,upi,,,5,,9999999999,1843,178
1079,5093,,KKR,Australia,35,mal,,Tennis,07-07-2021,4708,,343963,31,5,2,0,9585,,Mumbai,Sunny,,,7,81356,upiid,-723,,26,,9999999999,3651,142
1117,5081, Virat,CSK,Australia,29,Female,,basktball,28-01-2023,,520,,105,8,7,0,,,,Sunny, lose,,7,80157,,,92,5,user@yahoo,9876543210,3876,184
1163,5012, ,,,10,Other,,basktball,14-10-2023,,,673395,143,6,0,1,,,, ,win ,2.5,,81600,credit card,,4,12,user@yahoo,9876543210,2718,197
1146,5170,Joe Root,KKR,,25,male,,Tennis,12-09-2020,,,,0,1,8,3,31029,,Mumbai,Rainy,Win,,,82884,upiid,-530,104,0,,9876543210,48,44
1019,5093,Dhoni,CSK,India,55,male, ,footbal,16-10-2022,,,,71,7,1,3,,,Bangalore,Sunny, lose,,,83489,netbanking,,48,21,user@yahoo,9999999999,180,174
1184,5148,Bumrah,Barcelona,England,56,femal,None,basktball,27-08-2021,,,,175,8,1,4,11887,,Kolkata,Rainy,Draw,1.2,7,82382,cash,,,20,abc@gmail.com,12345,3878,134
1145,5111,Messi,Lakers,England,50,Other,,Tennis,05-12-2023,2475,,,49,6,3,1,20007,,Kolkata,,Win,,,80152,credit card,15188,76,23,user@yahoo,,1417,136
1046,5054,Smith,Barcelona,India,37,Other, ,Football,15-10-2022,4834,658,186535,140,3,9,2,,18691,Delhi,,win ,,0,81629,,,17,8,,9876543210,3464,39
1048,5080, ,CSK,australia,50,femal,John Smith,basktball,08-01-2024,2868,2968,,14,8,2,2,32615,,,,DRAW,2.3,0,82796,upiid,14234,,29,user@yahoo,9876543210,3419,93
1013,5167, ,MI,australia,13,Mle,,,14-07-2021,,1306,1981,52,3,3,2,,18272,, ,DRAW,6.6,7,82881,upiid,,61,21,,,529,44
1142,5115, Virat,Lakers,sri lanka,29,femal, ,,06-11-2020,-300,2882,,171,3,5,5,42072,16488,Mumbai,Cloudy,DRAW,,,83802,,7439,,28,user@yahoo,9876543210,4679,27
1158,5142,Smith,KKR,india,43,Mle,John Smith,,10-03-2020,,1836,451316,7,8,6,0,,13115,Bangalore,Cloudy,,6.6,,82805,netbanking,,26,11,abc@gmail.com,12345,1286,16
1000,5179,Bumrah,Barcelona,Sri Lanka,10,Other,None,Tennis,06-12-2022,,,,73,7,4,2,,8568, , ,Lose,8.9,,84080,netbanking,,106,11,,12345,2190,39
1116,5107, Virat,Lakers,,16,male, ,footbal,10-03-2022,,,314503,45,3,1,4,46467,,Chennai,Cloudy,DRAW,9.2,,83470,,12598,19,25,,9876543210,706,129
1053,5052, ,Lakers,Sri Lanka,63,mal,,basktball,09-08-2020,,2621,,68,7,2,0,29242,,Delhi,,Lose,,3,81055,creadit card,,27,3,abc@gmail.com,9876543210,3217,179
1117,5127,Rohit ,CSK,england,,male,Rahul Dravid,footbal,26-11-2021,2347,,1433798,113,7,9,0,,8875,,, lose,8,,82579,cash,-953,92,18,,9876543210,293,191
1002,5179,Bumrah,Lakers,england,67,Male,Rahul Dravid,basktball,05-12-2023,4432,,1439740,146,6,2,2,42486,,Kolkata,,Draw,8.2,,84148,upi,19299,,15,,12345,1561,33
1143,5157, ,KKR,England,47,femal, ,footbal,11-04-2021,,1924,,165,9,4,0,6798,1397,Kolkata,Sunny,Lose,,,82765,credit card,,,25,abc@gmail.com,,4517,50
1184,5160,,CSK,England,8,male, ,Tennis,20-01-2021,1950,,,122,5,4,1,47762,18075, ,,DRAW,,2,81328,netbanking,,29,11,xyz@,,2611,103
1011,5056,Ronaldo,CSK,sri lanka,55,Female, ,,30-01-2022,3947,2813,670260,138,7,3,1,,9993,Kolkata,rainy,win ,4.6,0,84044,upiid,,86,0,user@yahoo,12345,660,182
1073,5051,Ronaldo,MI,england,44,Other,None,Basketball,,,618,454290,116,6,7,2,39755,92,Mumbai,Rainy,,6,,82392,upiid,1602,29,22,user@yahoo,,3178,27
1015,5136,Joe Root,MI,sri lanka,9,mal,Rahul Dravid,,01-07-2023,2246,,,42,4,5,4,58023,2300,Delhi,rainy,Lose,5.7,2,83153,cash,18060,61,20,,12345,3389,124
1199,5181, Virat,MI,England,27,female,None, ,11-05-2021,-1901,,,19,3,5,0,,,Delhi,rainy,Draw,7,,80000,credit card,,,3,abc@gmail.com,,2106,86
1101,5110, ,KKR,india,32,Female,John Smith,footbal,27-12-2023,,452,1069096,147,1,0,3,,, , ,Lose,7.3,,80166,,1035,,8,abc@gmail.com,12345,3063,147
1151,5000,,KKR,INDIA,20,mal,John Smith,,27-10-2020,,485,,20,7,5,2,,15764,Mumbai,Rainy,Lose,6.2,1,83254,upiid,,,6,,,2840,28
1155,5043,Joe Root,Lakers,Sri Lanka,65,Male, ,,12-06-2021,,,527198,81,8,2,5,8867,2279, ,Sunny,Win,1.1,,81885,upiid,293,65,9,user@yahoo,,3496,151
1116,5074, Virat,KKR,england,38,male,John Smith,basktball,11-08-2020,1311,,,56,3,5,0,,,Bangalore, ,Lose,,4,84368,upiid,,,12,,9876543210,2578,64
1007,5097,Bumrah,RCB,England,32,Other,Rahul Dravid,Tennis,01-12-2023,,,,177,3,9,2,26719,,Delhi,Rainy, lose,3.8,,80899,upiid,19425,64,7,user@yahoo,9876543210,2051,167
1121,5008,,CSK,INDIA,32,Female,Rahul Dravid,footbal,,,-187,,73,4,5,2,30012,661, ,, lose,,3,82248,netbanking,13845,5,19,abc@gmail.com,,2409,49
1091,5031, ,,sri lanka,10,Other,John Smith,Basketball,07-01-2023,,,970111,97,1,1,4,,, ,Rainy,,,5,83263,credit card,4829,56,9,xyz@,12345,2953,187
1163,5014, Virat,MI,,52,male,,Cricket,31-03-2021,,1183,,153,6,0,3,53306,12354,Delhi,Cloudy,Win,,,83412,netbanking,,41,27,abc@gmail.com,9999999999,368,148
1089,5139, ,,INDIA,51,Female,, ,07-02-2021,,,,157,4,2,0,,9491,Kolkata,Sunny,Win,3,,83577,netbanking,,56,9,,,538,189
1135,5184,Rohit ,CSK,sri lanka,25,Other,, ,13-09-2022,,,,109,5,4,2,,4984,,Cloudy,Lose,1.7,,82187,netbanking,,,7,,12345,2927,111
1185,5135,Messi,MI,england,52,female,,Tennis,12-11-2023,-1971,,,114,3,3,2,23204,3909,,rainy,win ,,7,81219,credit card,,78,19,abc@gmail.com,,2393,128
1059,5071,Hardik,KKR,england,32,female, , ,05-12-2023,5472,,1134304,158,7,6,0,40816,1445, ,Rainy,DRAW,6.7,,83132,credit card,18493,,14,,12345,730,9
1177,5154,Ronaldo,MI,australia,29,Other,,Cricket,,1665,,28486,41,7,3,2,24625,4206,Kolkata,Sunny,DRAW,6.5,3,80359,upiid,5844,,0,xyz@,,896,23
1027,5189,,MI,,31,female,,basktball,23-12-2022,,2760,,67,4,7,2,42702,18680,Delhi,Sunny,Lose,9.8,6,82039,upiid,,115,26,xyz@,12345,4659,135
1100,5011,Messi,MI,,59,male,Rahul Dravid,footbal,12-05-2023,,,,188,5,6,2,52457,,Delhi,rainy,Lose,3,,83937,upiid,,119,14,,,2368,159
1040,5064, Virat,CSK,england,40,Male, ,Basketball,04-03-2023,,,,188,2,9,1,26134,1685,,Cloudy,DRAW,4.4,3,83154,credit card,,63,23,,12345,4559,60
1191,5106,Hardik,RCB,,62,femal,,,24-11-2022,-1563,,106574,69,0,8,1,689,,Chennai,Cloudy,win ,,2,80333,upi,14301,,16,,,2680,61
1154,5041,,Barcelona,australia,58,male,,footbal,,3443,1519,,77,8,0,3,,2681,Delhi, ,,,0,80730, ,18475,116,12,user@yahoo,,2380,75
1190,5189,Messi,KKR,,35,male,Rahul Dravid,basktball,26-10-2023,,2772,1447029,195,8,4,4,,,Kolkata, ,Lose,2.8,,81497,upiid,,0,11,,9999999999,14,154
1144,5114,Rohit ,RCB,india,34,male,None,basktball,05-12-2023,796,,,89,2,3,0,41568,,Delhi,rainy,DRAW,,,81417,cash,,118,2,xyz@,9999999999,3128,100
1160,5138,Ronaldo,Lakers,india,53,female,None,footbal,12-05-2023,,,,110,3,5,4,,, ,,DRAW,,,83763,,,,22,xyz@,12345,1353,54
1156,5102,Dhoni,MI,india,29,mal,Rahul Dravid,,06-08-2022,1279,,,111,6,0,4,7244,18089,Mumbai,Sunny,Lose,4.9,1,81743,netbanking,,79,18,,12345,3135,31
1140,5170, Virat,MI,india,16,male,John Smith,Tennis,10-06-2022,,,167574,102,1,5,1,1606,4285,,Rainy,DRAW,3.5,,84116,netbanking,15207,,28,,9999999999,2277,169
1045,5094,Ronaldo,Barcelona,,68,Female,None,Cricket,10-01-2022,355,,1119208,144,2,0,3,,,Bangalore, ,Lose,,,81973, ,17749,35,23,,12345,10,28
1034,5016,Messi,CSK,India,30,mal,,Tennis,01-08-2021,2759,-65,,18,5,0,4,314,,,rainy, lose,5.8,,80878,creadit card,17821,51,4,user@yahoo,,1656,90
1133,5159,,CSK,,54,femal, ,Cricket,18-09-2020,,198,,178,7,7,4,,,Kolkata,,,7.3,4,84272,upi,12978,46,2,user@yahoo,9999999999,1247,6
1081,5084,Dhoni,RCB,england,24,Female, ,basktball,07-09-2021,,2745,,69,0,1,2,,,,rainy,win ,8.2,,82884,,,,20,,12345,1660,34
1114,5167,Smith,KKR,india,43,Mle,Rahul Dravid,Tennis,21-10-2020,,2678,,62,3,9,0,,,Delhi,,Win,6.3,,83007,cash,,,4,user@yahoo,9999999999,1763,92
1196,5150,Ronaldo,CSK,Sri Lanka,20,female,,Cricket,08-10-2022,,228,1052322,74,0,5,3,,,,Sunny,Draw,6.2,3,82595,upiid,17882,,23,,,541,108
1046,5055,Smith,,,39,male,None,Tennis,05-12-2023,-443,,,157,1,5,0,,14202, ,Cloudy, lose,4.8,2,82297,credit card,14217,,27,,9876543210,1529,9
1152,5133,Hardik,CSK,sri lanka,26,female,,Cricket,15-01-2021,-1661,2306,,152,7,5,1,,,Kolkata,Sunny,Lose,,,80660,creadit card,,,8,xyz@,,1180,93
1193,5085,,RCB,india,25,male,Rahul Dravid,Basketball,31-10-2021,,2936,,103,5,7,4,23103,,,rainy, lose,,,83144,netbanking,13905,,5,,,2688,98
1009,5177,Bumrah,MI,,13,femal,Rahul Dravid,basktball,14-12-2022,,,,74,8,3,4,55665,15889,Bangalore,Rainy, lose,7.2,,83162,credit card,17934,,15,,12345,2617,12
1055,5101, ,,Sri Lanka,66,femal,,,07-02-2023,,1653,,127,1,2,5,23776,,,Sunny,,,0,84221,upiid,,,9,abc@gmail.com,,2754,16
1029,5164,Hardik,Barcelona,sri lanka,36,female, , ,05-12-2023,-71,-6,1361713,198,2,5,0,,,, ,Win,,1,83985,upiid,13142,14,15,,9999999999,928,71
1108,5191,Dhoni,RCB,,66,female,John Smith,Basketball,18-01-2022,,,,153,8,3,1,,13267,Chennai,,win ,4.5,,81269,cash,,,2,abc@gmail.com,12345,1426,159
1004,5053,Dhoni,,India,50,femal,Rahul Dravid,Cricket,17-01-2021,-1339,1072,,55,8,1,5,,, ,,Lose,,,84706,upiid,,110,17,xyz@,,3659,161
1118,5199,Ronaldo,CSK,,13,Mle,Rahul Dravid,Cricket,15-01-2020,-1011,39,589062,21,5,5,5,,,,rainy,Draw,7.1,2,81294,creadit card,,,10,,,2233,135
1032,5176, ,,australia,59,Mle,, ,26-08-2022,-519,,274849,88,2,9,2,48016,11171,, ,Draw,,2,81009,cash,5246,,18,,,3909,3
1117,5114,Bumrah,CSK,england,50,mal,Rahul Dravid,footbal,22-12-2023,4203,,176837,18,4,4,5,,,Mumbai,Rainy, lose,,,82091,upiid,,,24,abc@gmail.com,,4990,148
1064,5138,Messi,Barcelona,Australia,66,Female,John Smith,basktball,,,,582359,158,1,8,5,17132,19533,Kolkata,Sunny,Win,,5,81757,netbanking,,82,22,user@yahoo,9999999999,2061,5
1145,5087,Joe Root,MI,Australia,28,Other, ,Basketball,04-09-2021,2000,1586,,25,6,5,2,,,,rainy,Draw,,,81964,,14755,,14,abc@gmail.com,12345,4097,195
1176,5048, Virat,Lakers,Sri Lanka,63,Other, ,footbal,22-10-2022,3000,1589,1154787,169,9,2,4,18651,16693,, ,,2.8,3,84643,creadit card,,16,10,user@yahoo,12345,2563,38
1010,5148,Bumrah,CSK,sri lanka,40,Other,None,Cricket,21-09-2020,,,,168,7,4,4,,,Mumbai,,Lose,,2,81191,netbanking,,76,26,,9876543210,2803,79
1084,5114,Dhoni,RCB,england,65,female, , ,01-03-2021,,-303,,22,5,9,3,35543,,,rainy,win ,,,81053, ,16726,19,24,abc@gmail.com,,2293,99
1025,5193,Joe Root,,india,15,male,John Smith, ,16-03-2021,5600,2977,948656,46,7,7,5,,,Kolkata,Cloudy,,,2,82841,upiid,,61,28,xyz@,12345,1625,184
1062,5062,Dhoni,,Australia,9,mal,John Smith,footbal,07-01-2022,,2339,,12,1,8,0,,,Kolkata,,win ,8.6,0,82404,cash,,23,21,xyz@,12345,571,151
1085,5103, ,CSK,Sri Lanka,59,Mle, , ,05-12-2023,,,953039,65,2,7,4,,7596,Chennai,,win ,,4,83562,netbanking,,,23,user@yahoo,,4531,2
1058,5082, ,Barcelona,india,16,female, ,Basketball,14-07-2020,,433,75287,193,6,2,1,,,,,Win,,,83704,upi,8642,,9,,,2400,100
1026,5102,,Barcelona,England,59,Male, ,Tennis,05-12-2023,,,,143,9,8,0,,19894,,rainy,Lose,,,81822,,5348,108,26,user@yahoo,,1711,149
1176,5155,Ronaldo,KKR,Sri Lanka,56,femal,None,basktball,17-06-2020,-1458,,709057,72,0,2,3,,2965,,Sunny,Draw,6.1,,81271,upi,,75,8,xyz@,9876543210,382,142
1160,5016,Messi,MI,england,14,Mle,,Tennis,26-03-2021,2003,1118,1292070,155,6,7,5,24916,11029,,,Lose,,,81719,upi,,42,2,user@yahoo,9999999999,1083,190
1097,5005,Rohit ,KKR,,23,Mle,Rahul Dravid,Cricket,01-02-2020,839,,,76,5,9,2,59889,16365,,, lose,7.9,,80252,creadit card,13123,118,22,,9876543210,1949,139
1104,5146,Dhoni,RCB,england,12,Other,Rahul Dravid,footbal,05-12-2023,,,1301488,162,7,8,3,,7647,Bangalore,Cloudy,Lose,2.5,,82768,credit card,18555,72,8,,,2517,132
1098,5183,Messi,RCB,India,19,Female,John Smith,Cricket,25-04-2023,,1797,345212,168,6,6,0,2039,,,Rainy, lose,,6,81559,,,,17,abc@gmail.com,,4169,47
1128,5027,Smith,MI,England,31,male, ,Football,18-09-2021,-893,,,30,3,3,2,,12299, ,,Win,4.2,,80736,upiid,5700,,11,,12345,3497,116
1148,5193,Dhoni,Lakers,Australia,12,Other,,,09-07-2021,2454,,1104156,84,2,9,1,,,,rainy,Win,8.8,4,84995,creadit card,,,22,abc@gmail.com,,3314,94
1054,5037,Joe Root,,sri lanka,17,Other,Rahul Dravid,Basketball,03-05-2023,-1129,-133,72779,159,2,8,2,,3808,Mumbai,rainy,win ,,0,81928, ,,117,20,xyz@,9876543210,4930,100
1005,5118,Messi,CSK,australia,44,Male,,Tennis,17-07-2020,-1907,2997,1106696,181,3,2,2,,13984,Bangalore,,DRAW,,,82190,creadit card,,71,23,abc@gmail.com,,2675,20
1196,5036,Bumrah,KKR,australia,59,male,Rahul Dravid,Tennis,12-01-2022,,2956,,199,8,2,1,,,Chennai, ,Lose,6.8,4,81002,cash,2101,,15,user@yahoo,9876543210,3394,180
1094,5114,Messi,MI,,23,male,,Football,20-07-2021,-1345,,803053,58,8,1,4,50243,11333,Chennai, ,Draw,,,82985,netbanking,18822,115,3,abc@gmail.com,9999999999,1203,16
1132,5067,Bumrah,Barcelona,australia,57,Other,Rahul Dravid,Tennis,03-12-2020,-538,,556613,40,1,9,4,,10276,Mumbai, ,,2.7,,81922,cash,,37,0,abc@gmail.com,,773,173
1101,5176, ,Lakers,australia,13,Female,John Smith,Cricket,15-08-2022,707,2560,,111,4,2,2,8853,7101,Chennai,Sunny,win ,5.1,,83752, ,,,26,,,3056,136
1002,5042,Bumrah,RCB,england,63,male, ,Basketball,,2659,925,1446169,193,0,0,2,57530,5600,Bangalore, ,win ,,,84137,,5148,44,12,,12345,2313,190
1180,5163,Hardik,CSK,,12,Male,,Cricket,20-07-2023,,,866037,95,3,3,3,44601,13607,Bangalore,,Draw,4.3,4,83702,upi,14880,,25,,,2597,149
1022,5057,Rohit ,,Australia,8,femal,,basktball,13-05-2023,418,1442,1161226,181,1,7,4,56487,,,Sunny, lose,,,83192,,,80,7,xyz@,,1403,64
1052,5012,Hardik,Lakers,India,54,female,,Tennis,28-12-2023,,-494,,167,7,4,1,,11118,Mumbai,,,,5,83834,cash,17842,46,5,,,4172,104
1164,5051,Joe Root,Lakers,england,8,Other,Rahul Dravid,Cricket,03-02-2023,,256,,121,3,1,5,12721,,Chennai,,Draw,4.8,6,84438,cash,2911,100,28,user@yahoo,12345,3061,158
1082,5057, Virat,Lakers,India,55,Other,None,Basketball,22-12-2022,,-114,,155,4,2,5,43545,,Kolkata,,,3,,84427, ,7882,,7,,9999999999,3325,164
1144,5031,Joe Root,CSK,India,59,Female,,Football,12-05-2023,-274,-35,873039,164,3,0,2,22995,4924,,rainy, lose,,4,83527,,,,18,xyz@,,1403,133
1084,5104,Ronaldo,Barcelona,India,29,female,None,basktball,19-04-2020,,,229095,104,4,1,2,2698,9915,Mumbai,rainy,,5.4,,80340, ,12757,52,23,abc@gmail.com,,3320,38
1077,5187,Dhoni,CSK,INDIA,63,Other,,footbal,24-09-2020,,2934,,192,4,0,5,42908,10381,Chennai,,Win,9.7,,82388,cash,,107,23,,9999999999,869,19
1109,5082,Hardik,KKR,England,66,femal,Rahul Dravid,Tennis,10-11-2020,-785,774,397920,73,4,1,3,50917,,Bangalore,Sunny, lose,7.4,,83487, ,19260,16,11,,,1083,74
1000,5185,Joe Root,Lakers,sri lanka,47,male,,footbal,23-07-2022,,,,182,2,2,3,19097,19705,Mumbai, ,Draw,,,81700,netbanking,,100,0,xyz@,,973,155
1050,5098,Dhoni,RCB,,12,female,,Football,20-11-2022,2020,2522,,131,6,0,3,,,Chennai,Sunny,Draw,,,81233,,6327,,3,,9876543210,1225,141
1172,5103,,,England,17,male,,Basketball,09-04-2023,-262,,264804,98,2,8,0,37710,,Bangalore,Sunny,Win,,6,82570, ,,,22,,,1802,137
1003,5183,Dhoni,Barcelona,England,45,male,Rahul Dravid, ,07-03-2021,,,,125,1,9,1,,,Delhi,Sunny,Lose,,0,82298,upi,18612,13,12,xyz@,9999999999,2964,17
1189,5027,Dhoni,MI,INDIA,48,Male,,basktball,05-12-2023,,,,137,2,4,0,35709,,,,Win,6.2,6,80137,,,64,29,abc@gmail.com,12345,1188,95
1192,5128,Rohit ,RCB,,69,Female,,footbal,18-05-2023,,,555017,174,2,7,2,,,,Rainy,Win,7.8,6,82798,,-615,,26,user@yahoo,12345,3443,172
1112,5169, Virat,CSK,england,63,male, ,footbal,18-06-2022,-1053,,,74,7,4,3,,,,Rainy,,6.1,,82930,credit card,,,16,abc@gmail.com,9999999999,3934,45
1031,5047,Bumrah,KKR,Australia,,femal,, ,05-11-2023,1119,,428562,13,3,7,3,,2532,Chennai,Sunny,win ,,,83920,credit card,8939,24,18,user@yahoo,12345,4409,88
1033,5039,Joe Root,MI,sri lanka,37,mal,None,Tennis,11-12-2022,,,,37,2,6,5,43149,19505, ,Rainy,win ,6.4,5,84182,cash,13637,,18,abc@gmail.com,9876543210,1321,42
1091,5096,Ronaldo,KKR,england,48,Male, ,footbal,06-08-2022,,,658741,139,9,3,5,,15298, ,Cloudy, lose,,6,81833,upiid,12028,,21,user@yahoo,12345,2023,51
1094,5190,Joe Root,RCB,Australia,63,female,,Football,13-10-2022,1720,1874,,44,4,6,3,,,,,win ,,5,82139,upiid,,61,4,user@yahoo,,4731,186
1071,5199,Bumrah,KKR,,29,male,John Smith,Football,28-03-2021,,2615,765362,144,3,5,4,42715,13740,Delhi,,Draw,,3,80207, ,,8,27,user@yahoo,,4512,113
1038,5113,,Lakers,,58,Male,,Football,24-12-2021,2328,,1042442,162,8,2,5,,,Bangalore,Sunny, lose,2.9,,82233,cash,17516,85,10,,9999999999,438,186
1153,5131, ,RCB,england,50,Male,None,Basketball,12-05-2023,,1219,,193,7,8,1,,11715,Delhi,Rainy,win ,4.5,0,81850, ,,,6,,,164,158
1161,5165,Messi,,India,14,Mle,Rahul Dravid,footbal,08-01-2024,-999,,1155923,74,6,9,0,4515,14002, ,Cloudy,Win,,1,81687,upiid,,7,2,xyz@,9999999999,3337,133
1181,5154,Dhoni,Barcelona,,47,Other,Rahul Dravid,Tennis,30-01-2023,-1678,973,,168,7,8,1,7819,, ,rainy,Lose,,,82203, ,,75,10,,9999999999,3350,8
1117,5136,Hardik,MI,england,15,Other,John Smith,Cricket,05-12-2023,1761,,1062789,194,4,4,5,,1724,Mumbai,Cloudy,Draw,2,4,82208,creadit card,,64,16,,12345,987,37
1002,5110,Hardik,RCB,INDIA,11,Other,None,basktball,13-08-2023,4605,,907222,28,3,7,3,34681,2636,Delhi,Sunny,DRAW,3.2,,80850,cash,,99,10,user@yahoo,9876543210,2529,47
1122,5143,Messi,Barcelona,,53,femal, ,Basketball,05-12-2023,,-135,,17,6,6,2,28578,,,Sunny,Lose,8,,82203,credit card,,,14,,,4612,100
1049,5183,Ronaldo,CSK,england,16,female,,,28-10-2022,1857,311,1003648,19,0,8,4,,2243,, ,Win,5.7,7,83690,upiid,,,18,xyz@,,4177,89
1011,5075,Hardik,MI,INDIA,20,femal, ,Tennis,03-12-2020,3950,378,,13,5,6,5,,6051,Delhi,,Lose,7.4,,83355,credit card,,,7,xyz@,9876543210,4214,173
1192,5030,Messi,Lakers,england,66,femal, ,Basketball,20-06-2022,3368,,,161,7,3,1,17699,,Mumbai, ,,,6,82609,upiid,,23,15,,,3845,133
1053,5118,Messi,KKR,England,55,male,None, ,17-03-2021,1736,1098,1490213,176,6,3,2,10599,,Delhi, ,Draw,,,80223,creadit card,6870,,20,xyz@,,1326,191
1132,5141,Dhoni,KKR,sri lanka,67,female,,basktball,,,1452,1205447,53,1,7,5,57582,,Delhi,Sunny,Lose,,0,83774, ,4331,,14,abc@gmail.com,9999999999,3286,86
1056,5024,Bumrah,KKR,INDIA,13,mal,Rahul Dravid,Basketball,18-01-2024,,1085,879747,30,6,5,3,,19760,Bangalore,,,,1,81411, ,,95,2,abc@gmail.com,9999999999,27,175
1144,5033,Bumrah,KKR,england,19,Male,,,01-06-2022,,,927872,57,5,8,3,,,Chennai,, lose,,3,84392,cash,,74,29,user@yahoo,,2024,25
1111,5066,Bumrah,KKR,Australia,13,Male,,,16-03-2020,,,,103,4,9,3,26298,,, ,win ,2.2,5,80322,cash,,71,23,xyz@,9876543210,4593,126
1046,5151,Joe Root,RCB,india,53,female,,Basketball,24-03-2022,,,918302,169,3,6,3,,,Chennai,Rainy,win ,,5,81511,cash,,1,5,,9876543210,193,178
1150,5117, Virat,KKR,INDIA,68,Male, ,Tennis,22-12-2021,,2761,-16780,185,0,6,5,,, ,,win ,,,82086,,14113,46,2,,12345,591,173
1084,5072,Joe Root,,sri lanka,13,Mle, ,Football,05-12-2023,,2760,1432925,127,1,3,4,,,Bangalore,Sunny,Draw,,4,84600,cash,6695,,29,xyz@,,2489,116
1141,5025,Messi,Lakers,india,8,Mle,,Cricket,25-06-2021,1685,,,157,6,2,4,,5794,Mumbai,Sunny,Draw,2.7,1,82287,,,,4,,,1857,120
1065,5147, Virat,,,35,female,Rahul Dravid,Tennis,28-01-2024,5261,,,24,9,7,1,53618,5627,, ,DRAW,6.1,,80686,creadit card,,106,0,xyz@,12345,112,30
1074,5191,Hardik,CSK,,58,mal, , ,25-02-2023,4599,2647,,190,2,6,5,44694,,Delhi,Cloudy,DRAW,,3,82017,upiid,8194,22,21,,9876543210,1317,48
1178,5103,Smith,KKR,england,51,Female, ,footbal,09-09-2023,,1596,978435,18,4,3,3,29007,,,Cloudy, lose,3.9,2,81468, ,,97,13,,12345,1737,179
1102,5009,Joe Root,KKR,,22,femal,,footbal,05-06-2022,,,,199,7,3,4,,8237,,,Lose,,1,83923,upi,2905,4,11,abc@gmail.com,,2061,94
1165,5066,Joe Root,Barcelona,australia,21,Female,Rahul Dravid,Tennis,05-12-2023,,,1379981,135,7,0,5,,8552,Chennai,Sunny,Lose,5.8,,84835, ,6890,,12,,9999999999,1690,55
1191,5151,Dhoni,KKR,sri lanka,11,Other,Rahul Dravid,Tennis,,,1975,609494,2,5,6,2,42703,1210,Delhi,Cloudy,win ,,6,80996,netbanking,,51,13,xyz@,,3668,183
1037,5004,Bumrah,KKR,INDIA,53,Female,,basktball,26-04-2021,5632,,,194,4,0,4,23916,,Delhi,,DRAW,5.2,2,82534,,9366,,24,xyz@,12345,1394,46
1049,5194, ,Barcelona,England,13,femal,John Smith,Tennis,28-08-2022,4827,,501594,85,1,9,4,25406,,,rainy,DRAW,,4,82812,cash,3659,,11,user@yahoo,9999999999,3168,31
1097,5185,Hardik,KKR,Australia,32,male,None,Football,,4703,,73175,144,8,9,1,,15113,,Rainy,,,,80622,,,,22,xyz@,,3559,162
1081,5026, ,Barcelona,india,28,female,None,basktball,06-04-2021,,,1281564,141,0,3,4,56127,13091,,rainy,win ,,,83824,creadit card,,78,26,,9999999999,2236,92
1029,5112,Bumrah,,india,48,Female,,,19-12-2022,,,279225,8,1,2,2,45149,,Chennai,,Win,6,,82783,cash,,,12,user@yahoo,9999999999,3883,74
1078,5014, Virat,Lakers,India,41,Male,Rahul Dravid,Cricket,28-01-2024,,,25392,189,0,2,3,4955,,Delhi, ,Lose,,1,84393,credit card,-459,,23,,,3251,196
1090,5162,Joe Root,RCB,england,20,male,,Football,10-01-2022,576,200,,93,3,0,0,10004,7805,Bangalore,Cloudy,win ,,,81075,cash,,,5,,12345,3932,161
1178,5104,Bumrah,Lakers,India,38,male,None,footbal,04-07-2023,-221,2739,,148,3,3,1,55018,, ,,Win,10,,80303,,109,23,26,xyz@,9999999999,3014,56
1190,5180,Joe Root,RCB,,60,femal, ,Tennis,12-06-2021,2407,,53871,164,4,0,2,,7340,Chennai,Cloudy,Draw,,,80663,,,,20,user@yahoo,9999999999,3486,186
1051,5043,Messi,MI,,20,Male, ,Football,20-10-2022,,2995,1214549,138,4,7,1,,17765,Mumbai,Sunny,Lose,2,,82946,credit card,,59,14,abc@gmail.com,,1128,122
1165,5025,Smith,,INDIA,53,Female,,Football,,4876,,,19,7,0,5,53051,,,,Win,2.6,7,83994,cash,11234,46,27,abc@gmail.com,,1696,57
1078,5174,Bumrah,Barcelona,India,39,Mle,Rahul Dravid, ,19-04-2022,,125,,34,2,5,3,19873,7259,,rainy,Lose,9.9,3,81992,netbanking,,1,21,,,132,17
1029,5161,Rohit ,CSK,,46,female,,basktball,20-11-2021,5184,2396,30239,52,5,6,4,,1096,Delhi,Cloudy,win ,9.2,3,83495,netbanking,,,22,,,4665,139
1105,5094,Hardik,Lakers,sri lanka,53,Other,None,Tennis,12-05-2023,,1171,206200,174,2,9,5,54830,,,Rainy,Lose,1,4,82694,creadit card,9584,,15,xyz@,12345,4220,199
1050,5177,Smith,Barcelona,india,19,Mle,None,Tennis,30-11-2022,3012,,1123265,109,1,1,4,832,19979,,,Lose,5.1,,84304,cash,793,120,8,,12345,3539,17
1080,5083,Bumrah,CSK,,38,female,None,Tennis,09-03-2023,,,,179,7,3,2,31988,, ,,Draw,7.9,3,83198,creadit card,,54,7,,,2988,105
1132,5139,Rohit ,CSK,england,26,Male,Rahul Dravid,footbal,20-05-2022,4952,,374419,135,0,2,3,28401,, ,,,6.3,,80518,netbanking,7077,,4,user@yahoo,,4302,138
1028,5131,Rohit ,RCB,India,54,female,, ,24-09-2021,-1983,2513,938243,3,8,8,0,,,Bangalore,Cloudy,DRAW,8.6,3,84433,cash,4573,30,14,user@yahoo,,3293,154
1131,5086,Hardik,RCB,INDIA,51,Male, ,Cricket,04-05-2023,,293,612853,154,6,6,0,,19569,Mumbai,Cloudy,Win,2.1,7,81869,,,31,6,xyz@,12345,311,134
1137,5175,Bumrah,MI,Sri Lanka,45,mal,,,11-02-2023,,2056,,171,9,1,4,,15261,Mumbai,rainy,,7.5,5,83810,creadit card,12604,119,23,xyz@,,2429,81
1183,5182,Smith,Lakers,,63,Other, ,Basketball,19-01-2023,,,,167,3,5,5,,,,rainy,,2.7,,80912,credit card,-638,,16,,9876543210,1785,16
1144,5111,,MI,,63,Female,, ,12-05-2023,,,32240,101,2,8,3,48845,,Chennai,,win ,,,83934,upiid,,,15,,,4391,103
1073,5128,Dhoni,,England,11,female,,Basketball,28-01-2021,844,,,46,5,2,3,,,Mumbai, , lose,1.5,0,84902,,,89,23,user@yahoo,,401,90
1016,5088, Virat,CSK,INDIA,36,Other,,Football,23-10-2023,,,,93,8,5,2,18970,13520,Kolkata,Sunny,Lose,,,83188, ,,69,10,user@yahoo,,1596,4
1083,5065,Rohit ,MI,Australia,19,Female,,,23-08-2020,,49,,171,8,2,5,57642,15508,Chennai,,Lose,,1,81315, ,,,6,user@yahoo,9999999999,121,62
1068,5157, ,MI,,40,Female,John Smith, ,,4470,,1142604,47,3,2,0,,,Chennai,Cloudy,win ,,3,83228,,,69,10,,12345,750,192
1033,5130,Bumrah,CSK,Australia,8,male,None,footbal,05-12-2023,,2722,,90,9,3,2,,15500,,Sunny,,7,,80571,upi,,109,27,xyz@,9876543210,105,56
1005,5121,Dhoni,MI,australia,13,mal,,footbal,15-11-2021,-273,,,179,4,8,1,6852,,,Cloudy,,4,,83255,,10017,,27,user@yahoo,9876543210,1059,151
1052,5148,Dhoni,Lakers,Australia,19,Male,, ,22-09-2021,797,,,83,8,7,3,33039,3657,,, lose,,2,82471,netbanking,13776,,1,,12345,4167,33
1193,5083,Dhoni,RCB,sri lanka,,male,Rahul Dravid,basktball,25-04-2022,,2476,521642,67,1,0,0,31707,16028,Chennai,rainy, lose,,0,80097,netbanking,,6,1,xyz@,9876543210,4663,31
1125,5176,Messi,KKR,Australia,20,male,,,16-11-2020,4994,,338036,138,1,0,2,,9962,Chennai,Rainy,DRAW,1,7,84033,upiid,8108,,27,xyz@,9999999999,3238,135
1042,5115,Smith,Lakers,england,24,Female,,Football,13-04-2023,4719,1471,,124,4,6,4,52088,,,Sunny,,,,81639,upi,,,5,xyz@,9999999999,1244,133
1114,5189,Rohit ,Lakers,australia,17,female, ,Basketball,,-1569,,512609,72,0,2,1,58662,17638,,,Lose,,2,84842,upi,,113,2,,9876543210,75,165
1110,5115,Bumrah,MI,,64,male,None,Football,18-07-2020,,,681907,3,7,6,2,,7840,Delhi,Cloudy,DRAW,3.1,4,84027,,,,0,xyz@,,1009,1
1150,5037,Dhoni,CSK,India,42,Female,John Smith,Tennis,27-05-2021,2152,-139,,75,4,8,4,,6918,Chennai,,Draw,,0,80260,creadit card,13601,,23,xyz@,,3282,198
1182,5142, Virat,Barcelona,australia,44,Other,None, ,07-02-2020,,,,72,9,2,0,,,Delhi,,DRAW,6.4,,80935,upiid,,116,22,,9999999999,2275,45
1079,5109, Virat,MI,india,,mal, ,Tennis,10-09-2023,4565,,,76,1,2,0,,,,Sunny,Win,8.2,1,81797, ,9498,,19,,9876543210,3808,47
1094,5179,Ronaldo,,INDIA,20,Other,John Smith,,02-12-2021,1180,,593845,47,8,1,1,34492,13010,,Rainy,Draw,,,80331,creadit card,15600,,15,user@yahoo,9876543210,452,196
1117,5045,Dhoni,Lakers,,52,male,Rahul Dravid,Basketball,22-12-2022,3612,,,153,1,9,4,52219,,,Cloudy, lose,8.2,4,84210,upiid,1455,,13,user@yahoo,9999999999,765,30
1143,5024, Virat,,India,15,Male,None,,12-05-2023,5090,,,101,6,0,3,,11233,,rainy,Draw,2.6,,80267,cash,,,16,abc@gmail.com,,4582,81
1007,5020, ,Barcelona,,52,Female,,basktball,18-03-2023,2457,,,105,7,8,0,,4550,Mumbai,, lose,4.7,,82059,upiid,5165,84,17,abc@gmail.com,12345,2715,188
1131,5120,,KKR,,56,Female,Rahul Dravid,Football,03-03-2022,,,893257,76,5,5,5,,5043,Bangalore, ,win ,4.3,,80072,,,107,24,,12345,1497,24
1103,5121,,Lakers,india,12,Female,,Basketball,11-04-2023,2533,1374,,38,6,5,3,40853,, ,,DRAW,9.6,,82921,upiid,11594,43,3,abc@gmail.com,,3946,31
1131,5132,Rohit ,RCB,india,20,Female,None,,05-12-2023,,,703425,57,0,7,3,49462,,Mumbai,Sunny, lose,9.6,,82453,netbanking,1380,119,2,xyz@,9999999999,3732,28
1183,5069,Smith,Barcelona,Sri Lanka,19,mal,None,Cricket,27-07-2022,5213,2666,154927,18,3,4,2,,14974,Bangalore,rainy,Draw,,,83888,,2544,22,7,user@yahoo,9876543210,4925,173
1024,5112,Smith,,,62,mal,Rahul Dravid,basktball,13-10-2023,-1121,-160,887985,87,6,8,2,23148,1111,,Rainy,Lose,1.8,0,80177,cash,5695,118,3,user@yahoo,12345,2838,132
1194,5106, ,Barcelona,india,28,Female,John Smith,Football,03-03-2022,,74,190807,112,0,4,0,,5641,, ,Lose,3.3,7,81999,upiid,,70,22,abc@gmail.com,,489,189
1095,5111,Bumrah,Barcelona,india,56,male,John Smith, ,20-11-2020,2113,1524,,76,0,1,3,24160,,Mumbai,Rainy, lose,9.3,,80771,creadit card,,78,14,abc@gmail.com,,2423,39
1194,5107, Virat,MI,INDIA,22,male,,,24-06-2023,,-72,1456091,76,5,5,2,51175,11216,Bangalore,Cloudy, lose,5.8,,80945,,10433,,12,,,1935,83
1154,5046,Joe Root,Lakers,australia,18,Male,Rahul Dravid,Basketball,05-12-2023,3751,,1142998,185,3,8,4,36033,14838,Chennai,,win ,4.2,0,84495,upiid,12263,,13,,,2749,152
1092,5195, Virat,KKR,australia,33,Female,Rahul Dravid,Cricket,28-10-2023,,2064,,27,2,2,4,,,Delhi,,,3.8,,80269, ,1392,69,29,user@yahoo,9999999999,3296,71
1159,5090,Hardik,Barcelona,INDIA,48,Male,,Cricket,12-05-2023,,,,65,4,9,4,,17893, ,Sunny,win ,,4,81855,credit card,18292,52,13,abc@gmail.com,,4570,174
1177,5017,Ronaldo,Barcelona,india,61,Other,John Smith,,30-08-2020,,,813040,9,8,3,4,,7263,Chennai,Rainy,win ,,1,81655, ,9960,81,4,,9999999999,3691,181
1060,5148, ,MI,india,45,male,John Smith,footbal,20-10-2023,-961,1509,192287,125,9,9,3,,,Delhi,,Draw,7,,83752,cash,1058,114,4,,12345,1103,176
1121,5103, ,CSK,Sri Lanka,26,femal,John Smith,Football,13-08-2022,-1182,,,57,9,7,4,,18045,,, lose,,2,82533,netbanking,735,,26,,9876543210,1599,9
1050,5150, ,KKR,England,46,Other, ,,09-01-2021,1647,,1260139,141,9,5,3,28436,,, ,win ,9.1,0,84154,upiid,,,21,xyz@,9876543210,3281,22
1146,5191,Joe Root,MI,Australia,34,female, ,footbal,10-01-2020,,,837113,124,2,6,0,49277,, ,Rainy,Draw,,,82689,netbanking,,,27,,,3160,127
1020,5194,Hardik,CSK,england,40,female,None,Cricket,06-11-2022,2231,,,111,4,6,0,,,,,DRAW,,5,84982,creadit card,11625,,12,abc@gmail.com,12345,3945,2
1004,5039,Ronaldo,RCB,india,48,female,,footbal,09-11-2023,-1994,,,83,9,3,4,26741,,,,Draw,,,84361,creadit card,12517,90,3,,,225,91
1091,5137,Dhoni,CSK,Sri Lanka,26,Male, ,Tennis,01-02-2023,,,963506,142,4,5,4,31060,,, ,,6.8,,82122,netbanking,,,17,xyz@,12345,4803,16
1169,5088,Dhoni,Lakers,India,21,Mle,Rahul Dravid,Football,,,-385,18922,95,8,8,4,,,Delhi,Cloudy,,2.4,,83161,netbanking,-558,70,5,,,1714,5
1060,5179,Bumrah,KKR,england,35,female, ,,23-05-2023,5980,,,32,9,2,0,,,,Rainy,,8.2,,80504,upi,,81,28,user@yahoo,,4149,140
1021,5199, ,,india,24,mal,None, ,22-10-2022,,,388774,144,3,7,2,23460,6824,,,DRAW,,5,82404,cash,,45,4,,12345,2243,180
1148,5060,Ronaldo,KKR,Sri Lanka,60,mal,John Smith,Cricket,25-04-2023,-946,1693,634322,151,0,6,0,12535,19895,Kolkata, ,win ,,,82201,credit card,,,2,abc@gmail.com,12345,2892,154
1069,5191,Bumrah,KKR,,30,femal, ,basktball,28-11-2023,734,,52926,157,9,3,4,,,Mumbai,,win ,,4,83289,,,110,19,user@yahoo,,2345,15
1000,5004, ,Barcelona,india,55,female,,Tennis,21-04-2022,,,,189,4,9,2,27512,335,Mumbai,rainy, lose,1.4,2,84581,upiid,19668,112,2,abc@gmail.com,9876543210,578,67
1132,5121, ,Barcelona,Australia,23,Male,None,Cricket,14-04-2020,1964,2253,429544,140,0,2,2,,, ,Rainy,,1,4,81153,creadit card,13447,114,2,abc@gmail.com,,1698,73
1011,5180,Rohit ,Lakers,,41,male,None,Tennis,30-09-2022,,2579,,189,5,6,1,,,Delhi,rainy,DRAW,5.8,,84161,creadit card,,,19,xyz@,,4595,187
1089,5054, ,Lakers,england,8,Other,None,Basketball,18-05-2022,-1062,,603060,46,9,9,3,10006,10684,,rainy,win ,,,82427, ,,,1,xyz@,12345,2671,92
1045,5036, Virat,Lakers,england,49,Mle,Rahul Dravid,Basketball,19-12-2021,,,,111,9,8,4,,14114,,Cloudy,Win,6.3,1,81336,,872,115,19,user@yahoo,9876543210,4301,167
1033,5055,Joe Root,RCB,England,64,Female,,,24-06-2021,4265,94,,143,6,9,3,53614,13533,Bangalore,Sunny,Draw,5.5,6,80406,,2685,36,25,xyz@,9876543210,2927,63
1176,5186,,MI,,69,male, , ,05-09-2023,,,578504,193,0,2,1,28497,4996,Bangalore, ,DRAW,3.4,,83478,netbanking,14069,,26,,,278,100
1077,5101,Joe Root,Barcelona,Sri Lanka,51,Mle, ,footbal,15-06-2021,,,,42,9,9,3,,,Bangalore,Sunny,win ,,3,84044,cash,,68,17,,9876543210,1468,25
1044,5092,Bumrah,KKR,INDIA,24,male,None,Football,25-06-2022,,388,,7,3,8,4,,,, , lose,8.4,3,80276,netbanking,,73,29,,,4772,41
1154,5196,,KKR,INDIA,26,Female,None,Basketball,10-07-2023,,2884,,2,8,7,1,,,Delhi,Cloudy, lose,,4,83480,credit card,,74,9,,,940,28
1072,5072, Virat,Lakers,australia,56,Female,,footbal,26-06-2022,,2330,940380,124,0,2,3,41228,10479,,Sunny,DRAW,3.4,4,82361,netbanking,,97,23,user@yahoo,9999999999,2318,111
1025,5058,Smith,KKR,India,18,Mle,None,basktball,19-08-2023,,-236,1011961,11,8,7,0,,3060,Mumbai,Rainy,,4.6,,82596,upi,14749,64,25,,12345,4536,21
1046,5001,Joe Root,Lakers,INDIA,12,Male, ,footbal,02-06-2021,1872,397,,83,7,3,2,,,Kolkata,, lose,,,81968,upi,15122,109,20,,9999999999,1783,61
1120,5192,Smith,,,11,mal,John Smith,Cricket,25-06-2022,,-461,,15,4,5,1,,,Mumbai,Sunny, lose,4.5,,80460,creadit card,,103,28,abc@gmail.com,9999999999,1875,103
1055,5103,Hardik,,,12,male,,basktball,12-01-2020,,649,,77,5,9,0,,,Kolkata,, lose,6.4,3,82446,netbanking,4871,67,6,,12345,4643,185
1093,5187, Virat,KKR,,39,femal,John Smith,Tennis,09-12-2022,,-306,,58,6,1,4,,5040, ,Sunny,,,,83739, ,11455,,26,xyz@,,3226,139
1106,5050,Smith,,,30,Male,None,Football,09-04-2021,390,,278044,176,3,7,2,20582,,, ,Win,,,81582,cash,,35,19,abc@gmail.com,9999999999,3728,147
1062,5029,Rohit ,Barcelona,India,65,femal,,basktball,25-02-2020,808,,,62,5,8,1,,,Kolkata,rainy,Win,,4,83517,cash,2777,16,25,xyz@,,985,75
1047,5010,Ronaldo,RCB,india,54,male,John Smith,Basketball,16-12-2021,,2914,,189,6,6,2,34736,,Kolkata, ,Win,,,84802,cash,,78,21,abc@gmail.com,12345,2819,1
1060,5107,Dhoni,Lakers,England,11,male,Rahul Dravid,Cricket,07-03-2020,,,,48,5,7,5,44302,14133,Delhi,,Draw,7.2,6,84198,upiid,9215,,28,user@yahoo,,3970,160
1080,5075, ,Barcelona,England,47,Mle, ,Basketball,15-01-2020,,,133721,50,5,6,5,47126,,Delhi, ,DRAW,3.5,,82375,creadit card,18746,,27,abc@gmail.com,12345,2066,109
1025,5166,Dhoni,RCB,Sri Lanka,56,mal,None,Tennis,10-02-2021,,,,32,1,9,1,26149,,,Rainy,Win,2.4,1,82739,upiid,18444,98,13,abc@gmail.com,,424,77
1035,5089,Bumrah,CSK,,60,male,None,footbal,05-04-2022,4645,2513,,29,4,3,1,,,Bangalore,Sunny,,,,80971,credit card,,89,9,user@yahoo,9999999999,2105,162
1000,5122,Rohit ,KKR,,35,Male,John Smith,,,,,,186,2,0,3,2075,,Kolkata, ,win ,,6,81325,credit card,,89,19,,9876543210,2470,17
1007,5199,Joe Root,RCB,sri lanka,13,female,None,basktball,12-05-2023,,,1444499,75,6,2,2,,,Mumbai,Sunny,DRAW,5.6,4,80152,netbanking,,,15,user@yahoo,,3794,183
1112,5190,Bumrah,KKR,India,51,femal,,Tennis,12-09-2021,,-348,1294808,14,3,6,5,32384,6297,Delhi,rainy,DRAW,6.3,2,83608,creadit card,2043,,5,,9876543210,2891,111
1098,5191,Bumrah,Barcelona,INDIA,56,femal, ,Cricket,27-11-2023,-1722,,513197,81,0,6,5,,7937,Kolkata, ,DRAW,2.7,6,83960,upiid,9782,,16,xyz@,12345,1683,19
1179,5188,Dhoni,RCB,sri lanka,65,mal,,Basketball,29-02-2020,3940,2000,171910,91,5,2,2,32587,2882,Delhi,Cloudy,win ,5.2,1,83106,cash,,56,5,,,3173,74
1046,5124, Virat,KKR,australia,53,Female, ,Basketball,23-04-2020,5980,,563916,22,5,0,5,,16701,Kolkata,Rainy, lose,8.3,,83086,cash,13209,99,21,,12345,3147,170
1126,5181,,,india,36,Male,,footbal,27-06-2020,,2512,952139,93,6,9,0,,16711,Bangalore,rainy, lose,,7,80729,upiid,13928,50,17,user@yahoo,,4061,59
1055,5121,Joe Root,MI,Australia,8,female,John Smith,Football,02-03-2022,4058,,,44,7,8,5,,19370,,rainy,DRAW,7.7,,83967,cash,,75,27,,,4051,115
1013,5093,Bumrah,MI,,,femal,John Smith,footbal,17-12-2023,,,,61,2,5,5,,17783,Bangalore,rainy, lose,,1,84169,upi,4334,,9,,9876543210,3651,38
1027,5102,,CSK,India,55,male,Rahul Dravid,basktball,,3540,1976,635162,198,5,6,4,,,Chennai,rainy,,,,84951,cash,,66,9,,9876543210,4161,31
1077,5185, ,MI,sri lanka,51,Other,None,Basketball,05-12-2023,,2685,1223601,14,9,0,0,,,Chennai,rainy,Lose,,5,84002, ,14020,,8,,,4910,194
1129,5183,,MI,India,13,Male,, ,23-11-2022,3836,1614,1017282,45,1,0,3,,15020,,rainy,,9.6,,82332,upi,,0,21,user@yahoo,,1174,106
1108,5161,Joe Root,,sri lanka,28,Female,,Tennis,17-07-2023,,,381936,63,8,3,1,,19926,Bangalore,Rainy,win ,3,,81573,cash,9454,,27,user@yahoo,12345,2949,111
1153,5030,Ronaldo,MI,sri lanka,45,female, ,Tennis,19-08-2021,4521,592,,173,1,6,5,6857,7625,Kolkata,,Lose,8.7,,83268,upi,15979,,14,user@yahoo,,1809,197
1013,5051, Virat,,INDIA,57,Other, , ,19-08-2023,876,1058,,183,2,7,3,,,,,,,,84375, ,12776,,10,xyz@,,436,50
1186,5088,Hardik,CSK,Australia,66,Female,John Smith,,18-03-2022,,,220184,171,9,9,3,54001,10952,Chennai,Sunny,DRAW,6.8,,84882,credit card,9576,,28,xyz@,9999999999,4885,126
1055,5075,Joe Root,RCB,England,66,male,, ,22-05-2021,3967,,535742,74,1,8,0,21438,,Bangalore,rainy, lose,9,2,80685,creadit card,17674,22,6,abc@gmail.com,,234,158
1114,5128,,Barcelona,india,31,Mle,,Basketball,06-10-2020,-847,2369,,156,8,0,1,23825,,Delhi,,DRAW,,3,83888,creadit card,15327,,17,,,4770,103
1006,5182,Smith,,Australia,52,female,,Football,,,,,189,0,3,4,39286,7763,Bangalore,Sunny,win ,6.9,7,81579, ,2967,,1,,,2145,163
1002,5021,Bumrah,Barcelona,India,51,mal,None,Football,25-06-2021,,,,51,4,3,3,55325,,Kolkata,Sunny,win ,7.2,,80968,creadit card,,74,1,,9876543210,3575,59
1110,5039,Smith,,England,46,femal,Rahul Dravid,Tennis,19-04-2020,,,1375610,181,0,2,4,,2390,Bangalore,Cloudy,Draw,9,,83737,upiid,,30,25,abc@gmail.com,,4856,121
1150,5100, Virat,KKR,INDIA,51,femal,,basktball,03-08-2021,,,248857,87,4,6,1,,14894,Mumbai, ,,,,82033,netbanking,,117,12,xyz@,,3561,145
1106,5110,Rohit ,KKR,Australia,69,femal,Rahul Dravid,Cricket,,-1384,803,,56,7,0,1,12583,,Delhi,Rainy,Lose,8.2,,80767,cash,,13,10,abc@gmail.com,,2474,95
1017,5128,Smith,Lakers,india,12,mal,Rahul Dravid,basktball,12-05-2023,,,,82,7,8,0,,,Mumbai,Cloudy,Draw,2.7,,80645,,16914,,24,xyz@,,226,194
1037,5064,Bumrah,MI,INDIA,44,Mle,John Smith,basktball,16-09-2022,3625,,,65,7,7,2,11933,,Bangalore, ,,,2,84121,,-902,,18,,,2610,149
1114,5190, ,KKR,australia,24,male,None,footbal,,,2257,83938,149,1,1,5,,,Mumbai,,Lose,,,81079,creadit card,18326,37,28,,9999999999,2275,94
1014,5181, ,CSK,australia,54,female, ,Football,13-03-2022,,,,19,7,1,0,,7701,,Sunny, lose,,0,80636,cash,,,19,xyz@,,4801,52
1191,5169,Bumrah,CSK,Sri Lanka,61,Male,John Smith,footbal,27-04-2023,-971,2050,,32,4,7,4,53522,,Bangalore,Sunny,Win,1.1,,84325,credit card,,,0,abc@gmail.com,9876543210,1815,193
1118,5148,Dhoni,,Australia,28,Mle,None,basktball,22-07-2023,1558,,,71,0,0,0,,,Bangalore, ,Win,6,1,82100,,4746,89,16,user@yahoo,9999999999,3854,142
1027,5078, Virat,CSK,india,36,Female,,footbal,28-04-2021,2485,,,24,6,6,1,,15615,Mumbai,rainy, lose,,0,80100,cash,16937,49,19,,,3995,16
1038,5021,Dhoni,CSK,England,30,male,None,,,,1711,,45,5,8,3,40602,11452,Delhi,Rainy,Win,,1,83917,netbanking,,95,29,,9999999999,1410,55
1184,5165,Bumrah,RCB,sri lanka,55,Male,,Tennis,16-03-2021,1257,,,72,4,2,5,,4454,Chennai,,win ,,,84899,credit card,6101,37,17,xyz@,9876543210,4764,137
1016,5098,Ronaldo,KKR,,59,male,,footbal,04-09-2023,3420,-106,,97,0,6,5,37633,3116,,rainy,win ,7.2,3,80868,netbanking,15526,110,7,abc@gmail.com,,3379,136
1085,5007,Bumrah,KKR,australia,38,Other,None,Football,26-08-2022,-1782,,,56,0,5,2,,10845, , ,,9.7,5,84097,cash,,,12,xyz@,,1845,162
1125,5189,Hardik,CSK,Sri Lanka,31,Male, ,Cricket,30-11-2021,878,2909,146720,86,5,6,1,22723,12119,Kolkata,Cloudy,DRAW,2.4,,80021,upiid,8900,,3,,9999999999,1337,109
1043,5174,Hardik,MI,Sri Lanka,39,mal,Rahul Dravid,Basketball,05-12-2021,3233,,168742,132,9,6,5,,12988,,rainy, lose,1.2,3,82625,cash,,,18,xyz@,,117,161
1024,5016,Dhoni,RCB,england,27,Female,, ,06-11-2023,154,,,54,6,9,5,46591,10788, , , lose,5,,81903,cash,16621,,2,abc@gmail.com,9876543210,1868,94
1144,5016,Dhoni,KKR,sri lanka,56,femal,, ,12-05-2023,245,,414841,60,9,0,3,33999,15025,Chennai,,Lose,3.1,,82576,creadit card,12683,,5,user@yahoo,12345,2097,7
1012,5089, Virat,KKR,england,39,male,None,Football,12-05-2023,1337,,,88,9,2,4,,,Chennai,Rainy, lose,5.3,3,84109,credit card,,71,27,,,1813,149
1024,5140, ,,Australia,28,Other, ,Football,21-08-2022,,,,7,0,9,4,,,,Rainy,DRAW,2.6,1,84614,upiid,,,28,abc@gmail.com,,1587,133
1067,5144,Rohit ,Lakers,australia,42,female,None,Tennis,03-05-2020,2320,,,15,8,0,4,,,Mumbai,Sunny, lose,9.3,7,83293,netbanking,,118,5,,9876543210,3252,199
1137,5165,Ronaldo,Barcelona,INDIA,55,Other,John Smith,Cricket,03-12-2023,,1261,,175,3,4,0,3430,,Bangalore,rainy,Lose,2.5,,81935,netbanking,5243,76,21,abc@gmail.com,9999999999,542,140
1066,5080,Messi,MI,Australia,20,Mle,John Smith,,23-11-2020,1628,,,115,4,2,4,,14263,Chennai, ,Lose,4.1,3,80615,,3710,103,5,,12345,2374,187
1108,5077, ,Lakers,,22,Male,Rahul Dravid,Basketball,12-01-2024,,2951,,60,1,0,4,,,Bangalore, ,Draw,6.7,0,82450,upi,,,23,user@yahoo,,1526,81
1145,5172,Bumrah,MI,australia,45,male,Rahul Dravid,Football,05-12-2023,,,,14,9,1,0,15604,6214,Delhi, ,Lose,3.7,,83584,netbanking,,118,7,abc@gmail.com,,3567,186
1110,5005,Rohit ,Barcelona,england,18,Male,John Smith, ,17-09-2020,,,,192,7,9,3,41074,4314,Bangalore,rainy,win ,1.3,4,80286,netbanking,13724,42,24,abc@gmail.com,,1269,88
1110,5162, Virat,RCB,india,10,Other, ,Basketball,15-01-2022,,-398,,149,1,4,1,,18048,,Sunny,win ,,,83318,upi,15332,,16,xyz@,9876543210,601,165
1033,5109,Joe Root,Barcelona,,52,Female,,,01-09-2021,,424,,130,2,2,5,42884,14594,Chennai, ,Win,5.6,2,81923,upi,,,9,user@yahoo,,3614,108
1110,5013,,,,30,mal,John Smith,Tennis,05-12-2023,-819,1863,515977,101,8,5,2,,2434,Delhi, ,Lose,9.5,7,84921,,,,23,user@yahoo,,2149,83
1007,5071, ,RCB,australia,34,mal,Rahul Dravid,Football,23-05-2021,,,,53,1,8,5,,261,Bangalore,Sunny,DRAW,,2,82773,upi,,,4,user@yahoo,12345,3301,45
1167,5188, ,,INDIA,37,Male,None, ,02-07-2022,,,1453498,13,5,5,4,42534,16207,Kolkata,Cloudy,win ,8.5,3,82090,,,21,18,,9876543210,387,80
1112,5142,Rohit ,KKR,Australia,64,mal,,footbal,31-10-2022,-23,640,,35,3,1,4,,6111,Mumbai,rainy, lose,4.5,,82801,creadit card,1792,,10,user@yahoo,12345,3680,25
1082,5053,,,Sri Lanka,37,female,,Basketball,,,723,5374,104,6,1,5,,,Mumbai, ,Lose,5,,80992,,16865,,9,,9876543210,1602,27
1041,5026,Bumrah,MI,england,28,male,Rahul Dravid,Football,,,-411,,81,5,7,5,,,Bangalore,,,,7,81584,cash,12558,7,2,,9999999999,3282,51
1168,5012, ,Barcelona,Sri Lanka,67,male,None,,08-04-2022,469,,277404,66,9,7,4,26847,306,Mumbai, , lose,5.4,4,81903, ,16391,36,21,,9999999999,2696,119
1100,5158,Rohit ,Barcelona,england,58,Mle,,Basketball,02-03-2020,2937,,,9,8,5,0,49409,, ,, lose,3.6,,80875,netbanking,,76,23,abc@gmail.com,,4434,170
1005,5162,Smith,Barcelona,,62,Female,,Football,12-10-2022,,367,,48,8,9,0,29151,11642,Kolkata,,Draw,,0,84829,,15178,,9,user@yahoo,12345,4151,108
1179,5059,Dhoni,,australia,68,femal,,Cricket,23-02-2021,2327,1735,720594,110,9,6,0,43370,, ,Rainy, lose,1.2,,81885,upiid,,,1,user@yahoo,9876543210,3833,199
1025,5005,Hardik,Lakers,England,,femal,, ,09-09-2021,,772,1451658,64,3,0,2,49026,,Bangalore,Cloudy,Win,8.3,,80143,credit card,,119,27,xyz@,9999999999,1305,170
1063,5196,,Lakers,,33,Mle,,footbal,15-11-2022,,,,56,0,8,1,,6061,,,,,,82256,,,69,8,xyz@,,716,60
1186,5057,Dhoni,MI,india,37,male,Rahul Dravid,Basketball,11-04-2021,-1802,,,26,1,4,4,16137,16383,,Cloudy,DRAW,,,81122, ,,,4,,9876543210,3655,72
1183,5048,Bumrah,KKR,,63,Male,None,Basketball,20-12-2021,,,1429514,112,7,8,3,,16392,,,DRAW,9.7,5,80699,,,94,20,abc@gmail.com,12345,2991,186
1058,5150,Smith,RCB,england,65,female, ,Football,03-11-2021,,2315,,132,9,1,5,,16171,Delhi,Sunny,Draw,,5,84209,,,94,16,xyz@,9999999999,313,80
1108,5161, ,KKR,england,37,Mle,,footbal,15-01-2020,3505,,816991,70,7,7,5,59593,15863, ,,win ,4,0,80270,upi,,83,5,xyz@,,2280,72
1197,5025,Ronaldo,RCB,Australia,36,Male,John Smith,,24-06-2023,2588,,7678,82,1,6,4,,9045,,Cloudy,,,1,80062, ,,96,28,,,2622,96
1120,5046,,Lakers,,17,female,John Smith,Football,,,2582,575704,56,3,3,4,,, ,,Draw,,4,81007,credit card,962,,10,xyz@,12345,887,126
1032,5004,Dhoni,CSK,England,17,Male,None,Tennis,22-01-2021,,,641417,119,0,2,4,,,Delhi,rainy,Lose,8.2,,82843,upi,,,26,abc@gmail.com,,4342,150
1180,5019, Virat,Lakers,England,55,Female,None, ,02-11-2022,2310,2216,,92,6,3,5,35423,5484,Bangalore,Cloudy,Win,,1,82272,upi,13204,,4,,9999999999,2489,96
1149,5133,Dhoni,,,56,Male, ,footbal,09-03-2022,1093,1472,1033208,14,3,3,4,,,Mumbai,Rainy, lose,5.6,,81982,,-942,,6,xyz@,9999999999,1922,186
1020,5197,Messi,,india,32,femal,, ,18-06-2020,,452,1276352,110,7,9,5,56720,9398,Kolkata,rainy,win ,6,,82428,credit card,,,6,xyz@,,4029,139
1197,5058,Ronaldo,Barcelona,Sri Lanka,34,mal,Rahul Dravid,,28-10-2021,5420,1554,,100,8,9,1,,,,Cloudy,Draw,5.2,7,83724,,,95,3,user@yahoo,9999999999,3063,109
1069,5191,Messi,Lakers,INDIA,68,Other,, ,30-06-2021,-172,,,118,8,7,3,14250,4775,Bangalore,,Lose,,,84413, ,12859,,20,user@yahoo,,160,6
1111,5145,Messi,MI,India,9,Other,,Football,26-03-2020,5057,,819537,75,2,3,0,55137,,Bangalore,Rainy,DRAW,,4,82755,upi,18870,109,9,abc@gmail.com,,2187,22
1003,5131,,KKR,sri lanka,63,femal,,Cricket,08-10-2021,765,,656715,157,4,4,3,,,Mumbai,,Win,4.1,5,83734,upiid,15482,,29,user@yahoo,,2351,103
1093,5016, Virat,Barcelona,australia,16,mal,Rahul Dravid,Tennis,19-02-2020,,,1106023,19,5,1,4,31907,, , ,,3.6,,81292,upiid,,59,23,xyz@,9876543210,1483,12
1074,5013,Smith,CSK,,58,Mle,John Smith,Basketball,,,2791,,164,5,3,3,,18313,Mumbai,rainy,Lose,7.2,,84509,creadit card,19891,,17,abc@gmail.com,9999999999,3892,27
1189,5012,Messi,RCB,england,28,Female,, ,31-01-2022,,2618,721186,130,9,6,4,,,Mumbai,,,3.2,,84320,netbanking,,74,0,xyz@,9999999999,1737,129
1061,5134,Ronaldo,KKR,australia,32,femal,, ,01-12-2021,,2920,,72,7,2,3,19500,,,Cloudy,Win,6.6,2,81177,netbanking,10646,,13,abc@gmail.com,9999999999,4220,192
1093,5127,Dhoni,Barcelona,,63,Other,None,Cricket,20-04-2020,4532,2561,1189337,121,5,0,2,,,Kolkata,Cloudy, lose,6.6,3,84716,creadit card,7461,120,5,xyz@,,1908,80
1094,5043,Bumrah,KKR,,48,femal,, ,27-02-2021,,,,40,5,7,3,,,Chennai,,Win,1.5,,82620,upi,15622,96,10,,,1370,167
1151,5118,,CSK,sri lanka,17,femal,None,basktball,23-09-2020,,,942231,166,3,7,0,,,,Sunny,win ,,,82536,upiid,,59,13,xyz@,9999999999,1977,60
1054,5142,Ronaldo,RCB,England,33,Mle,,Tennis,28-06-2023,,,515898,153,6,5,0,,3485,,Cloudy,Draw,,3,81968,cash,,83,19,,9876543210,3395,116
1136,5018,Hardik,KKR,england,31,mal,,Football,,,,15707,129,7,6,3,,807,Bangalore,Sunny,,3.7,4,81195,cash,,67,28,,,2454,70
1130,5062,Rohit ,Lakers,India,8,male, ,Tennis,04-12-2020,3857,1386,,22,2,9,5,,, , ,DRAW,9.6,2,82831,upi,18088,,25,,9999999999,4259,182
1030,5162,Dhoni,Barcelona,india,35,female,,footbal,29-03-2022,4961,,,22,6,1,5,22994,3056,,Sunny,Lose,6.2,2,80507,,,,2,abc@gmail.com,9876543210,4957,153
1039,5080, Virat,KKR,INDIA,58,Mle,,Cricket,16-05-2021,,1819,103554,143,2,4,5,17978,13824,Delhi,rainy,Win,,6,80404,upiid,,104,15,user@yahoo,9876543210,2287,148
1035,5162,Messi,CSK,England,60,Other, ,basktball,29-04-2023,,1846,,8,7,6,3,,,Chennai,Sunny,,,,81294,credit card,15867,,15,,9876543210,1236,36
1151,5146,Bumrah,RCB,england,50,Female,,basktball,03-05-2020,,,760995,12,0,8,5,21574,19929,Delhi,Rainy,DRAW,2.5,0,83625,credit card,,65,6,,12345,3174,151
1005,5147,Messi,KKR,INDIA,65,male,John Smith,Tennis,02-03-2021,5701,,,155,0,0,1,,12919,Mumbai,Sunny,DRAW,,5,82819,upi,,,7,user@yahoo,,1206,129
1065,5099, Virat,KKR,England,19,Mle,Rahul Dravid,Cricket,05-12-2023,1376,1217,557220,154,5,2,3,35884,3541, ,,Win,,0,84759,upi,,,26,abc@gmail.com,9999999999,504,155
1074,5162,Ronaldo,,Australia,17,Other,None,Cricket,10-07-2023,,1406,,50,9,5,0,,,Kolkata,Cloudy,Lose,4.2,0,83637,netbanking,9918,,27,xyz@,9999999999,3767,52
1003,5159,Hardik,KKR,india,45,mal,,Basketball,17-02-2023,1036,,347543,63,8,6,5,14149,,, , lose,,6,81873,creadit card,,,3,,,4620,130
1078,5121,Rohit ,CSK,Australia,68,Male,None,Cricket,15-02-2020,1779,-17,1423734,51,3,5,2,,,,,Lose,10,0,81406,upiid,6166,27,11,abc@gmail.com,,1403,149
1133,5175,,CSK,,19,Female,,Basketball,22-09-2023,,2581,,37,5,0,5,29014,,,,Draw,,4,83583,credit card,,25,11,xyz@,12345,1767,137
1117,5043,Hardik,KKR,England,21,Male,Rahul Dravid,,,3633,,,99,4,3,0,,,Kolkata,,Draw,3,,81577, ,,83,9,user@yahoo,,3733,111
1112,5103,Dhoni,Lakers,England,14,Male,John Smith,footbal,19-11-2023,,1154,-14591,192,0,5,1,,13587,,rainy,Draw,9.6,2,84376,netbanking,19124,,11,user@yahoo,9999999999,700,88
1093,5151,Ronaldo,Lakers,INDIA,9,Female,None, ,15-09-2020,,,188938,145,5,7,3,22275,6030,Kolkata, ,Draw,2.6,,83427,credit card,,107,10,,12345,3204,48
1178,5060,Rohit ,MI,England,33,Female,John Smith,Cricket,,,,1444076,190,8,9,5,,,Bangalore,Sunny,Draw,2.2,,80636,cash,9491,,10,,9876543210,4145,105
1061,5124,Joe Root,RCB,india,38,Male,,footbal,20-11-2023,,44,,50,2,3,2,,,Delhi, ,Draw,8.3,,80807,credit card,15654,102,14,xyz@,9876543210,3005,167
1184,5144,Hardik,RCB,India,17,female,John Smith,basktball,24-04-2020,-1942,-268,,136,2,6,0,42377,10243,Chennai,,Win,,,82395, ,2448,,5,,,4790,42
1193,5070,Messi,CSK,England,25,Male,John Smith,Tennis,22-12-2022,,83,,140,1,2,2,,7790,,Cloudy,Win,,,84524,upiid,13216,,28,,9876543210,4121,199
1078,5106, ,RCB,India,29,mal,Rahul Dravid,Cricket,23-11-2022,,,1176453,167,3,7,4,,,Mumbai,Cloudy,win ,,,81415,creadit card,6108,,26,,9999999999,4082,94
1135,5049,Dhoni,Lakers,England,20,female,Rahul Dravid,Basketball,21-09-2022,3809,,542016,54,9,0,0,54130,3665,Kolkata,Sunny,DRAW,,0,82449,creadit card,,19,10,,9876543210,10,45
1025,5064,,Barcelona,Australia,9,Female, ,Tennis,16-04-2023,,1030,,108,2,3,4,9508,15084,Bangalore,Cloudy,,,,84760,,11653,25,1,abc@gmail.com,12345,4903,130
1178,5098,Dhoni,CSK,Sri Lanka,39,Other,,,03-11-2020,,-402,,170,1,7,2,55318,,,rainy,,8.4,6,84845,upiid,11921,,23,user@yahoo,9999999999,2058,195
1172,5031,Rohit ,RCB,,33,mal,, ,30-07-2023,,,,43,0,9,3,,,,Rainy,DRAW,2.2,,83496,creadit card,7420,,21,xyz@,12345,3677,171
1043,5163,Joe Root,Barcelona,England,18,Mle,,,02-08-2020,,,656652,109,2,3,3,5809,9780,Kolkata,Rainy,Win,2.9,,83588,cash,13559,50,26,,9876543210,2819,104
1132,5140,Bumrah,Barcelona,Australia,27,Female, ,Cricket,05-12-2023,-1058,,774985,195,9,1,3,36055,,Mumbai,Sunny,Win,,4,84029, ,17950,,8,,,972,107
1069,5197,Hardik,Lakers,sri lanka,61,Other,John Smith,footbal,21-10-2023,2469,,227635,160,5,1,4,9473,9773,, ,Lose,,,84732,creadit card,9592,,10,,,3792,146
1153,5057,Smith,KKR,india,69,male,Rahul Dravid,Cricket,09-10-2020,-1026,2284,,151,8,3,3,,,Delhi,, lose,,,80514,netbanking,,81,15,,9999999999,2454,39
1117,5127,Bumrah,,england,62,mal,Rahul Dravid,basktball,26-09-2020,,,-19396,163,4,3,1,3777,,Delhi,Sunny,DRAW,,3,83294,upi,16541,,12,xyz@,9876543210,841,134
1067,5141,Dhoni,CSK,australia,43,Male,John Smith,Cricket,20-07-2020,,,252284,127,2,1,0,,,Mumbai,,,,,82908,,16222,73,12,abc@gmail.com,9876543210,4454,170
1018,5164,Dhoni,Lakers,,25,Male,None,footbal,05-12-2023,2389,,1386306,104,4,6,0,,,Chennai, ,,,2,82498,,,64,21,user@yahoo,12345,284,180
1019,5111, Virat,CSK,Australia,22,Female,None,basktball,14-08-2022,,,,9,4,5,2,,,,,DRAW,5.5,,81366,credit card,,65,21,user@yahoo,,2435,27
1112,5067,Rohit ,Barcelona,sri lanka,20,femal,Rahul Dravid,,13-12-2022,,133,401722,99,4,2,5,41908,,Chennai, ,Draw,,4,80340,credit card,3331,9,27,user@yahoo,12345,2831,143
1139,5039,,MI,Australia,39,Other,, ,05-12-2023,2429,-411,812384,147,6,7,4,,, ,Rainy, lose,,6,83972,credit card,11572,,17,,,4520,19
1046,5186, ,Barcelona,india,46,Female,,Tennis,14-05-2021,3219,,,108,4,7,0,29113,,,rainy,Lose,3.5,,81560,credit card,16789,7,20,abc@gmail.com,,1029,190
1000,5143,Joe Root,CSK,sri lanka,54,male,,basktball,23-03-2023,,807,1438391,107,6,0,4,,,,,Draw,3.5,,82468,upi,14608,,24,user@yahoo,9876543210,4451,64
1089,5189,Smith,Lakers,australia,39,Male,John Smith,Football,24-06-2023,968,2868,965123,139,8,2,2,,19541,Kolkata,Sunny,Win,1.3,,82428,upiid,,,0,user@yahoo,,2966,51
1141,5131,Bumrah,CSK,,35,Female,,Basketball,24-10-2022,350,1811,,189,4,4,3,38186,11174,,, lose,4.2,,83688, ,3659,,19,abc@gmail.com,12345,553,175
1063,5172,Hardik,Barcelona,,35,femal,Rahul Dravid,footbal,05-12-2023,1169,812,688693,145,1,1,5,,5672,Kolkata,,Win,,,82695,upiid,9274,104,9,,12345,267,57
1037,5089,Rohit ,RCB,india,68,Male,None,,05-12-2023,3434,1382,633367,93,4,4,2,32088,,Kolkata,,,,,82027,netbanking,,25,25,,12345,1240,20
1036,5027,Hardik,RCB,,62,Other, ,Football,30-07-2021,,-19,112536,62,7,9,1,13828,,Bangalore,,win ,,,83752, ,,,29,,,4159,20
1125,5095,Ronaldo,Barcelona,,18,Female,None,Cricket,05-12-2023,4610,,,83,3,2,3,49292,,Delhi,,DRAW,,,80315,credit card,1363,,18,,12345,2489,82
1138,5193, Virat,RCB,england,39,female,,Football,11-11-2022,533,,,24,1,8,3,45339,12320,,Rainy,Lose,1.2,,83989,upi,,,16,abc@gmail.com,9876543210,2588,192
1099,5030,Joe Root,KKR,,,Male,,footbal,13-08-2021,,2377,,11,9,0,3,56936,,Chennai,Rainy,Win,7.8,,81101,credit card,427,57,0,abc@gmail.com,9876543210,469,101
1076,5002, Virat,RCB,england,50,mal,Rahul Dravid,Basketball,01-05-2021,,,222232,148,2,3,2,,,Mumbai,,Lose,,,80530,creadit card,,114,0,,,3287,38
1002,5135,Dhoni,Barcelona,England,11,Other,None, ,12-05-2023,,256,1015203,24,8,9,1,,179,,rainy,Draw,1.8,,82402,upi,,,16,,,3936,38
1160,5023, Virat,CSK,England,30,Female,Rahul Dravid,Basketball,09-01-2022,,2251,982886,10,8,5,5,,10160,Mumbai,rainy, lose,7.8,2,81859,creadit card,,,14,xyz@,12345,2019,65
1133,5014,,KKR,Australia,69,female, ,Football,30-11-2023,-1192,,342821,63,7,8,4,,,Bangalore,rainy,Lose,5.6,7,84757,upi,8931,81,28,xyz@,9876543210,2023,76
1177,5170,Smith,Barcelona,Australia,14,Male,,Cricket,24-01-2022,3281,1627,766200,125,7,2,2,,13828, ,Cloudy,Draw,3.3,,81219,cash,7744,,1,abc@gmail.com,9876543210,1589,133
1009,5158,Dhoni,KKR,India,12,Other, ,Tennis,08-06-2020,-1733,2903,,49,7,2,0,43775,,,Rainy,win ,,1,84222,,,0,10,,9876543210,4973,192
1004,5044,Bumrah,Lakers,Sri Lanka,68,female,,Football,28-12-2023,,,714203,189,7,4,0,58305,9132,, ,win ,,,84444,upiid,265,,20,xyz@,,2060,123
1150,5193,Hardik,,Sri Lanka,28,femal,None,footbal,12-05-2023,5080,,,88,7,6,2,,,Bangalore,rainy,win ,7,2,81766,netbanking,10379,,1,,12345,4317,125
1137,5007,Bumrah,Lakers,India,53,Female,,footbal,06-09-2021,2654,,,98,0,4,4,24957,, ,,DRAW,9.5,0,81067, ,,65,19,abc@gmail.com,9876543210,1419,27
1171,5070,Ronaldo,Lakers,australia,38,Male,John Smith,basktball,09-07-2023,3155,,947556,115,5,7,0,34077,18902, ,Cloudy, lose,,,80727,upiid,,,8,xyz@,9999999999,880,103
1129,5107,Dhoni,RCB,england,46,Mle,John Smith,,01-02-2022,4785,,164563,95,8,4,4,59426,17206, ,Rainy,DRAW,7.4,,80243, ,16510,67,18,,9999999999,838,20
1012,5114,Dhoni,,india,26,femal, ,Cricket,05-12-2023,,,1372906,176,7,6,3,,,Chennai,Sunny,win ,,,81785,upi,17483,,1,abc@gmail.com,9876543210,751,60
1167,5102,Joe Root,KKR,india,17,Mle, ,Football,28-08-2020,,337,298384,13,2,5,2,,16313,,rainy,win ,4.5,,80711,upiid,6891,,15,xyz@,12345,269,168
1129,5124,Dhoni,CSK,Sri Lanka,23,Other,Rahul Dravid,basktball,30-10-2020,307,635,405525,0,0,9,3,,,Delhi,,,3.4,,82893, ,,36,19,,9876543210,3369,83
1083,5056,Hardik,MI,INDIA,41,Mle,,Basketball,23-05-2021,3523,,1495034,24,1,1,0,,18781,Kolkata,Cloudy,win ,,4,83150,credit card,6929,,8,xyz@,,4827,6
1064,5029,Smith,CSK,,68,female,,Basketball,19-03-2020,,,630765,186,1,2,4,31932,19741,Delhi, ,DRAW,,,84181,creadit card,817,98,19,user@yahoo,9999999999,4711,164
1062,5145,Ronaldo,Lakers,England,39,mal,,Cricket,05-12-2023,1889,,,71,6,3,3,,10164,Chennai, ,Lose,5.3,,81508,,,,27,,12345,3503,112
1100,5113,Joe Root,CSK,,59,male,,Football,15-01-2022,,2160,,68,5,4,0,,,Bangalore,Cloudy,win ,,,80270,creadit card,,16,20,user@yahoo,12345,3960,193
1072,5196, ,KKR,england,21,Female,,footbal,27-09-2021,2012,,248723,132,1,8,1,59599,,Mumbai,Sunny,,,,81797,creadit card,935,25,3,,,2075,139
1016,5116,Hardik,,Australia,34,female, ,Basketball,03-08-2022,,,,104,7,5,3,,,Delhi,Sunny,Lose,,,82560,,,42,28,,,1312,177
1008,5166,Smith,MI,,39,Male,Rahul Dravid,Tennis,04-08-2020,,,353994,146,8,0,1,2655,,Kolkata, ,win ,7.3,1,83560,upi,11975,92,23,abc@gmail.com,9999999999,2284,114
1142,5059, Virat,Lakers,India,8,Male,,footbal,,-406,,681736,22,6,2,1,,5592,Chennai,Cloudy,,,,84003,creadit card,10519,57,29,xyz@,,383,84
1151,5097,Bumrah,Lakers,australia,69,mal,,Basketball,13-05-2022,4824,,,8,3,6,5,35434,16521, , ,,,,82177,creadit card,,,12,user@yahoo,,4180,156
1037,5170,Ronaldo,,India,27,male,,Cricket,11-11-2020,,,520791,117,0,7,0,44148,,,Rainy, lose,2.6,,80837,creadit card,,23,14,,,4341,22
1162,5125,Messi,RCB,,48,femal,Rahul Dravid,footbal,04-12-2021,,,785357,93,3,6,2,,,Kolkata,rainy, lose,,0,82817,netbanking,11635,34,19,user@yahoo,,2808,84
1093,5172,Hardik,MI,,18,femal,John Smith,Football,11-07-2022,,,,177,3,4,4,,13307,,rainy,Lose,,,83714,,4126,15,1,,,803,47
1094,5150,Bumrah,RCB,India,29,Other, ,,12-02-2020,-1886,1001,858896,143,7,9,0,51500,9774,Kolkata, , lose,8.5,,83078, ,9438,,27,xyz@,12345,4335,102
1048,5196,Rohit ,,Sri Lanka,48,mal, ,Football,05-12-2023,3382,2677,1438675,32,3,7,5,25475,16038,Kolkata,Cloudy,win ,,,82899,cash,,,19,user@yahoo,9999999999,1096,80
1068,5093,Bumrah,RCB,australia,27,mal,,,09-11-2020,-1765,634,,129,3,8,5,9370,,,,Lose,3.6,,81776,upiid,17592,24,17,,12345,3742,194
1061,5133,Bumrah,,INDIA,51,Mle, ,footbal,24-03-2022,-636,1336,,13,1,6,3,,4444,,Cloudy,Win,,,81650,credit card,,42,24,xyz@,9876543210,4483,25
1187,5183, ,KKR,england,47,Other,,,02-08-2021,,,,0,9,8,4,,8928,Mumbai, , lose,,3,82948,netbanking,17715,94,26,,,3719,91
1177,5121, ,Lakers,India,35,Male,,Cricket,21-11-2023,141,1704,,89,6,0,5,24717,1118,Kolkata,rainy,Win,5.6,,82520,netbanking,6772,51,29,abc@gmail.com,,4771,67
1077,5107,,,sri lanka,47,female,,footbal,13-10-2022,,,760717,185,3,8,2,8660,13266,,, lose,,,82385,creadit card,,67,23,,,2696,160
1116,5003,Dhoni,KKR,sri lanka,15,Female,John Smith,Football,11-04-2020,,,1278305,88,5,2,0,16874,9452,,Sunny,Lose,,3,84414,creadit card,,,8,,9999999999,4266,145
1119,5092,Smith,Lakers,India,46,Male,, ,16-01-2022,-1731,916,872673,143,2,5,2,48194,13574,Chennai,Rainy,,4.4,3,82768,cash,,,19,xyz@,12345,808,40
1136,5150,Dhoni,MI,England,16,femal,None,footbal,16-08-2021,3689,,,89,6,7,3,42034,,Kolkata,Cloudy,DRAW,8.9,1,84238,,,8,0,abc@gmail.com,9876543210,2151,30
1161,5005,Hardik,CSK,,41,female,Rahul Dravid,,19-11-2021,,,601238,174,5,2,0,,,Kolkata, ,win ,1.6,,82704,upiid,13470,1,2,,9999999999,3293,59
1075,5031,Dhoni,,India,26,female,John Smith,Cricket,10-06-2022,,-59,403789,171,2,3,3,,,,rainy,win ,9,,81172,,,111,22,,9999999999,1305,28
1034,5105,Messi,KKR,india,29,mal,Rahul Dravid, ,18-05-2022,,,754837,13,3,6,4,12504,,,rainy,Lose,,,82518,netbanking,10656,,16,xyz@,,3459,47
1000,5145,Messi,Lakers,Sri Lanka,54,male,John Smith,basktball,20-09-2023,,,422737,151,9,6,4,,,Bangalore,rainy, lose,,6,80362,creadit card,10889,,10,,,2419,117
1039,5014,Hardik,MI,india,31,Other,, ,09-09-2023,,,,110,4,3,2,47924,,Chennai,,Draw,,,80649,creadit card,16581,18,23,abc@gmail.com,9999999999,4224,151
1063,5167,Hardik,,england,59,Mle,John Smith,,29-04-2022,5914,2068,,182,8,8,2,,,Mumbai, ,win ,4.7,,82256,creadit card,4242,,24,xyz@,12345,1196,83
1149,5121,Ronaldo,RCB,australia,52,mal,, ,,2298,,714302,142,5,2,4,53484,, ,Cloudy,win ,,,83136,,8941,,7,user@yahoo,,4567,57
1059,5095,Dhoni,KKR,australia,63,mal,John Smith,Basketball,16-01-2020,5608,,1031539,82,3,7,1,,,, , lose,,2,84644,,9391,,20,,,3524,129
1063,5005,Messi,Barcelona,England,16,mal,,Cricket,03-04-2023,,,1392718,71,6,7,4,,,,Cloudy,Win,8.4,2,81135, ,,,11,abc@gmail.com,,1525,29
1092,5111,Joe Root,MI,England,31,male,None,Cricket,09-01-2024,,,,161,1,3,0,44614,11810,Mumbai,Sunny, lose,8.1,,84358,creadit card,12530,46,10,,9999999999,1599,178
1071,5119,Joe Root,Lakers,england,44,Female, ,Cricket,28-08-2022,,,,129,3,6,3,,5344,Delhi,Rainy, lose,,3,83147,cash,19320,59,29,abc@gmail.com,12345,1044,64
1010,5122, ,RCB,india,,femal,John Smith,Tennis,25-10-2023,-1642,2684,1102591,26,4,3,4,45943,17461,Kolkata,,Lose,,3,84861,credit card,,22,27,,,2153,99
1104,5190,Ronaldo,RCB,sri lanka,38,Female,None,Basketball,20-11-2020,2541,,,73,3,0,4,55182,8323,Kolkata,,Lose,1.6,3,80875,upiid,,93,12,,9876543210,1867,37
1013,5066,Joe Root,,England,12,female,,Football,24-07-2022,990,2199,527168,98,3,0,5,511,,Bangalore,rainy,DRAW,,,83742,,13294,87,14,abc@gmail.com,9999999999,1375,189
1059,5105,Ronaldo,,Sri Lanka,9,male,John Smith,basktball,12-02-2023,3481,-426,,71,8,0,3,42659,,Bangalore,Sunny,,,,83851,cash,2388,,24,,9999999999,611,128
1029,5138,Rohit ,CSK,,36,Other,Rahul Dravid,Football,,5069,,,22,1,1,5,,,Kolkata, ,Win,2.9,,81152,credit card,,48,19,,,3316,135
1034,5042,Messi,MI,India,31,Male,,Cricket,11-05-2021,-1944,2992,165009,67,5,5,3,41444,5653, ,,Lose,,6,81922,,,,24,,9999999999,1598,90
1164,5144,Dhoni,CSK,england,34,Male,, ,10-05-2022,-2000,,,141,7,9,0,6752,17507,,,,7.5,7,80628,upi,,,16,user@yahoo,9876543210,4949,87
1004,5095,Ronaldo,RCB,australia,23,Male, ,Cricket,26-11-2022,721,,,190,7,4,3,,11824,Delhi,Rainy,Win,,,83019,cash,5659,61,11,,9876543210,1977,64
1082,5131,Ronaldo,,Sri Lanka,21,Mle,John Smith, ,16-08-2023,1736,,1258795,116,6,1,2,4677,11970,,Rainy,DRAW,6.7,6,81724, ,,,26,xyz@,,4397,18
1122,5190,,,Sri Lanka,68,mal,,Football,09-03-2020,,,688990,105,9,7,4,20447,,Kolkata,Sunny,win ,7,,84748,credit card,19758,,18,,9999999999,638,29
1077,5195,,,,28,mal, ,,04-02-2023,,,985147,92,3,8,3,4147,12629,Chennai,,Lose,1.2,,81128,upi,10209,,19,,12345,4166,114
1153,5080,Smith,,india,52,mal,None,footbal,,3157,2491,67895,64,6,6,0,,,,Cloudy,Lose,,,84561,,,,10,user@yahoo,9999999999,1922,60
1061,5040,Dhoni,CSK,England,22,Female,,basktball,23-02-2021,4438,,989227,67,9,8,3,48812,8226, ,rainy,win ,2.9,,80763,,,64,9,xyz@,,645,54
1131,5132,Rohit ,RCB,,66,Mle, ,Tennis,05-12-2023,-1582,2310,,127,5,3,4,,13056,Kolkata,,Win,2.2,,81019,creadit card,8014,111,16,abc@gmail.com,9876543210,4269,72
1088,5159,Smith,RCB,india,63,femal,,Cricket,,,,,62,5,6,1,51475,,, ,win ,,,83973,credit card,,,27,,9999999999,1998,149
1041,5197,Hardik,MI,India,65,Male,John Smith,Tennis,05-11-2023,-1423,,790268,112,1,4,3,887,9030, ,,Draw,5.6,,83927,upiid,,81,21,,,89,149
1088,5034, ,Barcelona,Australia,28,Female,,Football,20-03-2021,5034,1152,,89,7,4,2,,3952,,Rainy,win ,2.3,1,82841,creadit card,16744,,12,xyz@,,3278,58
1145,5021,Messi,KKR,India,48,Female,John Smith,Basketball,20-10-2022,,90,,80,7,2,4,30957,15847,Delhi,Rainy,win ,3,0,82947,cash,9318,104,15,,9876543210,2366,177
1039,5192, Virat,Lakers,India,66,Male,John Smith,footbal,,2678,1159,386377,102,6,8,0,31734,,Bangalore,,,9.5,,80674,cash,,19,19,,,823,36
1071,5149,Dhoni,,INDIA,65,Other,, ,28-04-2021,5696,,,191,8,9,4,34158,12623,Chennai,Cloudy,win ,9.7,,81008,,8853,,19,,9876543210,550,145
1038,5111, Virat,Lakers,india,,Other,,Cricket,28-11-2022,,853,,159,7,4,5,,,Kolkata,Rainy,Lose,6.5,2,81226,,13467,105,16,,9999999999,59,80
1103,5010,Hardik,RCB,England,38,Other,Rahul Dravid,Tennis,08-05-2020,,,498083,115,8,5,1,,,, , lose,8.2,7,81635,netbanking,6111,22,4,user@yahoo,,4222,181
1013,5002,Dhoni,Lakers,england,58,Female,,Football,17-12-2022,-630,802,,12,8,2,0,,,Mumbai,Cloudy,,,,84376,,,36,8,,9999999999,4178,15
1031,5136,Rohit ,RCB,Australia,25,Mle,None,Football,10-07-2022,,917,,193,5,9,1,,,Bangalore,,win ,3.6,6,80323, ,1250,37,21,xyz@,9876543210,1243,40
1178,5059,Smith,RCB,INDIA,43,Male,,Football,24-04-2022,,-149,1006319,123,1,6,1,27525,,,,DRAW,,,82838,credit card,,0,23,user@yahoo,12345,3479,81
1124,5075,Ronaldo,Lakers,india,29,Male,None,basktball,23-05-2021,4973,,227329,146,6,8,2,,725,, ,DRAW,,4,83810,credit card,4564,,26,user@yahoo,9876543210,945,51
1165,5086,,KKR,Australia,44,Mle,Rahul Dravid,basktball,03-10-2020,5991,-207,360807,151,2,8,3,,,Delhi,Sunny,Draw,,,81685,cash,5028,,3,xyz@,12345,1640,193
1096,5013,Smith,MI,England,58,female,,Tennis,04-09-2021,1648,2417,582602,87,6,9,2,18986,4556,Kolkata,rainy,,,,83712,upi,18582,47,8,user@yahoo,,1952,141
1022,5017, Virat,Lakers,sri lanka,29,Female,,basktball,05-12-2023,4868,,,10,8,9,2,,,Delhi, ,Draw,9.7,,80541,upi,,,15,abc@gmail.com,,2633,166
1062,5112,Dhoni,Lakers,India,52,Mle,None,Tennis,12-05-2023,1721,2053,1254850,186,9,4,5,,10384,Kolkata,Sunny,Lose,,6,82944,netbanking,16585,,6,xyz@,12345,3501,97
1142,5072,Bumrah,Lakers,India,20,Male,John Smith,,11-09-2022,3076,,1276032,14,9,6,2,,,Bangalore,,Draw,,1,81327,upiid,,,13,xyz@,9999999999,889,154
1152,5022,Messi,CSK,australia,65,femal, , ,25-04-2022,,,,9,1,2,0,,,Kolkata, , lose,,6,80638,,15760,22,13,abc@gmail.com,12345,573,143
1144,5082, ,MI,India,16,female, ,Basketball,11-06-2021,4954,789,,40,5,5,3,33299,16378, , , lose,7.2,2,84531,upiid,,,6,,,512,117
1193,5124,Ronaldo,Lakers,india,69,Female,Rahul Dravid,,02-11-2023,,,336896,154,5,7,3,,, ,,DRAW,5,2,82260,creadit card,,,23,user@yahoo,,4160,133
1052,5174,,,India,28,femal,,Tennis,12-05-2023,,,1096930,187,8,7,0,17193,4232,Delhi,rainy,Win,,,81429,cash,13273,,15,user@yahoo,9999999999,1964,2
1103,5068, Virat,,australia,58,male,,Tennis,24-06-2022,2406,2808,,72,8,1,2,,16701,Delhi,Rainy,Lose,,2,82865,upiid,9981,,17,xyz@,12345,4051,115
1103,5046,Messi,KKR,india,48,Male,Rahul Dravid,,27-11-2022,509,2708,,51,4,5,2,44945,5005,Kolkata,Sunny,Draw,4.4,,80961,upi,185,,27,,9999999999,2230,78
1178,5115,,,australia,44,Mle,None,Football,29-08-2022,,1524,,127,4,6,1,,3712,,Cloudy,Draw,9.2,7,82962,creadit card,,0,5,,9999999999,2283,93
1038,5029,Hardik,Barcelona,England,,Male,,Basketball,12-07-2021,,,92743,27,8,6,1,,,Bangalore,Rainy, lose,7.4,,82468, ,,54,6,,9876543210,4984,193
1178,5024,Ronaldo,Lakers,,66,Mle,John Smith, ,12-05-2023,,1821,,64,7,2,5,,2890,,,Win,9.8,,83228,upiid,,,18,,,611,77
1197,5155,Messi,KKR,england,22,Other,,,21-09-2023,,,,16,6,8,4,8627,,,Sunny,Lose,9.5,,80128,credit card,,,7,user@yahoo,,437,60
1133,5111,,CSK,australia,53,mal,, ,10-06-2021,876,1396,,94,7,1,1,38000,,,,,4.8,4,84399,netbanking,,,0,,,1459,96
1066,5024,Dhoni,MI,INDIA,45,Other,Rahul Dravid,Football,11-03-2023,-1566,,,171,5,2,3,,,,Cloudy,,3,6,83966,netbanking,,,16,xyz@,9876543210,523,98
1134,5073,Hardik,KKR,INDIA,47,female,John Smith,footbal,07-07-2020,4318,1013,568420,137,2,1,0,,8,Mumbai,Sunny,Lose,,,80916, ,11099,,25,,,3577,56
1178,5057,Rohit ,Barcelona,,23,Female,, ,14-06-2022,5701,,411249,62,6,8,2,31599,,Chennai,rainy,,4.5,,81250,,16551,105,18,,9876543210,4895,118
1199,5093, ,CSK,Sri Lanka,60,female,, ,05-02-2021,,762,,174,7,3,4,,1454,,,Draw,9.2,,82198,upi,2739,57,21,abc@gmail.com,,3398,119
1041,5118, Virat,Barcelona,india,60,Other,,Football,05-12-2023,,2522,1075801,37,7,1,1,,1022,,rainy,Draw,,5,84688,creadit card,,,6,,,2261,38
1191,5126,Joe Root,CSK,INDIA,23,Other,,,09-04-2023,1731,,1275827,69,0,2,4,,,Mumbai,Rainy,,7.9,,84073,upiid,,86,17,,12345,1023,185
1014,5168,,MI,England,39,Female,Rahul Dravid,Basketball,03-03-2023,5309,,,103,6,3,0,12527,11010,Mumbai,Sunny, lose,2.1,,83787,upiid,16810,9,29,user@yahoo,,1579,102
1110,5024,,RCB,INDIA,44,mal,,,21-04-2023,,,254079,52,2,9,0,,12934,Delhi,,Lose,,,80939,upiid,,101,5,,12345,321,51
1156,5077,Bumrah,,,38,mal,,footbal,29-11-2022,3364,,661804,171,1,5,4,16037,16051,Delhi,,win ,,1,82278,upi,,6,27,,9999999999,3126,169
1032,5098,Joe Root,,england,64,Mle, ,Tennis,16-09-2023,3305,,,118,1,4,4,,16919,Delhi,Rainy,,,,81001,,12787,61,20,,12345,2831,127
1154,5115, Virat,RCB,,9,Female, ,,05-12-2023,,2751,431471,73,7,2,5,,16043,Delhi,Cloudy,Lose,,,83772,upiid,,74,5,abc@gmail.com,9876543210,4275,103
1163,5047,Ronaldo,Barcelona,Sri Lanka,28,mal,Rahul Dravid,Football,25-10-2020,-1332,799,1218455,53,8,9,4,,,,Rainy,Win,3.5,1,82212,creadit card,9063,61,0,user@yahoo,,2427,198
1156,5009, Virat,Barcelona,,40,mal,Rahul Dravid,Basketball,14-07-2023,,1053,,19,2,7,2,41422,3909,Mumbai,, lose,,6,81610,,3309,43,29,,,2980,180
1037,5098,,Lakers,india,64,Female,,,29-06-2021,,71,,78,2,7,3,944,12246,,Sunny,win ,1.6,,81627,netbanking,2969,,9,user@yahoo,9876543210,3757,129
1184,5010, Virat,Barcelona,sri lanka,14,male, ,,15-01-2021,995,2843,1447764,30,5,6,1,,,Chennai, ,Win,,2,83137, ,16618,,22,user@yahoo,12345,449,85
1096,5084,Dhoni,CSK,sri lanka,32,female,John Smith, ,01-03-2021,-1849,,865576,134,9,2,1,,13296,,,,4,,83991,upiid,,,7,abc@gmail.com,,1284,103
1154,5148,Smith,CSK,Australia,56,Other,,footbal,06-07-2021,,2435,1118315,57,0,0,1,,8234,Kolkata,Sunny,Draw,9.4,1,81103,upiid,,,29,xyz@,,3518,18
1182,5172,Bumrah,MI,,17,Mle,Rahul Dravid,Cricket,29-12-2023,,-162,462582,104,5,4,4,,,Mumbai,Cloudy,Win,4.1,,82187,upi,-572,57,6,,9999999999,1660,27
1032,5134,Rohit ,MI,Sri Lanka,47,Male,,Tennis,04-10-2022,3894,2172,1237382,9,2,0,4,,3595,Chennai,,,7.1,,84225,upiid,,,8,user@yahoo,9999999999,903,92
1195,5191,Rohit ,,,28,Other, ,Tennis,02-12-2022,,1549,,9,3,5,5,,455,Delhi, ,Draw,1.4,7,83032,netbanking,,,0,user@yahoo,9999999999,1177,72
1085,5125,Messi,Lakers,Sri Lanka,13,Other,John Smith, ,15-05-2021,,-255,,38,8,6,4,,363,Mumbai,rainy,win ,,6,82813,creadit card,,105,25,,,329,95
1065,5063,Rohit ,Lakers,australia,41,Mle,John Smith,footbal,06-11-2021,,,,155,2,4,5,5832,,, ,Win,,,82493,creadit card,,76,24,,,636,76
1009,5001,Bumrah,Lakers,England,39,female, , ,28-10-2021,3138,1960,,157,0,3,5,18035,,Delhi,Rainy,,,6,83903,netbanking,16176,,10,xyz@,,1889,170
1004,5075,Messi,Lakers,Sri Lanka,37,female,John Smith,Football,28-03-2022,3341,,860024,36,2,1,2,,,Mumbai,Rainy,win ,,6,80028,,4456,,26,abc@gmail.com,9999999999,1867,6
1122,5120,Messi,CSK,Australia,46,male,John Smith,footbal,31-01-2022,,,382871,118,6,4,2,,8549,,Cloudy,DRAW,,5,84059,upiid,1263,36,28,,9999999999,2515,90
1073,5041,Ronaldo,MI,india,65,femal,Rahul Dravid, ,28-02-2022,2880,,,66,6,8,2,,282,,,Win,7.2,2,81260,cash,,26,2,user@yahoo,,412,80
1096,5053,Smith,MI,australia,65,mal,,basktball,05-12-2023,,,,42,4,3,2,46017,11942,Mumbai, ,DRAW,,2,83670,cash,,56,17,,9876543210,3833,83
1117,5074,Joe Root,Barcelona,australia,68,male,John Smith,Cricket,26-09-2020,,,736220,51,0,1,0,57672,18154,, ,Draw,,,84894, ,13630,,5,user@yahoo,,2415,82
1037,5015,Hardik,MI,india,69,female,John Smith,Basketball,07-09-2022,5554,,,100,7,5,2,,,Bangalore, ,,1.9,2,83510,cash,,117,10,abc@gmail.com,9999999999,2586,152
1140,5017,Ronaldo,Barcelona,England,54,Mle, ,Basketball,07-06-2021,4632,2312,1062613,55,9,7,2,25103,,,Rainy,DRAW,4.7,,82336, ,2334,93,4,abc@gmail.com,9999999999,1564,45
1158,5186, ,KKR,sri lanka,25,Female,,footbal,28-04-2022,2607,113,1303779,75,7,1,2,,, , ,Draw,,4,83323,,,,19,xyz@,12345,4610,71
1046,5089,,Lakers,Australia,12,Other,Rahul Dravid,basktball,,1876,437,,67,9,8,5,,,Kolkata,Sunny,Win,,,80099,creadit card,19065,51,3,xyz@,12345,480,7
1108,5143,Smith,CSK,,36,Male,John Smith,,07-08-2020,,271,,136,9,6,1,8291,,Bangalore,, lose,6,6,83656,cash,,47,7,,,2275,144
1179,5005,Smith,RCB,,32,Female, ,Football,30-01-2021,,2213,576884,105,9,1,1,12388,19007,,Sunny, lose,,,84517,credit card,14584,14,9,user@yahoo,9876543210,3840,126
1183,5184,Smith,KKR,Australia,57,Mle,,basktball,29-12-2020,,1751,,124,1,4,1,,,Kolkata,Cloudy,Lose,4.9,,80693,upi,18618,17,28,,,3311,58
1014,5107, Virat,CSK,india,20,male,,basktball,28-06-2020,,,,91,9,4,3,41503,,,,Lose,,5,84801,credit card,,,2,abc@gmail.com,,2882,57
1156,5174, ,CSK,india,58,mal,None,,26-06-2022,-1649,,1247275,22,2,6,0,30002,,Chennai,,Win,2.6,,80017,netbanking,,,12,abc@gmail.com,,3743,170
1135,5047,Ronaldo,RCB,Sri Lanka,57,male, ,,25-01-2022,2721,2054,1309712,190,3,4,5,,,Kolkata,,win ,,,83709, ,4696,78,16,,9999999999,2519,111
1004,5041, ,,India,25,Male, ,Basketball,18-06-2020,1447,967,,108,0,5,4,,7103,Mumbai,Cloudy,Draw,,1,82770,upi,9950,97,4,xyz@,9876543210,4613,142
1156,5075,,,Australia,53,female,, ,,,,212058,60,3,8,5,42228,,Mumbai,Rainy, lose,2.9,3,81030,upiid,,,7,xyz@,12345,4400,56
1046,5187,Joe Root,,India,17,Other,Rahul Dravid,,08-09-2023,839,,,167,4,2,2,24993,7314,Kolkata,,Draw,3.5,2,84475,cash,,,18,,,654,12
1067,5076,Dhoni,CSK,,31,Male,,footbal,05-02-2022,,345,,43,2,2,1,,16807,Mumbai,rainy,DRAW,7.5,,84209,cash,2956,30,17,xyz@,12345,1977,93
1075,5131, ,Lakers,Australia,62,Other,,footbal,10-10-2021,3380,,967183,151,9,7,5,48884,, ,,win ,6.8,1,81619,upiid,,,0,user@yahoo,,180,15
1172,5129,Smith,CSK,Sri Lanka,57,male,Rahul Dravid,Cricket,11-04-2020,-1825,,1193091,178,1,9,0,57462,,Kolkata,,Draw,,,80850, ,17387,,28,xyz@,,4125,8
1129,5058,Joe Root,CSK,england,11,Female,John Smith,basktball,19-01-2021,2566,,,185,5,5,2,,12522,Kolkata,Cloudy,Win,4.3,,81896,netbanking,,82,3,xyz@,12345,3019,186
1154,5154,Dhoni,CSK,Australia,38,Female,,Football,24-12-2023,,1248,631160,160,7,9,3,20769,, ,Cloudy,Draw,8.6,2,80975,creadit card,12666,,26,xyz@,,764,53
1094,5026,,,Sri Lanka,23,mal,None,Football,01-09-2022,4571,1442,,15,6,2,4,,,Delhi,rainy,Lose,7.1,,82516,netbanking,826,,17,xyz@,9876543210,4135,137
1114,5078,Bumrah,KKR,india,22,Male,John Smith, ,23-02-2021,,2153,917809,21,0,1,2,22126,, ,Rainy,Draw,3.3,,84188, ,,102,13,user@yahoo,9999999999,2366,174
1163,5071,Dhoni,Lakers,England,48,male,None,,25-04-2023,336,1409,1147256,56,3,1,4,10646,,Mumbai,,Lose,5.7,,81515,,,,23,xyz@,,3298,92
1035,5006,Bumrah,Lakers,Australia,8,Male, ,Football,05-12-2023,,2060,397487,61,2,1,5,29964,14098,Chennai,,Draw,,,81125, ,,,10,,9876543210,2779,7
1025,5190,,,,28,Mle,,basktball,05-12-2023,,,,106,5,4,2,,13962,Chennai,,Draw,7.7,,80492, ,,,28,,9876543210,4987,44
1042,5110,Rohit ,,sri lanka,30,Female,John Smith,Basketball,04-01-2020,3616,,,70,8,4,3,,,Chennai,,Win,,,83036, ,,,25,xyz@,12345,2371,14
1026,5118,Dhoni,RCB,sri lanka,60,Female,None,Football,01-11-2022,3387,924,1341482,89,8,0,5,,,,rainy,win ,,7,82526,cash,14157,,27,user@yahoo,9999999999,3390,75
1068,5173,Bumrah,Barcelona,England,47,female, ,Tennis,12-05-2023,,1965,720046,71,6,1,0,55865,,Bangalore,Rainy,Lose,,,80166,cash,,104,8,,9999999999,1782,115
1147,5062,,Lakers,australia,38,femal,Rahul Dravid,Basketball,05-12-2023,,,,69,8,1,4,33625,10815,Chennai, ,win ,,6,84235,creadit card,14996,99,12,user@yahoo,9876543210,4780,92
1010,5123,Hardik,Barcelona,Sri Lanka,43,Other, ,basktball,,,2831,,29,7,3,4,841,9814,Delhi,,win ,7.5,,84189, ,,82,25,,,1064,134
1073,5011,Smith,Barcelona,,17,male,,footbal,05-12-2023,2097,,,102,4,6,0,26237,,,rainy,Lose,8,,80575,upi,13816,120,16,abc@gmail.com,,2456,163
1103,5140, Virat,RCB,INDIA,58,Female,,Football,02-09-2023,,1414,225890,150,8,2,4,,,Chennai,Sunny,Draw,,6,80605,netbanking,,,14,,,1346,198
1037,5042,Dhoni,,sri lanka,25,Female,John Smith,,03-04-2023,1476,,,31,6,4,5,,17547,,rainy,Draw,9.9,1,83343, ,,28,1,xyz@,9999999999,2227,189
1133,5016,Messi,Lakers,india,69,Other,John Smith,,19-06-2023,-1989,,663607,85,4,8,1,,6530,,Sunny,,2.1,1,81818,credit card,,81,5,xyz@,,1182,152
1199,5062, ,KKR,INDIA,28,Male,,footbal,28-09-2020,780,,,56,7,4,0,57728,8691,Delhi,, lose,5.6,,81155,cash,,,28,user@yahoo,,4132,73
1022,5119,Bumrah,Lakers,Australia,39,Mle,,,20-12-2021,-954,,223035,108,6,8,3,,,Mumbai,rainy,DRAW,,3,84679, ,1902,,25,xyz@,9999999999,2453,130
1046,5035,,Lakers,England,28,Male, ,basktball,19-08-2020,1114,,,8,8,0,2,5475,15315,,,Draw,3.1,4,80815,cash,,86,27,,,538,179
1089,5007,Ronaldo,MI,england,46,Female,Rahul Dravid, ,28-10-2022,238,,,30,9,8,2,,7778,Mumbai, ,Win,2.6,,82640, ,,,6,,12345,2423,31
1045,5068,Bumrah,MI,Sri Lanka,64,mal,,Cricket,,,,,70,0,4,0,,6233,Delhi,Sunny,Draw,7.9,,81535,creadit card,2198,110,1,,9999999999,2303,126
1106,5089,Dhoni,KKR,,42,Mle, ,basktball,08-09-2022,,1092,868596,136,8,7,1,,14760,Kolkata,,Draw,2.3,1,82733,upi,,46,23,abc@gmail.com,,248,119
1139,5035,Bumrah,,sri lanka,20,Mle,None,,20-01-2022,3557,-164,,12,6,4,5,,,Chennai,,win ,6.9,5,80962,cash,,,12,,9999999999,4788,27
1140,5027,Joe Root,,Australia,60,male,None,Tennis,,-1962,,240334,185,0,5,3,,,,,Draw,,4,83034,upiid,3150,50,9,user@yahoo,,1040,110
1103,5117,Ronaldo,CSK,england,59,male,,,05-12-2023,,2763,964191,130,0,7,2,54378,279,,rainy, lose,,1,82047,cash,,85,15,,9876543210,1391,159
1189,5092,Dhoni,KKR,Australia,49,Female,,,13-10-2020,-1049,2315,,34,4,1,2,,,Delhi,,win ,,,84541,cash,,105,8,xyz@,9999999999,2172,106
1110,5174, Virat,,india,20,Other,John Smith, ,22-07-2022,,1872,68550,20,7,2,5,44276,3060,Chennai,Cloudy,,,,83860,netbanking,5752,51,7,xyz@,,1335,198
1103,5075,Joe Root,MI,australia,69,femal,,Cricket,15-02-2021,5406,,,63,8,8,1,,8192,Delhi,Rainy,Draw,9.7,7,81514,upi,7546,6,24,user@yahoo,12345,2259,171
1059,5100,Ronaldo,RCB,england,67,female,Rahul Dravid,footbal,12-05-2023,,1899,238213,94,5,4,4,,5106,Kolkata,,DRAW,,,83351,creadit card,,,14,,9876543210,499,120
1170,5157, ,Barcelona,INDIA,46,Other,Rahul Dravid,,13-11-2020,,2307,740791,179,9,4,0,25006,10877,Kolkata,,,,,81067,creadit card,,,21,user@yahoo,12345,810,82
1099,5150,Messi,,,46,femal,None,footbal,02-06-2023,,1912,770179,33,7,8,1,53008,,Mumbai,Cloudy,DRAW,,5,80881,netbanking,,7,26,,9876543210,4984,52
1067,5143, ,CSK,australia,15,Other,None,Cricket,27-06-2020,,2307,212707,120,5,9,1,33479,19973,Kolkata,Sunny,win ,2.4,1,83639,upiid,4448,90,6,xyz@,,3713,14
1132,5013,Bumrah,KKR,,26,Male,John Smith,Cricket,20-12-2021,,86,-4508,162,5,2,1,,8547,Kolkata, , lose,5.4,0,81549,netbanking,10654,75,21,,,3704,187
1119,5070,Bumrah,,,54,male,John Smith,basktball,05-12-2023,5352,-345,752022,14,3,3,1,,,Kolkata,,Win,4.8,2,82737, ,17982,118,22,abc@gmail.com,9999999999,1210,20
1036,5179,Rohit ,Barcelona,india,11,Male,,footbal,26-06-2020,,2579,,119,4,6,4,,3164,Kolkata,Rainy,,5.6,6,84557,credit card,2265,97,18,,9876543210,3745,118
1071,5123,,RCB,INDIA,55,Male,, ,26-11-2021,,897,,95,1,1,5,26785,,Bangalore,Rainy, lose,,,80100,upiid,13314,,3,,12345,1986,52
1126,5124,Ronaldo,CSK,Sri Lanka,64,Mle,Rahul Dravid,footbal,25-10-2020,,,,5,2,7,3,,13628, ,,Win,6.5,1,83532,creadit card,14145,,8,abc@gmail.com,,1491,101
1105,5036,Bumrah,RCB,india,20,Male,,,23-11-2021,,-180,1309573,108,2,4,1,,,Chennai,Sunny,Draw,8.8,3,82816,credit card,19816,,18,user@yahoo,,4270,40
1091,5028,Rohit ,,india,41,mal,John Smith,footbal,11-10-2020,-11,,,96,4,0,1,,,Chennai,,Lose,7.2,2,80407,,,,1,xyz@,12345,3048,68
1030,5194, ,Lakers,Australia,59,Other, ,Football,09-04-2022,5732,,765019,31,4,2,0,,, , ,win ,2.1,,82515,upi,,,27,user@yahoo,12345,4919,44
1121,5142,,,India,40,femal,Rahul Dravid,Tennis,27-04-2020,,690,534979,179,5,8,2,4860,16827,Bangalore, ,win ,,,81739,upi,-847,,28,,,2934,134
1136,5174,Rohit ,KKR,Sri Lanka,26,Other,John Smith,Basketball,18-08-2020,-919,,,82,4,4,4,,6803,Chennai,,Win,,4,84052,credit card,,,26,user@yahoo,9999999999,4364,87
1050,5173, ,Lakers,INDIA,23,Female,None,Basketball,30-12-2021,5739,,,155,5,7,1,,4902,Bangalore,,,4.4,4,80258, ,3305,30,6,user@yahoo,9876543210,1817,120
1028,5179,Dhoni,MI,australia,58,male,John Smith,Football,04-11-2023,5034,176,344385,117,7,0,3,58029,3604,Mumbai,rainy,,9.4,,80508,netbanking,,114,21,user@yahoo,9999999999,4319,57
1039,5018,Bumrah,KKR,India,32,female,,Basketball,26-03-2020,,1501,741808,191,1,6,3,10019,,Mumbai,Sunny,Draw,5.8,,83821,cash,10265,20,18,,,1275,186
1040,5105,Joe Root,CSK,Sri Lanka,35,mal, , ,12-05-2023,,,,78,3,6,3,28228,,Delhi,Rainy, lose,2.9,,84404,cash,10154,,5,abc@gmail.com,9999999999,3022,72
1010,5020, ,Lakers,,52,Female,Rahul Dravid,Cricket,25-05-2020,,,730949,77,5,7,0,50544,,,rainy,win ,5.5,,83683,cash,4568,,14,,9999999999,2877,158
1150,5063,Messi,,sri lanka,60,Mle,None,,,518,1022,335467,146,4,2,3,9742,,Bangalore, ,,,,84720,upi,15633,,6,,9876543210,4014,52
1000,5164,Joe Root,KKR,Sri Lanka,62,mal,None,Tennis,12-05-2023,2136,2016,,106,0,0,5,58968,10558,Chennai, ,win ,,1,83726,creadit card,15752,,5,,9876543210,4087,11
1045,5026,,RCB,England,8,Female,John Smith,footbal,10-11-2023,,2575,992083,125,8,8,0,,2530,,Rainy,win ,,1,80678,netbanking,-391,,0,user@yahoo,9999999999,1147,175
1100,5054,Joe Root,RCB,australia,27,Female,John Smith,basktball,08-05-2021,5285,342,,14,2,0,4,39482,,Delhi,,Draw,3.1,6,81283,upiid,,111,27,abc@gmail.com,12345,237,5
1148,5028, ,MI,india,24,male, ,Football,22-03-2023,-1627,,,133,1,5,3,51524,18061,Bangalore,,Lose,,1,84837,cash,17395,94,13,,9876543210,2122,131
1089,5147,Bumrah,KKR,sri lanka,21,Other,None,Cricket,18-04-2021,-715,,,72,8,8,2,,368,Bangalore,Cloudy,Win,9.2,,80906,netbanking,,9,0,xyz@,12345,4595,143
1109,5024,,,india,17,Mle, ,basktball,12-07-2021,,,,100,6,1,1,31935,16401,,,win ,,4,80267,upiid,,53,24,xyz@,9999999999,1545,130
1163,5069,,,England,26,male,John Smith,Cricket,06-12-2023,,,265323,97,4,3,4,49089,,Kolkata,Cloudy, lose,,,83103,cash,1926,119,5,user@yahoo,9999999999,3983,2
1181,5062,,,england,9,mal,John Smith,,12-05-2023,,,,165,5,1,5,,18462,Kolkata,,win ,6.2,,84906,netbanking,9155,36,27,xyz@,12345,4363,182
1056,5163,Smith,MI,Australia,9,male,,Basketball,24-04-2020,1741,482,,25,3,3,2,32214,19811,Kolkata,Rainy,win ,,,81200,upi,,45,17,xyz@,,986,174
1000,5129,,RCB,INDIA,49,Other,None,Football,20-01-2021,,,352851,91,0,1,4,,8059,Kolkata, ,Lose,,5,81116,cash,961,,26,abc@gmail.com,,1623,94
1062,5149, Virat,Lakers,england,49,mal,,Football,,2548,,,124,3,0,5,,, ,,Win,7,,80898,,,102,16,abc@gmail.com,9999999999,3121,127
1181,5015,,Lakers,sri lanka,56,Other, , ,29-10-2020,,,919382,178,8,2,3,22700,,,,DRAW,,,82790,upiid,18334,71,26,xyz@,9999999999,3726,126
1054,5145,,CSK,england,34,Male,Rahul Dravid,Basketball,26-06-2021,,2104,,72,0,7,4,,16364,Mumbai,Cloudy,Lose,,,82644,credit card,,78,27,,9876543210,3901,41
1114,5196,Rohit ,Barcelona,sri lanka,13,Mle,,Basketball,15-11-2021,,-183,1398006,122,9,4,4,24634,5407,,Rainy,Draw,3.4,2,81058,netbanking,,,1,xyz@,,722,197
1167,5181,Bumrah,MI,England,31,Male, ,Basketball,14-08-2020,,2846,936194,52,2,3,4,,9879, ,Cloudy,,4.9,0,80687,netbanking,4747,52,7,,9876543210,1095,30
1142,5099,Dhoni,Lakers,India,37,femal,,basktball,,842,74,,183,4,4,0,30072,,Chennai,, lose,,,80787,,,,20,,9999999999,3827,44
1148,5029,Rohit ,Lakers,Sri Lanka,57,female,, ,29-08-2023,,,431951,186,6,5,2,15981,16816,Mumbai,Cloudy,Win,3.5,,84494,creadit card,12777,,22,,9876543210,4285,10
1174,5044, ,MI,australia,66,Female,,Football,16-09-2021,,,412223,197,8,5,5,,9039,,,Win,,2,82644,credit card,6966,112,22,user@yahoo,9999999999,995,30
1052,5018,Messi,Lakers,England,17,Mle,Rahul Dravid,footbal,05-12-2023,,,-12605,77,5,4,3,40786,3293, ,rainy,Draw,,,82164,upiid,10381,44,1,,,4661,75
1136,5033,Smith,Barcelona,india,36,Female,,Cricket,,,,903658,91,2,5,1,19558,,Mumbai, ,,8,,84457, ,,,15,user@yahoo,12345,992,49
1179,5140, Virat,,India,48,mal,,Football,05-08-2021,,1470,,185,6,8,3,35785,,, ,,,2,80203, ,1129,,3,xyz@,12345,2783,163
1056,5170,Bumrah,Lakers,,32,Female,John Smith,Football,22-05-2021,,,,87,3,4,3,,434,Chennai,Rainy,DRAW,4.8,,83217,,16301,,1,,9999999999,155,193
1116,5061,Messi,CSK,england,43,femal,Rahul Dravid, ,02-05-2021,,,882134,12,2,5,0,,3998,Bangalore, , lose,2,,82491,upi,11350,24,22,,,1895,145
1153,5117,Ronaldo,KKR,england,18,mal,,,24-01-2022,2301,1703,,42,6,3,0,53757,,Bangalore, ,Lose,,0,84822,cash,,,4,,,1776,159
1168,5099,Smith,MI,Australia,46,Male,,Cricket,,,,1341325,75,6,2,4,22564,19129,Mumbai,rainy,Win,7.6,1,82038,,1438,,16,,12345,4768,70
1034,5021,Joe Root,CSK,australia,36,Other,John Smith, ,,,,,50,3,5,3,1011,,Bangalore,rainy,,,2,83368,,19676,72,1,user@yahoo,,2116,180
1062,5179,Smith,RCB,Australia,56,female,Rahul Dravid,Tennis,01-09-2020,-1087,,244789,18,6,4,2,,,,,Draw,,5,83558,creadit card,16180,,21,,,2420,26
1024,5179,Hardik,,england,28,male,, ,22-04-2021,-1632,,,148,1,3,0,50013,6454,,Sunny, lose,5.1,2,84057,netbanking,17435,50,13,abc@gmail.com,9999999999,54,100
1089,5110,Messi,,INDIA,14,Other,,basktball,03-08-2023,-1560,1734,,121,0,4,5,59404,2970,Delhi,Rainy,Lose,,,84862,credit card,,,19,user@yahoo,9999999999,84,133
1074,5163,Hardik,CSK,,67,Mle,, ,12-05-2023,,,,23,1,6,0,,12255,Mumbai,Cloudy,DRAW,,1,81226,netbanking,6547,12,6,abc@gmail.com,,2888,111
1037,5072,Hardik,CSK,australia,25,female,,basktball,05-12-2023,,343,,25,3,0,2,,,Mumbai,Cloudy,Win,1.3,,84490,upi,19596,,14,abc@gmail.com,,4687,14
1129,5146,Bumrah,Barcelona,sri lanka,37,femal,None, ,15-08-2020,,57,,172,7,0,0,,2951,Chennai,, lose,9.9,0,84343,cash,5358,98,17,abc@gmail.com,9999999999,2779,51
1134,5037,Smith,MI,,25,mal,,Cricket,04-12-2023,789,,86757,155,2,0,2,5063,,,Sunny,Lose,9.8,7,83511,cash,14260,,12,abc@gmail.com,,2669,15
1161,5069,Bumrah,RCB,Sri Lanka,20,femal, ,Tennis,05-12-2023,,997,1328360,119,9,1,1,41782,,,, lose,5.5,,80913,netbanking,,20,11,,9876543210,3836,128
1090,5115,Dhoni,Barcelona,sri lanka,53,Female,,Basketball,09-07-2023,,2512,,81,5,8,2,,8899,,Cloudy,,,,81419,,5079,93,1,user@yahoo,9999999999,1008,140
1016,5078,Bumrah,,england,46,Other,Rahul Dravid,Basketball,08-07-2020,,2323,804543,99,5,4,1,3536,19853, ,,win ,,,82703,upi,,,11,user@yahoo,12345,2364,46
1127,5184,Messi,RCB,india,37,mal,None,Football,09-01-2023,,,,156,8,8,5,10532,7553,,,DRAW,7.3,4,80355,upiid,,26,5,,9999999999,3686,192
1170,5147, Virat,CSK,,26,male,, ,18-07-2022,,1725,1380531,16,8,4,4,19542,,,Rainy,Draw,,,83472, ,4233,,23,xyz@,,4347,72
1186,5008,Dhoni,,India,18,Mle,John Smith,Football,16-03-2020,,594,,67,3,6,4,,14168,Delhi,Rainy,Lose,5.9,0,80240,upiid,13297,10,28,abc@gmail.com,12345,2199,187
1107,5031, Virat,,,45,Male,John Smith,Football,05-12-2023,4703,,,43,8,5,0,,,Delhi,rainy,DRAW,8.1,,81910,credit card,1808,,0,xyz@,,1359,95
1178,5131,Smith,MI,Australia,16,mal,Rahul Dravid,basktball,26-02-2023,,1414,,60,5,1,2,58273,6491, ,Sunny, lose,5,1,82276,,,,20,xyz@,,909,154
1181,5049,Joe Root,Barcelona,india,28,Mle,Rahul Dravid,,21-05-2020,1046,,,122,1,2,0,,,Bangalore,rainy,,9.4,5,80620,cash,14860,81,0,,9999999999,3439,29
1151,5081,,MI,Australia,69,mal,,Tennis,16-01-2024,,1345,,92,9,4,2,,,Mumbai,rainy,Draw,6.3,0,80854,netbanking,,,14,user@yahoo,12345,2913,132
1024,5004,,KKR,india,9,mal,,,20-06-2020,-264,,454753,195,5,3,0,,,Chennai,rainy,Draw,7.4,,83743,creadit card,8268,,26,xyz@,9876543210,4695,178
1198,5147,Ronaldo,KKR,India,15,female,None,Tennis,27-01-2023,1951,2906,,73,1,5,4,28693,,Bangalore,Cloudy,DRAW,,5,82314,upi,,,15,,9876543210,1006,25
1179,5086,Hardik,Barcelona,India,11,Mle,John Smith,Football,30-05-2020,,,,152,7,7,5,,19474,Kolkata,Cloudy,win ,8.4,3,83200,upi,17433,53,21,,12345,3052,168
1197,5125,Messi,Lakers,,63,mal,,Football,08-02-2022,3314,,362718,66,3,7,4,1267,15022, ,rainy,win ,1.5,1,83624,netbanking,17170,,6,user@yahoo,,1143,32
1087,5074, Virat,KKR,australia,28,Male,,Cricket,29-11-2022,4985,,,110,4,2,0,37523,, ,,,4.7,,81060,cash,12721,87,21,abc@gmail.com,9876543210,4398,100
1160,5164,Ronaldo,CSK,Australia,43,Mle, ,,20-01-2024,2280,,798448,1,7,3,2,,,,,,,1,80381,cash,,,13,,,3220,37
1176,5021,Rohit ,Lakers,india,38,Other,,Football,13-12-2023,,-216,915577,88,7,0,3,,12875,Kolkata,rainy,DRAW,,5,81132, ,15764,91,28,user@yahoo,,1224,126
1028,5185,Bumrah,KKR,sri lanka,31,Mle,John Smith, ,27-12-2021,3311,444,,176,5,1,5,46557,8576, ,,win ,,2,82476,credit card,6344,,24,xyz@,9876543210,3878,138
1062,5067,Hardik,KKR,india,17,male,Rahul Dravid,footbal,15-11-2021,,,855165,197,3,8,2,,14190,,,,5.4,,83135,,5815,,18,,9999999999,4495,166
1149,5043, Virat,Lakers,australia,28,Female,None,Tennis,24-01-2022,,,1905,25,0,9,0,,12224, ,, lose,4,,82838,upiid,,74,23,user@yahoo,,67,189
1153,5033,Dhoni,MI,Australia,61,Other,Rahul Dravid,,21-02-2022,,363,596803,199,6,9,2,,,Kolkata,,,6.3,7,82079,cash,19550,112,18,xyz@,9876543210,4249,100
1155,5076,Messi,,,54,Male, ,footbal,05-12-2023,,2259,,98,7,1,1,39656,8713,Mumbai,Cloudy,,1.8,,80944,,19329,3,26,,9876543210,1014,27
1113,5041,,CSK,england,32,male,,Football,26-01-2020,-661,,1156243,26,8,5,2,55778,5659,,rainy,DRAW,,,83962,upiid,13478,117,27,user@yahoo,9999999999,181,135
1048,5136,,Lakers,england,43,femal,Rahul Dravid,,18-10-2021,2709,,,88,1,6,4,30527,14772,Chennai,,DRAW,,0,84201,creadit card,9661,67,28,xyz@,,4620,99
1198,5105,Bumrah,Barcelona,england,9,Female,Rahul Dravid,footbal,17-01-2024,3449,,38830,145,0,5,4,5545,18804,,Cloudy,Win,3.9,,82529,upi,,105,28,user@yahoo,12345,4115,137
1080,5094, ,CSK,india,48,mal,,Football,05-12-2023,16,,762276,181,3,7,1,,,Chennai,rainy,Draw,9.7,,84301,credit card,13551,50,22,xyz@,,4946,187
1083,5134,Ronaldo,CSK,Australia,35,male,Rahul Dravid,Basketball,20-09-2020,365,,979898,0,4,8,5,,,,rainy,Lose,1.8,,83318,credit card,,24,29,abc@gmail.com,,2945,36
1104,5067,,MI,australia,49,male,John Smith, ,08-09-2023,,,,188,9,7,2,,9147,,rainy,Win,5.6,5,80834,netbanking,,67,12,,9999999999,2057,118
1176,5146,Messi,RCB,Sri Lanka,28,femal, ,Tennis,12-05-2020,,1020,,102,0,4,5,,,,,Draw,,0,83750,upi,9005,90,20,,9999999999,2747,158
1147,5158, Virat,CSK,Australia,33,female,,Tennis,10-02-2020,3888,2403,,130,4,7,3,13571,675,Kolkata, ,Win,,,84184,creadit card,10122,,11,abc@gmail.com,,1880,19
1117,5127,,MI,INDIA,19,mal,, ,,-1337,2807,11655,195,5,9,2,31198,,Delhi,, lose,8.3,1,83387, ,18153,,28,user@yahoo,,3602,169
1085,5162,Joe Root,Lakers,Australia,28,Mle,None,Basketball,27-03-2021,5051,2778,,40,2,9,4,45256,18534,Chennai, , lose,,,84991,upiid,11182,88,0,xyz@,12345,654,55
1062,5184,Dhoni,Lakers,England,47,male,Rahul Dravid,,,,,,164,6,8,4,39464,,Delhi,rainy,Win,,,84238,creadit card,,,26,abc@gmail.com,,3686,84
1188,5084,Rohit ,RCB,,61,Male,,Football,16-03-2023,,,,50,5,7,5,21017,,Kolkata, ,,,4,80206,cash,556,,11,user@yahoo,9999999999,2288,6
1103,5188, ,MI,australia,56,female,Rahul Dravid,,31-08-2023,412,,,14,3,1,0,,7178,Delhi, ,Lose,,5,83534,upiid,,,3,,9999999999,2199,123
1048,5158,Hardik,MI,,10,Mle, ,basktball,05-12-2023,1104,,1364139,7,2,1,4,,15602,Kolkata,Rainy,DRAW,,,82052,,,,29,abc@gmail.com,12345,2831,107
1070,5082,Messi,,australia,49,mal,Rahul Dravid,,20-10-2022,,279,1322461,37,4,2,0,59703,,Kolkata,Cloudy,Win,5.1,,84306,netbanking,17439,69,28,abc@gmail.com,12345,3408,88
1000,5094, ,CSK,India,26,female,John Smith,footbal,16-12-2022,2468,,,113,2,6,4,,, ,Sunny,,5.9,,80028,credit card,,,26,user@yahoo,9999999999,2235,150
1140,5180,Joe Root,CSK,india,28,Male,, ,30-09-2023,,933,,82,9,8,4,3564,5658,Mumbai,Cloudy, lose,7,5,81213,upiid,11608,,14,xyz@,,2511,198
1178,5031,,Lakers,INDIA,44,mal,John Smith,Football,10-08-2022,2944,2934,856643,55,8,7,3,30754,,,, lose,,6,80187,netbanking,12909,115,24,user@yahoo,9876543210,721,152
1122,5065, Virat,Lakers,sri lanka,56,male,Rahul Dravid,Football,11-04-2020,1592,1510,,174,8,8,0,,,Chennai,Rainy,,,4,81860,credit card,,,15,,9999999999,3248,62
1183,5186,,Lakers,,44,Mle,John Smith,footbal,08-08-2022,115,1981,,102,5,5,0,26015,16660,,,Draw,6.6,4,82572,cash,,,14,user@yahoo,12345,1200,170
1061,5115,Dhoni,KKR,Sri Lanka,10,mal,,Cricket,22-09-2020,,,,137,5,0,4,,,Bangalore, ,Win,,1,84014,,18531,109,7,user@yahoo,9999999999,4976,150
1031,5137,Bumrah,,australia,64,Other,Rahul Dravid,,,,254,1300091,101,3,3,0,,298, ,,Win,,2,84252,upi,15388,0,18,,9876543210,2462,144
1157,5129,,Barcelona,Australia,40,male,,Basketball,19-08-2023,,2555,,77,3,5,4,10105,6702,Chennai,Sunny,Lose,,3,82127,netbanking,13381,120,14,xyz@,9876543210,4673,141
1028,5193,Ronaldo,RCB,INDIA,11,Other, ,Cricket,01-04-2022,2951,208,1154700,176,1,5,4,,5607,Chennai,, lose,,,81891,upi,,,17,xyz@,,309,120
1048,5059, Virat,MI,England,54,Female,,Football,12-05-2023,,,92894,168,9,7,5,21694,,Chennai, ,DRAW,,,82707,,,118,10,user@yahoo,9876543210,1025,37
1172,5016,Smith,Barcelona,,53,mal, ,footbal,25-07-2023,,2834,738973,82,3,0,2,,16813,Chennai,, lose,,6,81741,,306,109,8,abc@gmail.com,9876543210,4412,180
1029,5095,Rohit ,RCB,india,53,Male,John Smith,Cricket,10-03-2022,1198,2998,220169,29,7,1,0,,,,,DRAW,,,82673,netbanking,,,0,,9999999999,1532,152
1143,5143,Rohit ,,INDIA,16,Female, , ,17-08-2020,,1501,43077,4,9,1,1,19595,,Bangalore,rainy,Lose,6.1,,81813,netbanking,,36,8,abc@gmail.com,9876543210,3643,125
1167,5015,Bumrah,Barcelona,INDIA,39,Female,John Smith,Football,01-11-2020,,,,118,1,5,5,,,Bangalore,Sunny,Lose,,,84327,credit card,,55,27,xyz@,12345,367,17
1018,5045,Dhoni,Barcelona,England,12,Mle,,,03-09-2020,3176,,379657,198,8,6,0,,16068, , ,win ,,,80159, ,,85,22,,9999999999,4650,16
1017,5166, Virat,Barcelona,Sri Lanka,67,Female,John Smith, ,06-05-2021,,,,30,0,1,0,,18020,Kolkata,,Lose,3.3,3,80343,upiid,,,11,,9876543210,2652,129
1000,5158, Virat,MI,INDIA,12,female, ,Tennis,11-03-2023,,,,179,1,4,3,22762,4818, ,Cloudy,,,3,80204, ,16313,,1,user@yahoo,,1249,85
1077,5106,Joe Root,KKR,India,16,Female,,footbal,01-08-2021,,,1312830,22,1,5,1,,,Kolkata, ,,,6,83042,netbanking,8157,,10,,9999999999,2983,125
1114,5087,Hardik,MI,,17,female,None,Basketball,02-06-2023,,1870,718964,47,5,3,1,41388,6468,Chennai,rainy,Draw,,5,82885,cash,,,20,xyz@,,4575,1
1174,5128,Smith,,Sri Lanka,14,femal,None,Football,12-05-2023,2288,2482,288037,108,6,0,3,43409,4838, ,,win ,9.1,,80304, ,14292,,13,,9876543210,3028,30
1193,5138,Ronaldo,RCB,england,41,male,John Smith,,19-05-2022,,,,39,2,2,3,,, ,, lose,8.5,,82717,,3805,,1,user@yahoo,12345,3134,24
1112,5118,Dhoni,RCB,England,18,female,None,footbal,19-01-2024,-452,,,5,8,9,0,58339,,Delhi,Rainy,DRAW,5.8,3,83941,credit card,18646,,14,,,4095,46
1113,5084,Messi,CSK,India,68,mal,Rahul Dravid,footbal,22-01-2021,,403,,37,4,8,2,58856,6096,,Rainy, lose,3.1,,80399,upiid,6643,,20,user@yahoo,12345,939,2
1165,5003,,CSK,INDIA,53,Female,,,05-12-2023,,,137200,168,4,5,3,,6991, ,Rainy,DRAW,2.7,3,83520,upiid,,73,22,,,4109,143
1178,5070,Hardik,MI,australia,23,female,Rahul Dravid,Football,30-09-2022,-669,87,,99,3,1,1,40100,, ,rainy,Lose,1.4,7,80985,credit card,,25,20,,9999999999,4237,29
1062,5153,Ronaldo,KKR,india,13,female,,footbal,09-07-2022,,,,26,8,8,1,,19579,Kolkata,Rainy,,,0,81805,cash,,,17,,,4023,99
1131,5110, ,,INDIA,56,Other, ,Football,12-07-2022,4858,2728,5383,68,7,3,0,,,Kolkata, ,win ,,,82096,netbanking,4518,44,26,user@yahoo,9999999999,3691,62
1128,5049,Smith,KKR,,31,mal,John Smith, ,11-06-2023,3244,205,785395,56,3,7,2,,,Mumbai,,,,5,84301,,,,13,user@yahoo,,589,13
1007,5139,Ronaldo,MI,India,,Male,John Smith,Tennis,13-11-2021,,-184,877564,16,3,9,4,,,Chennai,Cloudy,,8,,81459,,13482,,20,,9999999999,1782,65
1156,5094,,Barcelona,,30,femal,,basktball,04-01-2023,-414,,700333,70,1,6,3,27459,,Bangalore,, lose,,,81345,netbanking,2341,,27,xyz@,12345,4568,45
1054,5091, Virat,Lakers,England,29,male,John Smith,Cricket,31-03-2023,,-479,,46,8,2,3,8008,4096,Delhi,,,3.5,2,80230,upiid,1415,,11,,9876543210,1207,47
1102,5064,Dhoni,Barcelona,Sri Lanka,13,female,None,Cricket,29-12-2020,,-484,587680,78,2,7,0,,16649,,Cloudy,Win,5.4,4,83782,upiid,,,9,user@yahoo,9876543210,4412,16
1130,5046, ,Lakers,,34,Male,John Smith,basktball,13-06-2020,,1701,724074,109,3,3,5,,1624,Bangalore,rainy, lose,,3,83500,creadit card,7617,,13,,9876543210,4540,126
1031,5180,Ronaldo,RCB,India,29,Mle, ,Cricket,12-05-2023,450,232,164778,12,6,1,5,23289,,Bangalore,Sunny,,5.6,4,80882,creadit card,,,21,abc@gmail.com,12345,2343,107
1009,5105,Bumrah,Barcelona,Sri Lanka,56,femal,,footbal,22-05-2022,,,,138,9,4,2,,, ,Cloudy,DRAW,,1,82773,creadit card,,,14,xyz@,9876543210,846,3
1109,5198,Rohit ,CSK,Australia,12,Female,, ,12-05-2023,,465,26129,123,7,0,1,59997,1591,, ,DRAW,7,,82331,upi,11725,,4,,12345,2424,104
1161,5129,Messi,Lakers,Sri Lanka,39,mal,,Basketball,17-08-2020,,2571,,108,7,7,1,,1614,Bangalore,Cloudy,Win,6.1,0,80432,upi,15586,4,1,xyz@,9999999999,4680,198
1123,5105,Joe Root,Lakers,india,33,femal,,Tennis,13-04-2023,,-326,568148,89,3,7,4,,17281,Bangalore, ,Win,,,81208,netbanking,13162,,21,,9999999999,798,95
1086,5023,Dhoni,,India,42,Male,None,basktball,04-05-2021,,,932813,85,6,2,1,36308,3322,,Cloudy,DRAW,,3,82680,upiid,,83,5,,9876543210,470,133
1054,5003,Dhoni,Lakers,India,11,male,Rahul Dravid,Tennis,05-06-2020,1066,1070,553396,91,9,0,5,52628,4212,Delhi,Rainy,DRAW,,,82263,upi,19954,111,11,,12345,3909,154
1031,5107,Joe Root,KKR,,41,femal,Rahul Dravid,Tennis,14-02-2023,3246,1667,1062460,23,0,3,5,44255,, , ,,9.7,4,83002,credit card,,,1,,12345,4827,92
1177,5018,Messi,Barcelona,,34,Mle,,footbal,16-03-2022,1405,,653767,72,5,8,3,,,,Cloudy, lose,,,82412,creadit card,,,28,abc@gmail.com,,2094,15
1134,5153, Virat,KKR,australia,49,Mle,John Smith,Tennis,22-01-2024,-140,1068,,3,5,8,4,42984,953,, ,Draw,,5,81817,upi,,,28,abc@gmail.com,,2994,183
1092,5039,,Barcelona,Australia,58,Other,Rahul Dravid,,27-04-2021,2063,,378772,112,5,0,2,,, ,Sunny,DRAW,,,80617,creadit card,15135,,3,user@yahoo,,3129,150
1007,5049,Messi,,sri lanka,33,male,,footbal,17-05-2022,1694,-23,,45,1,6,4,,,Bangalore,Sunny,DRAW,,,84492,upiid,3884,,6,abc@gmail.com,9999999999,1313,37
1064,5170,Hardik,CSK,sri lanka,52,Mle,John Smith,Football,,-1106,,,17,7,5,2,31560,2345,,Sunny,Lose,,,82505,creadit card,,,15,,9999999999,2878,157
1056,5074,,RCB,INDIA,17,Female,,Basketball,29-01-2023,,1425,,42,4,6,5,42013,13171, ,,,,0,80317,netbanking,,24,0,,,3515,154
1066,5194,Messi,CSK,INDIA,43,Female,Rahul Dravid, ,29-10-2022,-1107,,307792,160,4,6,1,,14762,Bangalore,,Draw,1.2,,80456,upiid,,66,0,,9876543210,1047,70
1186,5011,Rohit ,MI,india,60,mal,,basktball,05-12-2023,4034,,588815,92,1,7,0,1260,16460,Kolkata,,Lose,,,80500,,,105,13,,9999999999,1087,139
1071,5194,Ronaldo,KKR,india,13,femal,John Smith,footbal,22-09-2023,,1815,119925,102,3,7,4,,15408,Mumbai, ,DRAW,5.3,0,84418,netbanking,4281,,10,,,3681,100
1053,5026,Bumrah,Barcelona,australia,60,Male,,Basketball,24-01-2022,685,2649,526328,123,8,9,4,48163,,Mumbai,rainy,,8.6,,82315,creadit card,,37,11,xyz@,9876543210,282,148
1066,5112,Joe Root,Barcelona,England,21,female,Rahul Dravid,Basketball,04-12-2020,-347,1495,595590,9,8,1,3,35485,,Delhi, ,,2.1,0,83874,credit card,16140,44,10,,12345,3648,84
1050,5181, Virat,CSK,Sri Lanka,36,Mle, ,Tennis,05-12-2023,,1825,,72,5,3,3,,19890,,rainy,Win,7.8,2,84973,cash,,44,5,user@yahoo,9999999999,1398,91
1096,5193,Dhoni,Lakers,Sri Lanka,18,Mle,,Tennis,12-05-2023,3677,,1131681,186,8,3,5,16198,18968,, ,,,,84774,netbanking,18761,101,22,abc@gmail.com,,2733,198
1091,5048, Virat,RCB,England,15,Male,,Football,18-11-2021,5902,,,30,3,9,2,32477,1569,Mumbai, ,Lose,4,,81003,creadit card,14917,,11,,,4067,33
1007,5143,,MI,sri lanka,56,mal,, ,05-12-2023,,,1111473,155,0,7,0,51122,7082, , ,win ,2.5,,84250,upi,,94,20,xyz@,9876543210,2357,121
1161,5129,Joe Root,RCB,australia,66,mal, ,basktball,21-07-2021,,,667746,59,1,2,3,27749,18926,Bangalore,Cloudy,DRAW,,5,84196,creadit card,,,11,abc@gmail.com,,2935,30
1034,5059,,Barcelona,,63,Female,Rahul Dravid,Football,18-06-2022,-1365,,969272,130,0,2,3,,14505,Mumbai,rainy,Lose,9.9,,81066,credit card,,1,9,user@yahoo,12345,3818,178
1095,5181,,CSK,Sri Lanka,24,Other,John Smith,Basketball,20-08-2023,,2690,1105734,117,7,1,1,,,Kolkata,,DRAW,8.2,,84716,creadit card,1161,86,7,abc@gmail.com,,3238,34
1087,5029, ,Lakers,australia,22,Other,Rahul Dravid,Tennis,14-09-2022,,,,182,8,0,1,11168,13215,Kolkata,,Draw,,6,81628,cash,,,26,xyz@,9876543210,1772,133
1077,5083,Rohit ,Lakers,England,23,Female,John Smith,Football,15-09-2022,211,306,,13,9,7,5,37879,,, ,win ,2.3,7,83234,creadit card,,,19,abc@gmail.com,9876543210,4077,140
1031,5165,Rohit ,CSK,Sri Lanka,11,male, ,basktball,28-07-2022,727,1239,835392,185,5,8,5,,18845, , ,DRAW,,,82281,,,73,18,user@yahoo,,4102,76
1119,5027,Messi,MI,India,49,Mle,Rahul Dravid, ,05-12-2023,,,,142,1,8,3,13071,,Chennai,Sunny,,4.2,,84498, ,3017,,6,user@yahoo,,787,75
1045,5024,Joe Root,RCB,England,51,Male, ,,09-03-2021,2890,-283,,1,5,7,2,45196,19211, ,,,,2,82398,credit card,,,13,abc@gmail.com,,3224,52
1143,5095,Smith,KKR,australia,43,Male,John Smith,Basketball,17-12-2021,,,,23,8,4,0,,,Bangalore,rainy,Draw,,4,83238,netbanking,,,3,abc@gmail.com,,42,51
1195,5124, ,Barcelona,England,9,mal,Rahul Dravid,Football,05-06-2020,-353,893,,63,2,0,3,,5218,Mumbai, , lose,3.7,,84354,netbanking,,,0,user@yahoo,9999999999,4296,149
1164,5009,Joe Root,MI,sri lanka,11,Other,,Basketball,21-12-2021,2061,1113,900809,198,8,8,2,35723,,,Rainy,,,2,83669,netbanking,,,26,xyz@,,2942,199
1181,5187, Virat,RCB,,49,male,Rahul Dravid,footbal,29-07-2022,-740,,1253201,99,1,5,2,,6895,,rainy,Win,8.1,6,84715,credit card,16560,90,7,,12345,4643,58
1141,5041,Hardik,RCB,,61,Female,,,21-11-2022,,2713,,113,4,6,3,,,,Sunny,Win,,,81465, ,8910,91,4,abc@gmail.com,9999999999,4321,98
1054,5039,Joe Root,KKR,Sri Lanka,52,Mle, ,Cricket,18-02-2022,100,,,23,1,7,2,12164,17354,Delhi, ,DRAW,8.4,,81961,credit card,,,28,,9876543210,3905,125
1175,5076, ,,india,22,Female,,Football,12-07-2022,-938,,672898,154,6,4,4,21506,,Bangalore,,Draw,,6,80875,netbanking,14910,82,7,,9999999999,4728,192
1006,5104,Joe Root,Barcelona,australia,38,Other, ,,16-01-2021,,,358383,164,9,5,2,,1529,,rainy,DRAW,,,84069, ,,68,7,xyz@,9876543210,3410,93
1073,5117,Joe Root,CSK,,10,Mle,,footbal,12-02-2021,,,,90,8,6,3,58404,,, ,,,,83901,upiid,,,27,,,1358,134
1006,5041,Messi,Barcelona,sri lanka,10,mal,None,basktball,12-02-2022,1177,,,166,6,6,2,1436,7183,Chennai, ,DRAW,1.5,,80542, ,,,20,user@yahoo,9876543210,1204,177
1160,5046,Smith,,,22,Female,None,Tennis,10-01-2020,,,1273504,190,4,1,3,,3223,Chennai,Cloudy,Lose,4.7,1,83516,creadit card,,,23,,9999999999,3604,37
1150,5164, ,KKR,India,56,female,None,basktball,26-10-2021,242,,,25,3,0,1,57534,,Delhi,, lose,7,,83865,upi,,76,6,xyz@,9876543210,2993,138
1084,5021,Rohit ,KKR,INDIA,22,femal, ,Football,11-07-2021,,,,64,3,7,3,31872,15945, ,Rainy, lose,3.2,,84548,upiid,,,28,user@yahoo,9999999999,2241,194
1146,5184,Bumrah,MI,england,68,male,None,footbal,10-08-2023,,,,119,9,4,2,59065,11311,Mumbai,Cloudy,,,,84499,creadit card,,,18,xyz@,,537,56
1111,5106,Smith,MI,Australia,17,mal,John Smith,basktball,05-08-2020,-1984,1186,,3,7,9,3,748,4499,,,Draw,,6,81018,credit card,,92,3,user@yahoo,9999999999,4011,83
1124,5026,Smith,CSK,,69,mal,,Tennis,02-02-2020,,638,505226,156,9,1,0,,, ,rainy,Draw,4.6,,81428,credit card,18238,,26,user@yahoo,,3868,71
1146,5040,Hardik,KKR,INDIA,63,Mle,,footbal,29-04-2023,5950,,333656,0,9,2,3,,10272,Mumbai,Cloudy,Draw,8.3,,84978,upiid,15937,13,27,user@yahoo,9876543210,4576,66
1035,5079,Bumrah,,England,16,mal,,Football,15-12-2021,,-466,,49,9,5,3,1030,10536,, ,,,6,80574,,15836,,28,,12345,4525,45
1028,5161,Smith,,Sri Lanka,40,female, ,Tennis,22-08-2020,,-480,974667,109,9,9,0,,,Chennai,Sunny,Draw,,2,81458,upiid,,,22,,9876543210,3583,87
1187,5159, Virat,KKR,India,28,mal,,,,,2927,,138,9,5,0,34768,5495, ,Sunny,Lose,,,81499,,13569,90,19,user@yahoo,,1350,95
1081,5088,,Barcelona,Australia,28,Other,None,footbal,31-10-2022,3229,,671760,73,0,7,0,59576,,, ,Win,7,5,81491,creadit card,2614,,5,user@yahoo,,944,196
1001,5065,Rohit ,,,32,Mle,None,Cricket,01-05-2022,,577,1350698,186,4,4,5,,,Delhi,Rainy,,,,83172,credit card,,53,11,abc@gmail.com,12345,3856,192
1128,5011,Smith,MI,england,56,mal,John Smith,footbal,06-08-2023,-1691,,,61,1,4,4,,, ,,Win,4.3,,82470,cash,,,17,,,1823,144
1046,5167,Rohit ,KKR,England,48,Mle,,Cricket,09-07-2023,709,1503,7458,80,8,6,5,9571,,,,,,7,83427,upiid,12961,,11,xyz@,12345,2625,10
1196,5072,Messi,KKR,Australia,50,Female,, ,19-10-2021,,,139920,163,6,9,3,,19895,,Sunny,Lose,1.7,,82515,cash,18940,,17,user@yahoo,12345,3898,149
1147,5075,Joe Root,Lakers,india,33,femal,Rahul Dravid,,26-10-2022,3907,484,,55,9,4,5,,4110,Delhi,,win ,,4,83551,creadit card,,,2,,9999999999,3487,140
1010,5089, ,KKR,Australia,9,femal,Rahul Dravid,Tennis,,203,280,1272120,110,7,8,5,57753,,,,Win,2.9,3,84206,,898,,9,user@yahoo,,4206,13
1129,5009,Messi,MI,england,40,Mle, ,Cricket,19-10-2022,,,46218,20,5,5,0,42453,, ,rainy,Draw,8.1,0,82200,,,6,6,,,4307,81
1194,5095,Rohit ,Lakers,,56,femal,Rahul Dravid,,12-05-2023,4999,2969,1126787,140,8,6,0,16987,18594,,Cloudy,Draw,,,82964, ,13598,34,2,abc@gmail.com,9999999999,850,117
1118,5175,Smith,RCB,india,26,Male,,basktball,18-04-2020,1889,,1437673,8,5,7,1,45076,,Kolkata,Cloudy,win ,,,83313,netbanking,13742,,27,,,2925,138
1139,5019,Bumrah,,australia,39,Female,,Tennis,23-04-2022,3321,1251,971480,138,6,4,5,11511,13062,Delhi,,Draw,7.3,,82927,netbanking,,85,18,xyz@,9876543210,995,122
1019,5038,Rohit ,Barcelona,,9,Female,None, ,08-11-2023,,2130,216010,69,6,3,4,,,Bangalore,Sunny,Win,5.6,,80681,upiid,,115,12,xyz@,12345,4761,141
1004,5059,Smith,MI,,50,male,,Basketball,05-12-2023,,356,,128,8,7,3,13148,,Delhi,Cloudy, lose,,0,84864,,12675,82,29,abc@gmail.com,9999999999,349,162
1036,5065,Ronaldo,CSK,sri lanka,53,male,,basktball,04-08-2021,,,942679,117,7,9,2,,,Chennai,Rainy,DRAW,,7,80278,upiid,5385,112,3,xyz@,,1537,59
1165,5064,Hardik,Barcelona,Sri Lanka,52,Male, ,Cricket,05-12-2023,,-319,,197,0,8,4,33874,,Bangalore, ,Draw,2.9,1,84458,upiid,,63,9,user@yahoo,12345,2977,128
1136,5178, Virat,RCB,sri lanka,34,Other,None,Basketball,17-04-2021,,,,55,3,0,4,16231,7305,,Sunny,Draw,,1,81648,upi,,112,5,,,2728,49
1052,5123, Virat,RCB,INDIA,43,femal, ,Football,08-03-2022,,,,30,6,2,1,,498,, ,,2,6,84696,upiid,2482,11,0,,9999999999,4346,6
1171,5163,Dhoni,KKR,australia,12,female,, ,22-10-2020,-1580,,462978,36,7,3,3,41320,13956, ,rainy,Win,,,81158, ,,52,5,,,2366,12
1098,5151,Dhoni,CSK,,10,mal,None, ,09-01-2020,4733,,,174,6,6,3,15755,,Mumbai,,DRAW,,,82341,creadit card,14414,118,7,,,2236,29
1085,5154,Messi,Lakers,England,20,Male, ,footbal,29-06-2022,,,965492,90,2,5,0,,19895,,,Lose,,6,81518,netbanking,11607,62,27,xyz@,12345,3875,77
1107,5129,Hardik,CSK,England,45,femal,,Tennis,19-07-2021,,,167459,113,3,9,0,,9767,Mumbai,Cloudy,Draw,4.8,,81838,,3228,45,14,,,3094,124
1023,5158, ,MI,england,10,Female,John Smith,Football,02-07-2023,-741,-179,,127,6,9,4,48203,12389,Chennai,Sunny, lose,5.5,,80870,,,26,7,,9876543210,3601,26
1080,5056, Virat,Barcelona,,21,Female,Rahul Dravid,,14-06-2021,101,2360,139090,174,7,0,1,,16885,Mumbai,,Win,5.8,6,83277,upi,10323,,21,,9876543210,4174,68
1157,5077,Dhoni,RCB,england,22,Other,John Smith,,,,-354,,121,6,3,3,,, ,rainy,Lose,,1,81341,,5812,,5,,9876543210,4641,16
1119,5193,Hardik,,australia,45,Female,Rahul Dravid,Football,26-05-2021,,939,739724,68,5,5,1,,,,Rainy,,,1,82306, ,9871,37,28,abc@gmail.com,9876543210,923,53
1058,5028,Joe Root,Lakers,australia,39,mal, ,Football,06-06-2020,4576,2991,,185,8,2,2,,,Delhi,Cloudy,Lose,,,81171,credit card,13442,,18,xyz@,9999999999,618,147
1127,5014, ,CSK,Australia,8,Male, ,footbal,02-01-2022,,,1081713,35,8,1,3,59107,17418,,rainy,win ,,,84072,netbanking,1412,,13,,,4400,175
1113,5011,Rohit ,MI,India,30,female,,footbal,05-12-2023,5330,,,31,6,1,0,883,6772,,rainy,Win,,3,81128,creadit card,,,1,abc@gmail.com,,3262,160
1114,5100,,,,52,mal,None, ,,5874,1546,,63,7,9,4,8030,,Chennai,Rainy,win ,8.1,,83627,upi,,,6,xyz@,12345,3303,70
1013,5155,Hardik,RCB,sri lanka,13,female, ,footbal,01-01-2020,-152,2052,,198,5,3,1,,3663,Mumbai,Sunny,Draw,,,83999,upiid,9799,44,7,,12345,2601,198
1008,5083,Bumrah,Barcelona,England,45,mal,Rahul Dravid,,,,2062,889414,169,0,0,0,59698,,Chennai,,Draw,,6,83887,cash,18732,,9,user@yahoo,,1047,189
1039,5124,Dhoni,RCB,,64,femal, , ,28-03-2022,994,734,1406973,47,0,9,4,,,Bangalore,, lose,4.2,,81284, ,10155,11,12,,,1698,5
1193,5102,,KKR,india,31,female,John Smith,Cricket,28-05-2023,,668,-19670,80,5,1,0,,6860,Delhi,rainy,Draw,,0,80570,,13128,,29,xyz@,9999999999,2230,187
1024,5023,Rohit ,CSK,england,40,mal,None, ,24-06-2020,4927,,,157,1,9,3,,,Mumbai,,Draw,5.9,,82864,upiid,,,21,user@yahoo,12345,1868,130
1102,5148,Rohit ,RCB,Sri Lanka,65,male,John Smith,Basketball,18-11-2021,,,,148,7,1,1,22352,15950,,,,4.5,0,83984,upi,,53,20,abc@gmail.com,9999999999,2654,130
1021,5137,Dhoni,MI,,61,Female,,Football,05-12-2023,,422,605739,59,0,3,2,,,Kolkata,Sunny, lose,,5,83141,upiid,2577,54,19,abc@gmail.com,,82,3
1003,5109,Ronaldo,CSK,England,18,Mle,, ,06-01-2022,,,626554,140,1,3,5,41907,14687, , ,,9.4,,81977,netbanking,9792,17,0,user@yahoo,,92,198
1153,5077,Ronaldo,MI,australia,33,femal,,footbal,,1431,,,0,7,0,0,47884,,Chennai,,Lose,,,80446,credit card,3564,78,8,,12345,3156,95
1185,5100,,KKR,india,21,femal,Rahul Dravid,basktball,08-05-2023,,2269,327210,64,5,6,5,,8027, ,, lose,8.5,,84878,,-124,,26,,9999999999,3048,43
1028,5145, Virat,Barcelona,India,17,Male, ,Cricket,12-05-2023,,2156,,32,9,6,1,,,Kolkata,Rainy,Win,9,4,81280,cash,,,9,abc@gmail.com,12345,1467,133
1108,5141,Dhoni,,Sri Lanka,42,mal,John Smith,Basketball,16-10-2021,1291,,,37,1,9,3,,, ,rainy,Lose,,6,80636,upi,3851,,19,xyz@,9876543210,2024,178
1097,5161,Dhoni,CSK,,8,Other,,basktball,08-06-2023,,,1195210,24,1,9,0,2681,18700,Kolkata,Sunny,Win,,6,82973,credit card,939,,1,,,4869,10
1036,5127, Virat,RCB,INDIA,66,Male,,Basketball,27-08-2022,2833,,,153,6,9,3,44589,16764,,rainy, lose,3.3,7,84626,netbanking,,,19,xyz@,12345,3817,155
1074,5057, Virat,KKR,Sri Lanka,48,Male,,Basketball,12-12-2023,2307,,1162144,58,4,0,2,33355,, ,Cloudy, lose,,,80118,upiid,6472,,28,xyz@,,2698,24
1069,5075,Messi,,,55,Male,Rahul Dravid,Basketball,14-09-2021,,-97,,160,4,7,2,13155,,Mumbai,Cloudy,win ,5,,84161,creadit card,,,10,xyz@,12345,791,22
1145,5149, ,RCB,INDIA,47,Mle, ,basktball,,5233,-51,1104686,100,7,9,4,,4632,, , lose,,,82292,,,,4,xyz@,,475,89
1127,5197,Smith,RCB,sri lanka,26,male,None,Football,10-08-2023,,2512,1494633,126,6,6,4,56956,,Kolkata,rainy,Draw,,4,82104, ,11423,107,17,abc@gmail.com,9876543210,503,3
1084,5035, Virat,Barcelona,australia,25,Mle, ,footbal,23-11-2020,,,,40,8,6,4,,5540, ,,Lose,7.9,,81067,upi,,,6,,,230,144
1041,5172,Smith,MI,,43,Mle,,Cricket,07-07-2021,2750,,401149,157,3,5,3,,,Chennai, , lose,,,80423,netbanking,7848,,2,xyz@,,1586,158
1099,5163,Bumrah,,sri lanka,31,male,None,,05-08-2021,,,,56,9,3,4,,8716,,Rainy, lose,8.2,7,83819,upiid,,39,29,,,1774,112
1040,5021, ,KKR,,40,Male, ,footbal,,,,1472092,176,3,7,1,,, ,,DRAW,5.4,4,84490,upiid,,,15,abc@gmail.com,,3090,171
1165,5126,,,INDIA,32,Mle,,Basketball,21-11-2023,2000,-433,1219135,47,1,1,5,,, ,,Lose,,,81280,upiid,,,14,user@yahoo,,2256,4
1033,5079, ,CSK,australia,18,mal,None,footbal,05-04-2023,4763,2234,,71,2,6,5,4042,,,,Draw,5,,81819,creadit card,16670,,7,,,3970,107
1016,5188,Hardik,MI,Sri Lanka,61,mal,Rahul Dravid,,05-12-2023,5433,2084,,176,0,2,3,,,Bangalore, ,Win,,,83432,,10558,13,19,abc@gmail.com,,4226,40
1164,5099,Messi,RCB,australia,20,Mle,None,Tennis,11-11-2020,1775,,498143,174,0,2,3,6490,9705,Delhi,Rainy,Lose,,2,80762,credit card,13048,73,27,,12345,4838,16
1152,5183,Ronaldo,,india,56,mal,None,basktball,05-12-2023,,,184281,55,6,6,4,25992,13464,Mumbai,Sunny,Draw,,0,81629,upiid,4643,,26,xyz@,,383,105
1121,5095, ,MI,australia,46,mal, ,Cricket,03-03-2020,,2992,,64,4,2,5,,7492,Delhi,rainy,Win,,,80442,netbanking,,104,4,user@yahoo,9876543210,3163,72
1075,5160,Hardik,RCB,India,24,Other,,Football,28-03-2020,,,1427769,11,2,4,5,,4021,Delhi,Sunny,Win,,,83014,netbanking,,30,2,,,2409,88
1086,5172,Bumrah,MI,Sri Lanka,29,mal,,Football,02-11-2022,,224,,68,6,7,4,,,,Sunny,win ,3.6,7,82581, ,10178,27,28,,9999999999,760,16
1116,5163,Dhoni,Barcelona,India,20,Male,None,basktball,11-06-2022,,,1197459,133,1,3,3,,13616,Mumbai,,win ,6.7,6,81497,credit card,,,26,,,3952,118
1105,5147,Hardik,,Australia,28,femal,John Smith,basktball,02-12-2022,-1786,,,88,2,6,2,41071,2784,,,DRAW,8.4,4,84252,upiid,244,54,4,,,942,91
1085,5017, ,RCB,australia,65,mal,Rahul Dravid,basktball,31-08-2021,,,,192,0,6,2,27133,,Chennai,,win ,3.1,7,80088,creadit card,,87,8,,9876543210,2695,194
1026,5037,Ronaldo,,,24,Mle,,Basketball,27-10-2020,,-312,,24,7,1,4,23115,,Delhi,Cloudy,Draw,8.9,,82249,credit card,,21,26,,,1296,183
1056,5194, Virat,MI,india,33,male,John Smith,basktball,13-05-2023,,,1379201,0,1,7,2,940,,Delhi,,Win,8.1,0,80979, ,9904,69,15,,9999999999,2402,20
1030,5150, Virat,Barcelona,India,15,Male,,basktball,25-07-2022,,522,,159,6,9,1,17623,12083,, ,win ,2.4,,80461,upiid,-978,,28,user@yahoo,9876543210,2147,179
1133,5108,,Barcelona,Sri Lanka,49,Mle,None,Basketball,27-05-2023,2225,,,130,8,9,1,,14223, ,,DRAW,2,7,83552,netbanking,,80,13,xyz@,12345,1639,84
1167,5122,,MI,australia,26,femal,None,Cricket,01-10-2021,,2207,62472,48,5,8,1,51504,,Bangalore,,DRAW,,4,82756,upi,,,17,,9999999999,4396,83
1097,5143,Hardik,Barcelona,India,36,mal,,Basketball,27-03-2023,,-227,,146,1,5,3,,15308,Kolkata,Rainy,Draw,,,83628,credit card,7597,19,6,abc@gmail.com,9999999999,608,185
1011,5186,Joe Root,Lakers,england,9,femal,Rahul Dravid,basktball,03-10-2021,,,,59,1,4,3,54863,, ,Cloudy,Win,4,,82501,upiid,,,14,user@yahoo,,881,126
1052,5196,Ronaldo,CSK,England,36,Other, ,footbal,,5088,,261749,156,8,0,3,12325,,Mumbai,Rainy, lose,5.7,,80379,upiid,19514,80,25,abc@gmail.com,9999999999,2250,51
1198,5195,Dhoni,CSK,,46,Other,,Tennis,22-02-2020,-659,,,177,9,0,3,26409,19279, , ,,,6,84496,cash,,,7,user@yahoo,9999999999,3092,18
1137,5148,Joe Root,RCB,India,69,femal,,Cricket,,,,1286101,1,7,8,3,,,, ,Lose,,0,84646,creadit card,6577,48,2,xyz@,,2159,81
1172,5103,Ronaldo,KKR,India,49,Male,None,basktball,08-10-2020,-512,-161,198315,72,8,3,4,,,,rainy,win ,,,82983, ,,,10,xyz@,,2428,187
1144,5197,Messi,Barcelona,australia,50,Other,John Smith, ,28-12-2022,64,1437,181866,183,3,0,2,1807,,Chennai, ,win ,,,83060,upiid,7081,,19,,,4850,97
1153,5139,Dhoni,Lakers,INDIA,40,Mle,John Smith,,27-04-2021,-1852,-177,,144,3,9,4,,,Bangalore,,Lose,6.1,,82950,netbanking,,,28,xyz@,9999999999,3001,117
1189,5143,Ronaldo,CSK,England,57,femal, ,Tennis,04-01-2024,1271,1687,1409553,187,1,2,2,48925,16500,,,win ,,,84540, ,,54,26,xyz@,12345,4891,124
1121,5080,Ronaldo,CSK,australia,33,female,Rahul Dravid,Football,29-10-2020,3654,1089,,109,9,5,4,,,,,,,1,83730,upi,,,25,,9876543210,1994,28
1045,5086, Virat,MI,sri lanka,21,female,None,Football,30-05-2021,2703,,,163,0,7,1,21746,,Mumbai,,,,3,84424,credit card,17476,24,17,user@yahoo,9876543210,1323,197
1063,5141,Messi,,,19,Male,,,03-09-2022,5105,,,60,9,9,0,55598,4896,, ,,8.3,,81931,upi,,116,14,xyz@,,4317,156
1129,5060,Ronaldo,KKR,sri lanka,15,mal,John Smith,Football,19-11-2020,,1213,,16,3,1,3,341,,Delhi,Sunny,DRAW,5.7,,83421, ,,,9,,9999999999,1011,89
1053,5198,Messi,MI,INDIA,10,male,,Tennis,05-12-2023,,1278,,48,9,7,0,37360,15480,Chennai,,Win,,0,81990,credit card,,,28,user@yahoo,,4038,141
1106,5045,,KKR,india,32,female,,,02-06-2021,4865,731,,75,9,0,0,,,,,,3.5,,84865,,,,24,user@yahoo,9876543210,688,6
1192,5031,Bumrah,KKR,australia,59,femal, ,basktball,22-06-2022,4053,,,187,7,1,1,,9012,Chennai, ,,,3,83856,upiid,615,,2,,12345,4068,157
1050,5014,Messi,CSK,INDIA,14,Mle,John Smith,Cricket,28-08-2022,1127,,983511,147,1,7,0,,15136,,Sunny,Draw,,,81482,upiid,19589,,14,user@yahoo,9876543210,4213,106
1180,5043,Smith,,Australia,55,mal,None,basktball,02-10-2020,784,,,177,7,6,0,,10421,,,,9.3,6,82545, ,2457,,24,user@yahoo,,4269,119
1035,5144,,Barcelona,england,67,mal,None,Football,27-08-2023,4240,,,130,0,4,1,,1983,Delhi,Rainy, lose,,,84220, ,,,28,user@yahoo,12345,1242,137
1114,5168,Dhoni,Lakers,,63,male,,basktball,15-09-2023,,2943,781309,42,0,9,2,,,Kolkata,Sunny,,3.2,1,84299,netbanking,,,22,,,3447,29
1025,5053, Virat,CSK,india,21,male,, ,03-08-2023,3887,-153,998909,56,3,1,4,39838,6234,Chennai,Sunny,win ,2.9,5,82815, ,15822,,5,xyz@,9999999999,2044,166
1028,5043, Virat,RCB,australia,20,mal,,Tennis,21-12-2023,4826,1755,,49,6,8,5,,,Chennai,,Lose,4.5,1,80642, ,,,10,user@yahoo,9876543210,440,65
1148,5097, Virat,,Australia,56,femal, ,footbal,16-04-2020,5994,-144,,195,8,4,0,4297,16566,,Sunny,Draw,,,84685,upi,,118,27,abc@gmail.com,9999999999,1224,56
1010,5004, Virat,KKR,India,44,Mle, ,Football,19-10-2022,,,246476,177,4,7,3,57528,,,rainy,Draw,9.7,,83918,upiid,,77,10,,,2462,30
1039,5108,Ronaldo,MI,Sri Lanka,55,Male, ,footbal,,-1109,,1133092,36,1,3,1,14662,8274,Bangalore,,Win,6.7,3,81586,netbanking,,22,18,,12345,4178,114
1010,5026, Virat,MI,England,55,Female, , ,23-11-2021,4682,746,,45,6,8,0,58604,3386,Chennai,Cloudy,,1.7,1,82409,creadit card,,56,26,user@yahoo,,2752,96
1163,5115,Messi,,Australia,27,mal,,Cricket,10-11-2023,-229,978,224893,169,1,9,5,,3969,Mumbai,Rainy,DRAW,4.9,4,83849,netbanking,,,22,xyz@,9999999999,1752,121
1112,5086,Smith,MI,,61,femal,Rahul Dravid,Tennis,23-03-2021,,,,14,8,6,2,19641,15062,Mumbai,rainy,Win,,1,80054,,,15,26,xyz@,9999999999,4442,187
1186,5103,Hardik,RCB,,52,femal,,basktball,28-01-2022,3565,817,894078,160,8,1,2,47292,,,,Lose,7.6,2,80841, ,,117,29,abc@gmail.com,9876543210,4629,58
1038,5122,Rohit ,MI,england,51,female,,Basketball,,208,,,79,2,2,5,7133,14895, ,Sunny, lose,,0,84587,cash,18445,,2,xyz@,9999999999,3002,138
1053,5078, ,RCB,england,21,Male,,basktball,06-10-2022,3863,311,,138,7,1,3,,,,,Lose,,,80984,,,34,12,abc@gmail.com,9876543210,4546,149
1097,5042,Hardik,Lakers,england,64,Male,John Smith,Tennis,12-05-2023,,572,1075674,147,3,4,0,48362,10396,Bangalore,Cloudy,Draw,7,,82620,,,10,26,xyz@,,3216,184
1054,5096,Hardik,,india,45,mal,John Smith,Football,08-10-2020,,,981564,23,2,1,3,14358,,Delhi,Rainy,Win,,0,82906,cash,,,21,,,3359,26
1110,5030,Messi,Lakers,australia,60,male,John Smith,Cricket,05-12-2023,440,1871,535978,124,0,4,2,6217,,Chennai,Rainy,DRAW,6.1,6,81994,,,,7,abc@gmail.com,12345,3942,15
1151,5098,,Lakers,australia,27,male,,Basketball,12-05-2020,,,1077959,191,4,8,2,57662,,Bangalore,rainy,Win,,5,81932,credit card,1559,71,20,abc@gmail.com,9876543210,3296,163
1149,5016, Virat,KKR,,31,Female,None,,25-12-2022,4047,,,117,3,1,4,50246,,Kolkata,rainy,Draw,,7,82272,creadit card,,47,10,abc@gmail.com,12345,4309,89
1068,5082,Ronaldo,RCB,australia,37,male,John Smith,Football,30-12-2020,,,,79,0,8,2,58035,,Mumbai,,DRAW,5,,80102, ,14270,,10,,12345,4014,15
1055,5109,Messi,RCB,INDIA,11,male,Rahul Dravid,Football,22-01-2024,-36,,,93,9,6,1,42470,762,,,,,5,80969,credit card,,27,12,user@yahoo,,899,97
1032,5181,,CSK,,49,Mle, ,Cricket,24-04-2021,-783,,,64,7,6,4,19060,,Mumbai,Sunny,Lose,4.3,1,81071,,13353,,2,xyz@,9876543210,1189,75
1035,5189,Ronaldo,Barcelona,england,48,male,None,footbal,14-01-2021,3663,,,87,7,4,3,,,Bangalore, ,Lose,,6,80736,upiid,,,5,abc@gmail.com,9876543210,652,88
1147,5031,Rohit ,Barcelona,,22,Other,John Smith,Tennis,03-02-2023,4340,,,87,7,7,2,24700,,Bangalore,Rainy,Win,,,81365,credit card,,84,23,abc@gmail.com,12345,982,6
1080,5167,Bumrah,MI,England,44,mal,None,,26-03-2023,-1877,645,,144,2,6,5,12544,,Kolkata,rainy,,,,83630,upiid,13073,106,9,user@yahoo,9999999999,575,156
1189,5140, ,,,64,Other,John Smith,Tennis,27-01-2021,-1210,206,1041922,125,5,5,1,49386,,Delhi,Rainy,DRAW,4.3,,80227,,,44,18,,,332,63
1108,5034,Bumrah,Barcelona,INDIA,64,Other,,basktball,29-07-2022,,1204,285249,88,6,1,4,39174,4975,,rainy, lose,4.3,,83570,credit card,15323,8,11,,9876543210,4307,29
1153,5132,Messi,KKR,,61,Mle,,Basketball,13-02-2020,2312,,1287558,60,8,5,1,44829,,Kolkata,,win ,4.6,,80444,cash,15632,97,28,xyz@,,288,48
1193,5028, Virat,MI,Australia,24,mal, ,Basketball,22-03-2020,2461,1665,1387701,14,4,1,4,,4506,Mumbai,Cloudy,DRAW,6.1,,81619,,,33,13,,9876543210,2213,191
1072,5069, ,Barcelona,australia,21,male, ,Cricket,20-04-2021,168,-277,375556,93,8,0,4,,,Mumbai,Cloudy, lose,5.1,,84693,creadit card,,,10,,9876543210,2173,186
1039,5152,Hardik,Lakers,INDIA,40,femal,,Basketball,25-08-2023,727,,,50,5,8,4,42195,, ,Rainy,Draw,3.3,,82204,creadit card,,92,26,,,3833,149
1016,5094,Joe Root,MI,england,9,Female,Rahul Dravid,footbal,18-05-2023,,1690,245239,26,9,4,5,1829,4099,,Rainy,,,,82703,credit card,,109,20,xyz@,,1055,22
1128,5021,Smith,RCB,sri lanka,27,mal,None, ,14-06-2020,2646,,,73,9,9,3,,,,,DRAW,,,83050,upi,,,24,,9876543210,4369,27
1060,5193,,Lakers,Australia,8,Male, ,,29-04-2023,3850,,,60,9,9,4,23401,,,Rainy,Draw,2.6,0,83502,creadit card,7044,24,29,abc@gmail.com,,1324,85
1170,5172,Dhoni,Barcelona,australia,21,Female,John Smith,,05-12-2023,749,2065,,185,3,3,4,3390,5885,,,,,4,83626, ,5233,100,29,,12345,3595,79
1103,5068,Joe Root,KKR,australia,61,Female,John Smith,,01-10-2021,4217,,,30,0,7,1,55049,3908,Mumbai,rainy,Lose,3.1,,81181,cash,,,25,,9876543210,3827,185
1041,5088, Virat,,india,19,male,,,09-12-2021,,2027,714112,11,0,4,4,,,Bangalore,,win ,,,83256,cash,13560,114,9,,,2662,138
1024,5071,Messi,CSK,australia,63,Mle, ,Basketball,04-09-2023,,2445,,45,9,6,3,25845,,Delhi,,win ,6.8,,80797, ,,115,2,user@yahoo,12345,2323,22
1038,5128,Hardik,,,29,Female, ,Basketball,13-01-2020,,,849675,158,4,2,5,,,,, lose,9.7,3,80834,netbanking,7874,,12,xyz@,,1882,172
1034,5171,Messi,CSK,,21,Female,,Tennis,01-09-2021,1365,2952,521500,31,2,7,5,,7160,,Cloudy,,6.2,,82999,cash,3664,95,27,,,3063,84
1130,5086, Virat,RCB,Sri Lanka,39,femal,John Smith,footbal,02-06-2023,,688,,159,4,7,1,46389,,Bangalore,Cloudy, lose,7.7,,82032,credit card,,32,26,,,1153,83
1107,5095,Bumrah,CSK,sri lanka,68,Mle,John Smith,footbal,09-02-2021,,-151,,180,4,2,4,14702,1694,Chennai,rainy,Lose,4,1,84452,netbanking,19814,,17,,9876543210,3370,156
1171,5074, ,,INDIA,54,mal, ,,30-10-2022,,1304,432415,60,0,8,1,17511,,Bangalore,Cloudy,Lose,,4,82764,creadit card,3585,31,26,,12345,96,50
1178,5166,Joe Root,RCB,england,32,Male,Rahul Dravid,Football,13-09-2020,,,,45,7,7,5,,,Kolkata, ,Draw,1.7,,82409,upi,2730,86,12,xyz@,9999999999,276,179
1101,5053,Ronaldo,,england,54,Male,,basktball,24-01-2020,341,1572,583639,84,4,0,3,,,Chennai,,Win,,4,83684,upiid,8019,23,29,user@yahoo,,2847,129
1097,5087,Hardik,RCB,india,28,Male,,Football,04-01-2022,,681,1001125,79,4,7,1,,16607,Delhi,, lose,,,83275,credit card,18676,,23,xyz@,,331,162
1011,5156, ,KKR,INDIA,37,Female,,Football,10-06-2021,,1534,91445,134,8,3,3,55896,,,Rainy,win ,7.7,,80007,upiid,,,13,user@yahoo,,2252,163
1018,5053, ,MI,sri lanka,,Other,Rahul Dravid,footbal,23-07-2021,,63,442954,3,7,5,2,,7821, ,,Lose,7.3,7,82519,upiid,16748,104,29,,12345,4198,61
1100,5015,,MI,Sri Lanka,33,mal,,Cricket,05-12-2023,,1781,904073,51,0,9,4,,16889, ,rainy,Lose,,,82219,netbanking,16421,,13,xyz@,12345,3051,30
1043,5098,,KKR,England,46,Other,John Smith,footbal,20-11-2021,-1972,,,158,2,8,3,,,Chennai,,Lose,2.1,,83874,upi,9944,,6,xyz@,,3696,76
1186,5019,Hardik,Barcelona,sri lanka,56,Other,John Smith,basktball,21-01-2021,,,537341,111,6,4,4,,,Chennai,Rainy, lose,,5,83728,netbanking,18111,,11,abc@gmail.com,12345,2407,196
1048,5045,Rohit ,CSK,,18,male,,Basketball,08-06-2023,-1675,1351,224875,35,0,6,3,27208,11971,,rainy,Win,8.8,2,83329,creadit card,,4,24,abc@gmail.com,12345,3202,168
1188,5194, ,RCB,England,66,female, ,basktball,06-04-2023,1212,-12,,181,0,0,0,1038,,Kolkata,rainy,Win,,0,83371,creadit card,12240,,3,,,2086,193
1016,5192,,Lakers,Sri Lanka,39,Female, ,Basketball,26-12-2021,5341,,,53,4,8,0,,19394,Mumbai, ,,4.7,7,80613,cash,16642,,15,user@yahoo,12345,306,37
1073,5126,Bumrah,KKR,England,38,male,None,basktball,22-07-2020,1086,-322,,118,8,5,0,25131,,,rainy,,,7,80688,netbanking,,,18,,,883,192
1056,5057,Rohit ,RCB,england,43,femal,,Cricket,24-09-2021,,,1393967,126,5,3,3,50728,,Kolkata,Rainy, lose,,,80897,netbanking,,16,9,,,4289,129
1054,5180,Smith,Lakers,Sri Lanka,46,Other,John Smith,,28-05-2022,5769,,,16,9,5,5,21419,,Kolkata,Sunny,win ,,,80109,credit card,,67,15,user@yahoo,9876543210,3589,143
1046,5110,Bumrah,MI,england,26,Male,John Smith,,24-05-2023,5453,,858248,74,1,4,5,30108,,, ,,6.9,,84805,upiid,,,4,,9999999999,3641,13
1011,5128,Bumrah,KKR,england,58,Mle,John Smith,Basketball,03-03-2020,,,256338,157,8,2,4,,,Mumbai,Rainy,DRAW,,7,83012,upiid,1491,3,26,user@yahoo,,4344,157
1061,5080,Messi,MI,Sri Lanka,50,Other,,footbal,14-10-2022,,,,104,5,6,0,,,,Rainy,DRAW,4,4,82918,netbanking,1179,100,15,abc@gmail.com,,2162,183
1079,5193,Messi,RCB,India,62,male, ,basktball,15-10-2020,4877,,89326,149,4,2,4,,4136,Kolkata,rainy,,9.9,,81160,upi,,,0,abc@gmail.com,,3147,45
1082,5156,Rohit ,KKR,sri lanka,68,mal,John Smith,,12-05-2023,1452,2066,900519,116,4,1,3,36101,14129,Bangalore,Sunny,Win,,,83981,cash,,,4,,9999999999,2783,4
1007,5083,Smith,Lakers,India,23,Mle,,footbal,12-08-2022,2013,,557782,42,2,3,4,15272,,,Rainy,Lose,5.7,,83610,cash,2930,,12,user@yahoo,,3141,192
1148,5069,Smith,CSK,england,12,male,John Smith,footbal,23-12-2023,1517,2116,,111,5,6,4,18074,18205, ,Sunny,win ,5.3,,84744,netbanking,,,12,,,4603,15
1080,5007, ,CSK,india,47,mal,,basktball,21-10-2023,2814,-427,671022,114,3,4,0,57313,14178,,rainy,DRAW,,,82003,,,,2,xyz@,9876543210,154,104
1117,5028,,CSK,INDIA,14,Female,John Smith,footbal,21-01-2023,,-385,,26,9,8,5,,,,Cloudy,DRAW,6.7,,81527,cash,,,16,user@yahoo,12345,3630,176
1197,5111,Ronaldo,KKR,,64,male, ,footbal,22-06-2022,,2883,948743,36,1,9,1,,,Bangalore,Sunny,Draw,9,,81913,credit card,17078,,18,,9999999999,460,184
1199,5178, Virat,MI,australia,8,Female, ,basktball,13-12-2022,,432,,45,2,6,2,,,Mumbai,,Lose,,,84341,credit card,,112,4,xyz@,,1396,91
1024,5160,Smith,CSK,Australia,62,male,None,footbal,13-03-2023,,-259,,112,8,8,3,,,Mumbai,,DRAW,,,83181,creadit card,9232,34,4,abc@gmail.com,12345,790,198
1088,5130,,Lakers,,9,Male,John Smith, ,21-09-2021,-399,2455,,34,8,8,3,16366,,,rainy,DRAW,1.5,5,84893,cash,2796,,14,abc@gmail.com,12345,3709,143
1011,5187,Rohit ,KKR,sri lanka,47,female,,Tennis,17-10-2021,,631,,131,5,1,3,,11958,Bangalore,Cloudy,win ,2.6,7,83346,creadit card,-286,28,9,abc@gmail.com,9999999999,1867,39
1142,5162, Virat,,England,11,Mle,,Football,02-09-2020,-409,545,,79,9,0,2,2001,,Kolkata,Cloudy,,4.9,1,82863,netbanking,,16,11,,,1688,197
1058,5196,Hardik,KKR,INDIA,62,female,,,05-12-2023,,-174,,79,9,3,1,,15856,,Sunny,Win,8.7,3,84610, ,,44,23,abc@gmail.com,9876543210,576,79
1153,5107,Joe Root,RCB,,8,Other,John Smith,,16-05-2022,1540,2476,110114,153,8,3,5,,,,rainy,Lose,,,80505,creadit card,10447,88,10,abc@gmail.com,,3764,60
1108,5108,Ronaldo,Lakers,sri lanka,68,femal,John Smith,basktball,21-03-2021,2866,2918,661035,120,3,1,4,,,,Rainy,,,1,84250,netbanking,11561,87,0,user@yahoo,9999999999,2543,94
1025,5019,Ronaldo,CSK,,25,female,,Cricket,25-02-2021,-643,,,146,4,2,5,15891,,Chennai,, lose,,,82006, ,,,22,xyz@,9876543210,361,172
1046,5072,Dhoni,Lakers,australia,67,mal,,,03-02-2020,-685,2205,,121,9,2,3,,,,, lose,,5,84206,credit card,,9,20,xyz@,9876543210,456,43
1031,5166,Messi,Barcelona,India,8,femal,,Tennis,27-11-2020,-388,1876,548398,80,5,4,4,,,Mumbai,,DRAW,2.4,,82855,creadit card,1148,100,2,user@yahoo,,3249,132
1009,5003,Smith,Lakers,england,27,mal,,basktball,12-05-2023,,,,172,8,0,0,58276,19632,, ,win ,1.7,,83964,creadit card,14459,120,3,xyz@,,4224,77
1015,5018,Messi,Barcelona,INDIA,36,Male,John Smith,Basketball,15-11-2021,-554,,,153,4,8,5,,,,Rainy,,3,,81674,upiid,,,18,abc@gmail.com,,3561,178
1198,5101,Bumrah,MI,england,32,Other, ,basktball,15-06-2021,,682,714315,149,7,7,0,,151,Kolkata, , lose,,0,81190,creadit card,,,23,,12345,3110,39
1144,5172,Messi,Lakers,,54,femal,None,footbal,05-12-2023,2926,,,118,0,7,0,27073,,Delhi,Sunny, lose,,,82392,upiid,,,19,xyz@,9876543210,3529,54
1150,5170, ,RCB,India,44,male,,Basketball,26-12-2022,1152,,1205888,57,4,2,5,32980,, ,,Lose,1.2,,81921,credit card,19794,10,2,,12345,4907,151
1025,5140, ,MI,Sri Lanka,69,femal,Rahul Dravid,,13-05-2021,1975,,211703,62,9,1,3,,, ,Cloudy,Draw,,2,84389,upi,17706,118,17,abc@gmail.com,,4968,188
1085,5140, Virat,KKR,sri lanka,18,Mle,None,Basketball,01-02-2022,,1045,905142,155,0,0,2,9836,5368,,,DRAW,,7,82692, ,,119,2,xyz@,,349,163
1134,5187,Rohit ,RCB,Sri Lanka,14,male,Rahul Dravid,Tennis,01-04-2020,5531,,,192,9,5,3,10059,13452,Mumbai,,Draw,,5,84433, ,,110,6,user@yahoo,9876543210,2692,54
1013,5184,Smith,RCB,India,11,Mle, ,Tennis,15-09-2021,5188,1246,,171,5,9,0,,,Bangalore,Sunny,Lose,,1,81827,upi,,,21,user@yahoo,9999999999,4547,186
1078,5085,Smith,Lakers,india,31,male,None,Cricket,19-01-2023,,1029,,99,6,0,0,42151,15897,Kolkata, ,,,,82499,upi,,86,25,,,4083,62
1116,5051, ,Lakers,India,21,Female,John Smith, ,,-1391,,,170,4,4,3,,6405,Bangalore,rainy,,6.8,7,80716,upiid,,,27,xyz@,12345,108,176
1006,5110,Rohit ,Lakers,australia,49,female, ,basktball,15-05-2022,,,966359,164,0,8,2,,10826,Bangalore, ,DRAW,,,80630,upiid,,,28,,9999999999,1231,135
1136,5180,,Barcelona,,20,femal,Rahul Dravid,footbal,21-08-2022,5573,,,65,5,8,2,46571,,Bangalore,rainy,win ,2.2,,84860,creadit card,8906,,20,,,576,173
1114,5108, Virat,RCB,india,,Mle,John Smith,Tennis,19-07-2023,-481,-318,1039359,144,9,3,4,,8775, ,Sunny, lose,8.9,7,80084,upiid,,,23,,9999999999,240,13
1175,5085,Bumrah,Lakers,England,35,femal,None,Cricket,30-07-2021,,,,167,4,6,1,,18461, ,,DRAW,6.1,,83768,netbanking,,,26,,,2638,181
1071,5042,Dhoni,MI,,55,Mle,John Smith,Tennis,23-01-2020,,2539,274267,165,5,6,0,,,Delhi,,Win,6.3,2,80736, ,,19,0,xyz@,,2041,115
1058,5199,,CSK,india,64,Male, ,Basketball,,3532,1970,,84,9,3,2,54326,,Delhi,,DRAW,,1,82707,upiid,19570,,18,user@yahoo,,370,39
1081,5199,Ronaldo,MI,australia,31,Male,Rahul Dravid,Tennis,12-08-2023,2279,2356,,188,6,4,5,12440,14166,,rainy,DRAW,7.2,,80226,upi,,,17,xyz@,12345,2152,84
1115,5041,Dhoni,Lakers,,12,mal,None,basktball,12-03-2021,2712,1592,,136,6,8,0,,,,Cloudy,win ,6.4,1,83357,cash,,110,1,,9876543210,97,146
1166,5089, ,Barcelona,Sri Lanka,25,Mle, , ,22-09-2020,,412,144058,188,1,6,1,1078,16711,Delhi,,Lose,,,81307,,14949,,27,,,4191,150
1145,5114,Dhoni,Barcelona,England,34,Mle,John Smith,Cricket,15-05-2020,,,438784,143,2,6,5,,758, ,Cloudy,Win,,0,84204,,15963,,26,abc@gmail.com,9999999999,1948,164
1186,5025,Ronaldo,Barcelona,India,49,femal,John Smith,footbal,25-08-2021,1399,,,122,5,9,0,47785,2860,Chennai,Cloudy,Lose,,0,84230,netbanking,16435,6,11,,,1495,105
1102,5150,Bumrah,Lakers,india,9,Mle,,,,3686,,1141689,1,2,6,2,,8689,Kolkata, ,Lose,1.8,,84386, ,5998,,16,xyz@,,2093,181
1016,5042,Joe Root,KKR,,27,Other, ,,14-08-2020,,,,105,1,8,4,10891,19325,Mumbai,Rainy, lose,7.4,3,83958,netbanking,9472,20,20,abc@gmail.com,,2937,112
1013,5076,Hardik,RCB,,57,femal,John Smith,basktball,20-01-2022,280,1725,,107,3,4,3,,,Chennai,Rainy,win ,9.8,,81652,upiid,,42,20,abc@gmail.com,9999999999,2078,72
1158,5155, Virat,Lakers,sri lanka,10,male,Rahul Dravid,Tennis,15-03-2023,886,,1142621,71,4,5,5,,17501,Bangalore,Sunny,Win,,5,81867,credit card,,103,2,xyz@,9876543210,2455,3
1151,5136,Messi,KKR,India,65,female, ,footbal,12-05-2023,,,458399,170,9,2,3,675,,Chennai,,,5.7,7,80026,cash,,,11,,9999999999,3446,190
1107,5019,Ronaldo,CSK,Australia,15,Female, ,Tennis,27-10-2020,2528,2299,,125,8,0,2,48185,6359,Delhi,Sunny,,,,84649,credit card,,46,27,,9876543210,1405,157
1187,5183, Virat,,sri lanka,27,Female,,Football,05-12-2023,,1077,1406595,169,2,1,2,27089,,Kolkata,Sunny,,2.9,,80932,credit card,,,24,,,4811,73
1044,5038,Bumrah,RCB,INDIA,17,male,Rahul Dravid, ,01-01-2022,,,785156,56,2,7,5,,,Chennai,Cloudy,Draw,,,83458,cash,,,11,user@yahoo,9999999999,2691,8
1097,5178,,Barcelona,sri lanka,24,female,Rahul Dravid,,19-11-2023,4453,1355,,80,5,0,1,36262,16955,Mumbai,Sunny,DRAW,1.3,5,80466,creadit card,,,5,xyz@,,2745,76
1130,5011,,Lakers,Sri Lanka,37,male,Rahul Dravid,Tennis,28-09-2022,3991,,1169313,194,4,9,5,,,Chennai, ,Win,,,82700,cash,-671,110,29,user@yahoo,9999999999,972,174
1036,5182, ,,INDIA,67,Other,Rahul Dravid,Cricket,26-12-2023,788,,,157,5,6,0,,7772,, ,win ,8,,81498,,9556,69,9,,9999999999,2748,92
1170,5010,Dhoni,,Australia,67,Mle,None,basktball,19-02-2023,4245,,495376,140,6,4,1,,,Chennai,rainy,DRAW,,5,80617, ,1360,,29,xyz@,12345,1512,184
1167,5153,Hardik,Barcelona,,64,Other,None, ,04-01-2024,,,,18,2,5,3,56497,1546,,Rainy, lose,,,83777,credit card,9352,,21,,12345,2923,106
1182,5041,,,,,Female,Rahul Dravid,Football,18-07-2022,,,1147291,6,4,7,0,,13293,,Sunny,,,6,84553,creadit card,15377,,25,,12345,808,49
1107,5154,Bumrah,,INDIA,59,Other,,footbal,15-06-2022,,,,136,7,3,1,,19160,,, lose,5.4,,82687,credit card,,,5,,,4694,43
1038,5010,Rohit ,Lakers,australia,66,Other,,Cricket,21-03-2021,-1516,,,53,3,5,3,28459,,Chennai,,Draw,,,81504,credit card,,,13,abc@gmail.com,9876543210,4230,138
1014,5037,Joe Root,Lakers,,21,mal,,Cricket,05-06-2020,,,,103,9,2,0,,11191,Chennai,Sunny,Draw,,,83967,creadit card,,,1,user@yahoo,9999999999,327,141
1119,5097,Ronaldo,KKR,australia,15,female,,Tennis,04-01-2023,-943,,,85,1,6,4,,, , , lose,,1,80179,,,,10,xyz@,9876543210,4294,185
1003,5170, ,Barcelona,India,66,female,,basktball,02-04-2021,-510,1475,,81,3,1,5,,,Chennai, ,win ,1.6,,82585,credit card,10793,,14,,9999999999,682,2
1092,5018,Rohit ,Barcelona,Sri Lanka,48,Mle, ,Basketball,25-11-2020,-1886,2333,173674,60,1,7,5,,11393,, ,DRAW,2.4,,82069,upiid,,98,25,user@yahoo,9876543210,3331,65
1152,5191,Rohit ,MI,,55,male,John Smith, ,05-04-2021,1948,,113301,86,2,6,5,,,,,win ,1.1,5,84858,netbanking,9497,,25,,,123,86
1140,5133,Joe Root,,Australia,68,Other,,footbal,17-04-2023,,802,891752,1,3,7,4,8508,,Bangalore, ,Draw,,,80921,creadit card,4947,22,7,user@yahoo,,753,97
1160,5173,Bumrah,,india,51,male,,basktball,23-10-2022,5159,,,177,3,1,1,,,Kolkata,rainy, lose,2.7,,83092,netbanking,5841,,21,abc@gmail.com,,1606,170
1015,5115,Joe Root,MI,india,58,Male,Rahul Dravid,basktball,22-06-2020,,1648,1044027,30,9,2,2,55857,,Delhi,Cloudy,win ,2.7,,84840,upi,,30,12,,12345,3578,186
1169,5112,Smith,KKR,India,9,female,None,,23-01-2024,,287,767992,32,8,3,0,31542,11040,,,Win,2.2,6,81510, ,,,29,xyz@,,4666,10
1107,5169,Bumrah,,INDIA,64,mal,,,,,,1089812,79,9,8,1,,,Chennai,rainy,,3.7,,83599, ,,,18,,12345,1468,63
1125,5064,Bumrah,MI,,67,male,,,03-03-2020,,462,1480843,10,5,4,2,,4277,Chennai, ,Lose,5.3,6,83276,netbanking,,50,9,xyz@,,2845,103
1193,5098,Messi,CSK,india,67,Female,,,08-09-2023,,1818,,160,8,5,5,29942,15086,Kolkata,,Draw,8.4,,82719,credit card,,,8,,12345,2938,199
1054,5071, Virat,MI,sri lanka,38,Other, , ,19-10-2023,,,659958,127,3,0,5,30717,19780,Mumbai,Rainy,DRAW,,,84732,cash,,,17,user@yahoo,,1926,61
1169,5186,Rohit ,KKR,india,19,femal,Rahul Dravid,basktball,07-08-2020,-623,,,134,8,3,5,,,Delhi,Rainy,win ,,,81023,upiid,,115,6,,12345,2427,1
1033,5051,Dhoni,Lakers,Australia,8,Male,None, ,15-10-2021,202,2331,,127,8,3,2,,,Delhi,rainy,Win,,3,80151,creadit card,-815,54,2,abc@gmail.com,12345,164,154
1157,5117,Ronaldo,Lakers,Australia,15,Male,,Cricket,10-03-2023,,2220,727900,30,5,9,0,,18638,,,win ,,5,80012,cash,9758,52,11,,9999999999,1509,5
1012,5174,Smith,Lakers,india,13,Female,John Smith,,29-07-2023,,,1385283,175,4,7,0,24864,12386, ,,win ,6.5,,80714,cash,,79,14,xyz@,9999999999,4710,35
1140,5119,Smith,RCB,Sri Lanka,54,mal,Rahul Dravid,Football,15-01-2024,,,1140614,125,2,7,2,29576,,,rainy,,,7,83150,,,88,21,user@yahoo,,4092,125
1017,5006,Ronaldo,KKR,India,23,female, , ,25-07-2021,,,,46,4,9,3,20767,10259,Delhi,Sunny,,7.9,,83625, ,,,20,abc@gmail.com,9999999999,2810,141
1159,5010,Hardik,CSK,sri lanka,37,Male,None,Cricket,27-04-2021,2680,1338,,180,2,5,5,26409,10675,Bangalore,Cloudy, lose,,3,80248,upi,,,12,,,1200,27
1095,5102,Joe Root,CSK,Sri Lanka,63,Mle,Rahul Dravid,,12-10-2023,3444,1329,99374,106,4,7,1,,,,Cloudy, lose,,6,81144, ,,,5,user@yahoo,,3281,140
1122,5060,Hardik,MI,england,64,femal,Rahul Dravid,Cricket,20-04-2022,1752,,,18,4,8,0,,8866,Mumbai, ,Draw,,1,84482,,5765,,7,,,618,94
1038,5067,Hardik,KKR,India,45,female, ,Football,11-05-2022,4113,,1475785,80,1,4,2,48190,,,rainy,Draw,5.2,,84534,credit card,235,,13,user@yahoo,12345,2712,50
1045,5152,,Barcelona,india,52,Male,John Smith,basktball,,727,,786945,122,8,0,3,,3908,Bangalore,,,,,83343,credit card,16472,4,2,,,4954,187
1028,5139,Messi,RCB,australia,43,mal,John Smith, ,24-07-2023,,136,,133,6,0,4,20240,8363,Delhi,,DRAW,,,80720,upi,,48,15,,9999999999,3723,159
1189,5153, Virat,RCB,england,25,female,,Football,28-07-2022,,1383,,106,5,1,2,39991,339,Chennai,rainy,Draw,3.9,,84568,upi,,,17,,12345,1686,69
1061,5101,Ronaldo,RCB,Sri Lanka,25,femal,None,Football,22-04-2020,5309,54,,48,4,1,3,44901,,Bangalore,,Draw,,,83229,credit card,,51,23,,12345,1606,165
1184,5109,Rohit ,,INDIA,9,male, ,Cricket,29-10-2023,4520,518,184486,72,3,4,4,25371,, ,rainy,win ,,,81006,,,,16,,12345,4732,2
1015,5139,Ronaldo,MI,Australia,52,Mle,,footbal,24-03-2021,4111,,,49,7,6,3,,18712, ,Rainy, lose,3.6,0,84728,netbanking,,,17,user@yahoo,12345,3932,102
1183,5170,Rohit ,MI,sri lanka,44,female,John Smith,basktball,14-03-2020,,,,80,1,6,0,41892,,Mumbai,, lose,2.7,,83298,upiid,14958,105,9,user@yahoo,,3892,199
1120,5050,Dhoni,Lakers,australia,38,femal,, ,23-11-2022,,2287,1477316,94,7,3,2,,14733,Mumbai,Cloudy,,7.4,3,82468,upiid,5897,117,16,user@yahoo,,3803,193
1009,5116, Virat,CSK,,12,female, ,Football,22-07-2022,,2772,120012,11,0,3,4,49699,,Delhi,, lose,,5,84119, ,,47,15,user@yahoo,9876543210,4310,3
1157,5164,Messi,,,54,Mle,Rahul Dravid,Tennis,12-12-2022,-1413,173,149289,22,9,9,3,7152,6305,,,Draw,,2,83813,upi,,110,20,abc@gmail.com,9876543210,1353,148
1152,5045, ,Lakers,Sri Lanka,52,Male,John Smith,,03-12-2020,,,,53,0,2,4,,, ,rainy,Win,3.9,5,80537,cash,,,23,xyz@,,4239,130
1102,5052,Ronaldo,,,17,Male,John Smith, ,04-10-2020,,,413732,117,2,1,1,33436,,Kolkata,Cloudy,win ,,,82824,upi,19291,33,1,abc@gmail.com,12345,618,42
1083,5087, ,MI,,21,Female,John Smith,Tennis,05-03-2020,5342,1131,,196,4,2,2,58482,16680,Delhi,Cloudy, lose,,1,82685,netbanking,948,,19,abc@gmail.com,,353,43
1132,5120,Ronaldo,MI,india,12,Female,,,13-10-2020,,-275,61617,58,5,7,0,50989,17365,Bangalore,rainy,win ,6.8,5,81980,,,,3,,,280,21
1064,5012,,Barcelona,england,33,mal,,,05-12-2023,5779,1540,1342901,163,3,0,4,,15476,Kolkata,,Lose,8.9,,80539,upi,8977,69,10,user@yahoo,,3377,45
1176,5088,Ronaldo,,INDIA,51,Other,None,Tennis,,,1296,,2,6,3,5,,,, ,DRAW,,,83884,cash,,43,26,,9999999999,4932,20
1002,5124,Bumrah,,,32,Other,,Cricket,19-05-2020,,2910,,57,6,6,3,37007,16225,,,Win,3.3,3,84053,upi,11,0,6,abc@gmail.com,9999999999,3550,171
1172,5117, Virat,Lakers,India,9,Mle,,Tennis,27-08-2021,,1209,946932,182,1,4,5,4160,3565,Mumbai,,Win,,2,83199, ,7140,85,16,user@yahoo,9876543210,1959,178
1141,5053,Ronaldo,,INDIA,10,Female,None,Football,21-01-2022,-1710,271,,56,1,1,4,,,Delhi,,Draw,6.1,7,84516, ,,,24,user@yahoo,,389,43
1119,5184,Rohit ,Lakers,INDIA,39,mal, ,,01-02-2020,,,,144,1,0,5,,16237,Bangalore,Rainy,Lose,,,80483,cash,,49,18,user@yahoo,,3867,24
1157,5115,Messi,KKR,,35,femal,,Cricket,17-02-2020,,,,166,1,5,3,,,Kolkata,Rainy,Lose,5,2,81028, ,9816,3,5,user@yahoo,12345,4360,82
1067,5117,Smith,RCB,Australia,61,male,,Football,04-02-2023,,702,1329397,89,8,4,4,17279,,Chennai,Rainy,Lose,9.6,0,80051, ,1994,,9,,12345,2053,84
1145,5003, ,Barcelona,INDIA,37,Mle,,,04-12-2022,,,,195,4,2,0,45951,,Mumbai,Sunny,,1.9,7,80242,netbanking,14685,,29,,9876543210,167,60
1189,5074,Dhoni,RCB,sri lanka,34,Mle, , ,01-11-2020,4223,,755820,54,7,8,0,,,Bangalore,Rainy,Win,5,6,81686,netbanking,,,20,,,4945,32
1036,5048,Messi,CSK,sri lanka,19,Mle,None,basktball,05-12-2023,3858,,,44,4,2,2,47055,10150,Bangalore,Sunny, lose,6.1,1,82821,,,,3,xyz@,,2166,122
1152,5006, Virat,RCB,Australia,,femal,Rahul Dravid,basktball,16-10-2022,,,,0,4,1,0,,1879, ,,win ,,4,81840,,,64,24,xyz@,,4269,5
1175,5109,Ronaldo,MI,Sri Lanka,8,Mle,None,Basketball,28-01-2023,,1498,,20,0,4,4,,,Kolkata,,,,7,80424,creadit card,-815,,26,,,3006,130
1192,5121, Virat,KKR,Sri Lanka,44,Mle,John Smith,footbal,,4966,,-6952,20,5,8,4,50294,,,Cloudy,Win,4.7,,82127,cash,,100,27,user@yahoo,12345,186,154
1180,5010,Joe Root,Barcelona,australia,65,mal,,basktball,25-10-2022,,2590,,51,3,7,0,16461,,,,Draw,6,2,80694,,16970,,29,abc@gmail.com,,4046,25
1072,5091,Ronaldo,Lakers,australia,10,Male,,footbal,17-04-2021,3193,,,81,2,5,1,51490,,Chennai,Rainy, lose,7.1,2,80353,creadit card,,88,24,abc@gmail.com,,2940,178
1142,5181, ,CSK,,50,female, ,Tennis,06-04-2020,416,,1435734,170,5,2,4,31164,7836,Delhi,,win ,9.7,,83690, ,7376,24,0,xyz@,,1297,86
1048,5172,Ronaldo,,india,12,femal,Rahul Dravid,,04-04-2021,444,,385433,179,1,5,2,,,Delhi,, lose,,2,81689,credit card,,,6,user@yahoo,,2645,167
1120,5022,Hardik,Lakers,,69,Female,John Smith,Tennis,05-12-2023,3697,,,66,7,4,1,54048,,Mumbai,rainy,,9.7,,80292,cash,-443,90,25,,9999999999,1216,86
1087,5027, Virat,MI,Sri Lanka,57,Other, ,Cricket,12-05-2023,1919,1030,,112,0,0,0,45159,15603,Delhi,Sunny, lose,5.6,,80716,netbanking,,95,24,,,4627,75
1195,5110,Ronaldo,MI,England,64,female, ,basktball,21-12-2022,828,,306705,43,8,4,3,,,,Cloudy, lose,5.4,,84624,cash,10054,74,20,,,2999,11
1139,5056,Bumrah,KKR,,25,Other,None,Tennis,15-09-2022,,,,159,7,6,4,,,Chennai,rainy,Draw,5.3,6,84575,upiid,,,15,,,1205,191
1186,5025,Messi,RCB,australia,53,Female, ,Cricket,23-10-2023,-443,,,9,0,8,3,33990,3435,Mumbai,rainy,Draw,8.2,,84572,netbanking,,116,16,xyz@,9999999999,227,68
1036,5152,Joe Root,Lakers,england,26,Male,Rahul Dravid,Tennis,26-04-2020,-1648,1364,242707,63,9,0,5,,17714,,rainy,Lose,,0,84120,creadit card,,38,23,,12345,2613,97
1060,5053,Messi,,england,54,femal,John Smith,,17-11-2022,,589,,68,8,2,2,,9748,,,Win,7.8,1,82478,creadit card,6868,9,4,xyz@,9999999999,4709,146
1170,5028,Smith,MI,india,38,female,,,24-06-2022,2370,,,67,1,7,1,,17052,Mumbai,Sunny,,5.5,2,82364,netbanking,14634,,21,,9876543210,2136,108
1123,5096, Virat,Barcelona,Sri Lanka,20,Female,,footbal,21-10-2022,3329,,171120,27,2,5,3,,,,Rainy,,,3,80637, ,3800,,22,xyz@,9876543210,3731,122
1197,5163,Hardik,KKR,england,59,male,, ,18-06-2021,,-268,802165,180,1,4,2,,,,,DRAW,,4,82405,creadit card,,,9,,,249,156
1038,5013,,,england,25,Other,John Smith,Tennis,03-08-2021,-28,2421,,115,7,9,3,,9500,,Sunny,Win,5.4,5,81299,,1668,,6,,9999999999,2272,42
1183,5077, Virat,Barcelona,INDIA,9,Mle,Rahul Dravid,basktball,16-12-2022,4123,84,,50,1,1,3,,,Chennai,Rainy,Draw,,4,83948,upi,,,12,,9999999999,2950,60
1062,5034,Hardik,CSK,India,50,mal,John Smith,Cricket,24-10-2023,,,207636,180,9,2,2,,16351,,Cloudy,win ,,,80689, ,,,29,xyz@,9876543210,3018,150
1045,5029,Hardik,KKR,australia,25,mal,None,Basketball,12-05-2023,,,422668,3,1,1,4,,,,rainy,Lose,2.5,4,84439,netbanking,,112,27,user@yahoo,9999999999,4768,168
1087,5091,Joe Root,KKR,Sri Lanka,69,male,John Smith,basktball,13-08-2021,,-247,1348232,78,0,0,3,,,Kolkata, ,DRAW,7.2,,82606,upi,4424,73,6,user@yahoo,,2215,62
1010,5016,Messi,Lakers,india,63,Male,John Smith,Basketball,25-06-2021,,2272,,16,6,6,2,7300,9532,Kolkata,Rainy,win ,,4,80711,credit card,16110,10,14,,9876543210,2157,131
1061,5194,Messi,CSK,,20,Mle,,,31-01-2022,,,876668,107,1,2,3,,13339,Kolkata,,Win,1.6,,82610,cash,14200,80,16,user@yahoo,,1796,71
1076,5157,,Lakers,england,23,femal, ,Football,06-12-2020,,,1298336,194,9,6,4,45667,15794,,Rainy,,4.5,,80438,upi,2110,3,22,user@yahoo,9876543210,3244,191
1152,5092,Smith,Lakers,India,52,Other,John Smith, ,30-08-2022,,-45,206263,73,4,6,2,18596,569, ,Rainy, lose,,,83533,netbanking,15215,53,26,user@yahoo,9999999999,296,121
1198,5172,Joe Root,Lakers,,36,male,John Smith,Basketball,10-05-2021,,,239724,174,4,7,3,,,,Sunny,win ,,,83878,cash,5800,58,2,,,1927,20
1051,5078, Virat,Lakers,australia,59,Other,Rahul Dravid,Tennis,09-02-2021,,2431,1013155,183,2,0,0,,,,Rainy,win ,6,,83341,netbanking,,107,4,abc@gmail.com,9876543210,2256,199
1003,5109,Smith,KKR,India,8,Female,, ,12-05-2023,3138,2434,,22,2,4,4,13142,,Kolkata,Rainy,DRAW,,,83092,upi,,4,9,xyz@,,1457,71
1058,5178,Bumrah,Lakers,,49,Mle,None,Football,18-08-2022,,1451,964347,17,2,9,3,,6267,Chennai,rainy,,3.1,,84238,creadit card,,,4,xyz@,,3546,154
1071,5101,Joe Root,Lakers,,10,Other,,basktball,11-11-2023,3398,1612,1052967,128,5,8,1,,,Bangalore,,,1.4,2,81783,cash,18039,,23,abc@gmail.com,,3127,169
1147,5105,Smith,,,63,male,John Smith,Cricket,07-10-2021,1769,113,241527,34,3,6,2,,1521, ,Sunny,Lose,,,80867, ,18903,48,6,user@yahoo,,2308,131
1092,5046, ,KKR,,44,Mle, ,Basketball,13-11-2020,4017,-178,756851,63,2,0,3,,,Mumbai,,,,4,81488,,862,,6,user@yahoo,9876543210,3664,171
1062,5180,Smith,MI,Sri Lanka,61,mal,Rahul Dravid,Tennis,05-12-2023,3994,,298421,185,1,7,4,47374,,Delhi,Sunny,win ,,,80467, ,5098,4,21,xyz@,9999999999,1589,145
1053,5063,,KKR,India,62,female,Rahul Dravid,Cricket,28-07-2023,4006,,225770,58,2,2,4,,,Chennai,Sunny,win ,,,84972,upi,18999,,22,abc@gmail.com,,95,84
1116,5165, Virat,,England,35,Male,,footbal,25-02-2020,-1106,-357,197772,0,3,3,1,49035,,Bangalore,,win ,,7,83921,,,,13,user@yahoo,12345,3932,98
1109,5063,Smith,Lakers,INDIA,43,Female,,Tennis,,,,1180403,130,5,3,1,,,,,Win,1.8,3,81417,upiid,,42,22,xyz@,9999999999,1359,181
1073,5086,,RCB,Sri Lanka,68,mal,None, ,22-05-2021,2290,-54,1369658,66,3,9,5,,,Chennai,,Win,3.4,5,81776,upi,17886,,14,xyz@,,1739,180
1106,5006,Dhoni,RCB,Sri Lanka,52,Mle, ,,21-02-2021,,1440,,36,7,7,5,43191,6122, ,,Lose,,,81081,,271,91,4,abc@gmail.com,,3794,161
1056,5021,Dhoni,,australia,39,male,,Basketball,05-12-2023,,709,1206311,28,2,0,3,,6928,Kolkata,rainy,DRAW,,,84936,creadit card,,9,4,user@yahoo,12345,1352,60
1168,5080, ,RCB,India,58,Mle,Rahul Dravid,,05-12-2023,5720,,439158,88,2,7,0,,14328,Kolkata, ,DRAW,5.2,6,82925, ,18802,33,3,xyz@,,4924,68
1002,5168, ,CSK,INDIA,22,male,,basktball,17-08-2023,-1142,,77955,160,2,8,4,,,Bangalore,Sunny,DRAW,2.9,,84084,credit card,-722,10,29,,,1542,184
1119,5073,Dhoni,Lakers,England,53,female,John Smith,Football,15-06-2022,,,374774,99,7,8,0,8842,,,Rainy, lose,,7,84061,creadit card,,,19,,9876543210,2667,105
1005,5137,,Lakers,sri lanka,62,female,,,18-01-2022,518,,,188,3,4,0,45904,14529,Chennai,Cloudy, lose,,7,81011,upiid,7015,55,20,xyz@,9999999999,830,192
1004,5184, ,RCB,sri lanka,55,Other,,footbal,03-10-2023,,842,24049,121,0,3,3,44164,, ,Cloudy, lose,,2,80813,netbanking,13239,,25,xyz@,12345,1605,136
1004,5134,,Barcelona,Australia,11,male,Rahul Dravid,basktball,02-09-2020,98,2803,17496,89,1,3,2,54307,18985,,Cloudy,Win,,,83946,cash,4368,49,8,abc@gmail.com,,4645,197
1053,5124,,CSK,England,26,female,John Smith,footbal,04-11-2023,4771,513,,131,9,8,2,,5159,Mumbai,,,6.2,6,82316,creadit card,,,29,abc@gmail.com,9876543210,2747,161
1046,5049, ,Lakers,sri lanka,31,female,,,15-03-2023,3389,,1358119,13,1,7,2,,10815,, ,Lose,,,82143,,15823,88,26,xyz@,9999999999,3810,153
1176,5051,Messi,Lakers,england,13,Female,John Smith,Cricket,17-10-2020,1598,1904,1124207,160,2,9,1,,,Chennai,Sunny,Win,9,,80272,upi,,,11,user@yahoo,9999999999,4658,199
1008,5160,,Lakers,sri lanka,46,male,None,,29-12-2022,3723,,537772,149,5,9,4,,,, ,,1.7,7,83644, ,44,,15,,9999999999,221,111
1098,5000,Messi,Lakers,india,31,Female,,footbal,06-10-2021,3633,2555,,175,7,6,1,5939,,Mumbai,rainy,Draw,,0,81716,upiid,5957,8,21,xyz@,9876543210,3951,135
1019,5180,Smith,RCB,INDIA,37,Other, ,Tennis,10-10-2021,,,,130,0,2,4,51268,,,rainy,Lose,,1,82975,creadit card,15959,17,7,xyz@,9876543210,530,59
1121,5187,Dhoni,Barcelona,,60,Male,,Tennis,,5516,1163,355886,84,8,3,5,,8777,Kolkata,Rainy,win ,2.1,1,84100,creadit card,,62,8,abc@gmail.com,9999999999,4126,33
1060,5161, Virat,MI,INDIA,38,mal,,footbal,,,-404,754386,150,0,8,4,39417,18342,Kolkata,, lose,3.8,,80356,cash,,,11,user@yahoo,9999999999,1381,41
1122,5003,Dhoni,KKR,England,42,male,,Cricket,29-12-2022,2656,1064,,195,9,7,4,47648,,Kolkata,,Lose,,4,80203,credit card,2660,76,29,xyz@,,4117,161
1162,5144,Dhoni,MI,,18,female,None,Football,03-04-2023,,,,20,1,0,3,15837,19782,Delhi, ,Draw,9.4,,83745,upiid,,83,19,,,753,29
1177,5131,,MI,,31,male,Rahul Dravid,Cricket,05-03-2020,368,,1029090,170,2,2,2,18814,, ,Rainy,DRAW,,3,81596,cash,,45,27,abc@gmail.com,,4309,167
1081,5170,Bumrah,Barcelona,England,50,Male,None,Football,05-12-2023,,,,25,6,9,1,17766,2760,,,Lose,,2,80496,credit card,,106,28,abc@gmail.com,,4807,185
1061,5003,Bumrah,CSK,Sri Lanka,65,female, ,Basketball,28-01-2022,-1299,863,,40,8,1,5,,,,Cloudy,DRAW,1.7,,84797,creadit card,,,6,abc@gmail.com,,1188,105
1144,5000, ,Lakers,INDIA,31,male,None, ,12-11-2022,-1399,,1173001,121,2,1,1,34218,15851,Mumbai,Cloudy, lose,4.5,7,84932,netbanking,19484,89,20,,,408,101
1002,5070,Rohit ,CSK,australia,54,male,,,03-10-2023,1755,,,37,7,7,3,,,,Rainy, lose,4.1,,80062,netbanking,,,3,abc@gmail.com,12345,2485,64
1159,5177,Messi,CSK,,43,Female,None,Tennis,13-08-2023,,,,87,8,5,4,,6686,Kolkata,rainy,Lose,3.7,,81579,upi,,,27,user@yahoo,,796,86
1012,5188,Hardik,Barcelona,australia,42,Male,Rahul Dravid,Football,19-11-2021,3611,,,10,9,5,5,48329,1098, ,Cloudy,,,,84334, ,6842,81,22,user@yahoo,9876543210,860,66
1119,5034, Virat,Lakers,england,17,Female,,footbal,09-10-2021,-1386,2970,312413,28,6,3,2,16551,,,Rainy,,,3,80539,netbanking,,,2,,12345,4171,114
1124,5007,Bumrah,,india,28,Male, ,Cricket,25-09-2023,,-237,,59,3,0,0,20150,,,Cloudy, lose,,,84293,cash,,16,0,,9999999999,365,122
1088,5151,Dhoni,Barcelona,,55,male,None,basktball,15-07-2023,1034,,,194,3,6,0,35611,,Delhi,,DRAW,,,84876,netbanking,6190,69,6,,9876543210,1514,9
1072,5035,Dhoni,Lakers,Sri Lanka,48,female, ,Tennis,08-01-2022,-223,,,192,3,7,3,22730,6274,Kolkata,rainy,,,1,84125,netbanking,,,8,abc@gmail.com,12345,4936,29
1067,5177,Rohit ,RCB,england,30,male,Rahul Dravid,Basketball,26-08-2021,,,39254,60,5,1,2,,,,,win ,,0,82713,credit card,,,1,user@yahoo,,2934,97
1141,5122,Rohit ,CSK,Sri Lanka,34,Male,, ,28-07-2021,,,,146,3,1,0,44175,,Bangalore, ,,7.4,,81080, ,,,6,abc@gmail.com,,1583,74
1100,5042,Messi,Barcelona,,19,Male, , ,27-09-2022,,,41407,173,4,0,0,,, ,Cloudy,Draw,3.5,4,81855,netbanking,11726,,9,abc@gmail.com,9876543210,498,124
1097,5026,Bumrah,CSK,,45,Female,,Tennis,14-07-2021,1401,,1189663,176,8,3,5,4634,, , ,Draw,6.5,,83504,upiid,,,1,user@yahoo,9876543210,3241,156
1010,5031, Virat,CSK,INDIA,33,mal,,,17-04-2023,,,,21,6,5,5,,,,rainy,win ,8.4,,83379, ,,,12,,12345,1369,110
1104,5077,,KKR,,31,Other,John Smith, ,01-08-2021,,1488,516130,77,7,4,1,45530,,Chennai, ,win ,,2,81598,,16276,64,28,user@yahoo,12345,1251,53
1183,5120, Virat,MI,sri lanka,37,mal,None,Cricket,,3304,2867,,112,4,3,2,,,Chennai,,DRAW,,3,81628,upiid,15278,35,2,abc@gmail.com,9999999999,698,174
1066,5145, ,,,,mal,,footbal,25-12-2022,189,584,1142710,184,4,3,0,49377,3860,, ,Lose,,,83178,credit card,,55,12,user@yahoo,,2727,167
1122,5155, ,,sri lanka,30,Female,Rahul Dravid,,10-03-2022,169,,,122,6,9,5,47157,,,Rainy,Win,8.5,,82647,netbanking,,,9,xyz@,,2250,76
1028,5156,Hardik,Lakers,australia,57,Male,Rahul Dravid,Tennis,07-10-2023,830,,,141,7,6,5,,,Kolkata,, lose,,7,83372,creadit card,,,29,,,2493,58
1136,5015,Ronaldo,Barcelona,INDIA,26,Male,Rahul Dravid,,01-03-2021,,,1114313,43,8,6,5,10083,15755,Kolkata,,Lose,,,81069,credit card,4378,23,11,abc@gmail.com,,131,182
1194,5098,Dhoni,Barcelona,England,17,Other,,Basketball,25-02-2023,,625,822347,143,1,1,1,23205,15444, ,, lose,,,82776, ,,,25,abc@gmail.com,9876543210,90,134
1152,5046, ,Barcelona,,60,mal,,Cricket,17-08-2021,,,1337794,96,2,6,2,29101,7303, ,Sunny,Draw,,,81192,credit card,10905,59,2,xyz@,,3894,45
1075,5186,Hardik,RCB,,51,Female,,footbal,08-04-2023,3893,,,76,1,1,4,27579,16477,Mumbai,Cloudy,Lose,,,80813,cash,18134,16,27,user@yahoo,,3197,168
1169,5030,Rohit ,RCB,England,56,Male, ,,05-12-2023,,-400,,139,9,3,5,,,Delhi,Sunny,DRAW,7.3,4,81152,upiid,628,67,28,abc@gmail.com,12345,471,151
1008,5003,Dhoni,Lakers,,64,Female,,footbal,05-12-2023,1884,,853631,54,6,0,2,42502,,Mumbai,Cloudy,win ,7.5,,82755,creadit card,19631,,19,,9999999999,1265,117
1039,5164, ,Barcelona,,39,Mle, ,basktball,02-06-2021,3613,,552844,50,1,4,3,,,Chennai,Rainy,Win,8.7,7,81883,cash,3453,,5,xyz@,,4597,122
1024,5016,,CSK,england,51,female,Rahul Dravid,basktball,09-02-2021,,2510,,101,1,0,1,,,,rainy,Lose,3.8,7,80267,netbanking,,98,2,,,2808,170
1004,5038,Joe Root,Lakers,india,42,femal,,basktball,12-05-2023,4376,,,166,1,3,4,9458,10178, ,,win ,,3,83671,cash,,36,28,user@yahoo,,4482,166
1138,5047,Messi,Barcelona,India,34,mal,None,footbal,,,,,160,3,8,5,26029,,Chennai,,DRAW,,,82812,cash,,95,24,abc@gmail.com,,1111,144
1186,5173, ,MI,India,31,Female,Rahul Dravid,basktball,31-03-2021,-1060,354,660239,160,0,7,5,32388,,,rainy,Lose,,,84680,netbanking,,47,1,user@yahoo,9999999999,597,74
1123,5175,Dhoni,CSK,INDIA,69,Mle, ,,01-06-2021,,,,28,1,5,1,15471,, ,rainy,Draw,,1,84085,netbanking,4290,,22,abc@gmail.com,,907,175
1037,5038,Hardik,Barcelona,Australia,35,Male,,,20-10-2020,-1000,,1168427,68,2,7,1,20578,,,, lose,2.2,,80383,credit card,,68,21,abc@gmail.com,9999999999,2914,149
1071,5131,Smith,MI,india,13,female,Rahul Dravid,footbal,,,990,1347171,197,6,4,0,12039,4085,Delhi,rainy,Win,5.3,5,83956,creadit card,,79,13,xyz@,9876543210,3216,74
1132,5029,Rohit ,KKR,,46,Mle,John Smith,footbal,30-08-2021,,2693,853659,158,9,6,5,18618,18154,Bangalore,rainy,Draw,1.9,,82850, ,,,14,,,1354,149
1175,5157,Dhoni,KKR,india,24,femal,,Football,26-04-2020,4931,,,79,0,7,2,,4685, ,Cloudy,DRAW,7.2,,84525,creadit card,14705,25,17,abc@gmail.com,9999999999,3946,25
1089,5021, Virat,KKR,Sri Lanka,64,female, ,Football,22-08-2023,97,-149,,30,5,6,1,38585,8121, ,rainy,Draw,1.8,,83411,upi,4271,89,26,xyz@,9876543210,3235,124
1145,5065,Messi,,,16,Female,Rahul Dravid,Basketball,19-11-2023,,,102066,111,2,3,1,50098,14541,Kolkata,Cloudy,,,,81049,netbanking,,,18,xyz@,12345,2704,61
1197,5107, Virat,,Sri Lanka,29,Male, ,footbal,12-10-2023,3049,2032,,45,2,4,3,44373,,Chennai,Sunny, lose,1.5,,81833, ,,54,21,,9876543210,2389,98
1036,5011,Hardik,CSK,England,67,Other,,footbal,23-12-2022,156,,,96,3,9,3,30111,2302,,rainy,Win,3.9,,80797,upiid,,93,9,,12345,4075,54
1059,5035,,Lakers,Australia,30,Mle,None,Tennis,12-11-2020,,,835601,51,3,5,3,,4118,,Sunny,Lose,,6,84467,netbanking,3443,,19,user@yahoo,,3650,60
1175,5017,Smith,RCB,Australia,49,mal,John Smith, ,14-11-2020,,2583,,137,6,5,1,,696,,Sunny,Draw,,1,82975, ,12170,,16,abc@gmail.com,9999999999,463,170
1027,5089,Rohit ,CSK,india,37,male,,,04-07-2020,,,,73,2,8,4,,,Bangalore,,Draw,,5,81290,creadit card,,,16,xyz@,12345,3938,189
1196,5180,Joe Root,KKR,INDIA,36,female,John Smith,Football,25-06-2021,,,,40,7,9,2,973,,Mumbai,Rainy,Lose,,6,82187,upi,16496,105,18,abc@gmail.com,,1072,32
1080,5198,Dhoni,KKR,england,56,femal,John Smith, ,19-11-2021,,2413,,76,7,1,1,6298,,,Sunny,Draw,,4,80066,credit card,9671,,23,,9999999999,473,53
1113,5000,Dhoni,RCB,england,42,Mle,,Cricket,01-12-2023,,2501,1207481,130,6,5,0,,,,Rainy,DRAW,,,81392,upiid,8759,36,26,user@yahoo,9999999999,4983,172
1039,5126,Hardik,Barcelona,india,63,mal,Rahul Dravid, ,30-06-2023,848,1858,,186,1,2,5,55823,1001,,rainy,,,4,83991, ,,77,3,xyz@,9876543210,938,139
1044,5185,Hardik,RCB,India,51,femal,John Smith,footbal,04-11-2022,-1005,2150,966907,113,4,1,4,31648,,Mumbai,Cloudy,Win,,0,83021,,9069,,10,,9876543210,1310,118
1061,5089, ,RCB,,18,Female, ,Football,05-12-2023,2069,984,,51,5,5,4,55181,,Kolkata,,Draw,9.4,,81701,upiid,3656,81,16,user@yahoo,,2340,47
1092,5086,Smith,KKR,australia,64,Male,John Smith, ,06-10-2022,2089,1980,,161,9,3,2,,,Bangalore,,win ,2.8,,80578,,,,23,,9876543210,3520,90
1114,5089,Messi,,india,10,Male,,basktball,30-01-2024,-469,1069,224024,176,3,4,4,59532,,Bangalore,Sunny,DRAW,1.1,,81605, ,,,9,xyz@,9999999999,4056,60
1185,5133,Messi,MI,India,29,female, ,basktball,18-06-2022,,479,518623,155,9,4,2,,,Mumbai, ,,,7,84043,credit card,2008,,21,,,1086,36
1066,5069,Bumrah,KKR,india,40,Male, ,Tennis,28-09-2020,,2198,348883,86,4,2,4,50901,8738,Kolkata,Sunny,Lose,1.2,6,81978,upiid,688,118,16,,,4663,188
1055,5043,Ronaldo,RCB,Sri Lanka,66,Other,, ,27-07-2021,4010,,1361403,108,8,3,5,,9272, , ,Draw,4.9,3,84505, ,,102,11,,,3529,161
1039,5199,Ronaldo,Barcelona,England,63,mal,Rahul Dravid, ,,,,,140,6,2,2,12964,5739,Chennai, ,Draw,,3,82880,,,,9,abc@gmail.com,,4969,42
1097,5151,Messi,Lakers,,,male, ,,18-03-2022,628,1886,,68,1,6,3,23126,,,,Draw,1.2,5,82670,upiid,,105,9,abc@gmail.com,9876543210,259,13
1039,5085,,Lakers,,48,Male,None,Basketball,01-09-2022,462,,,119,0,0,3,7776,13905,,rainy,,4.6,,83716,cash,12199,,5,,12345,1656,142
1090,5018, ,CSK,India,17,femal,,,08-07-2021,,,,66,1,5,4,,,Bangalore, ,Lose,3.7,1,84935, ,,,16,user@yahoo,,2955,186
1032,5100,Rohit ,CSK,INDIA,46,Mle, ,Basketball,20-07-2021,3891,2558,718015,60,2,3,4,,,Bangalore,Rainy,Win,,,84284,upiid,,60,25,xyz@,9876543210,4279,115
1005,5145,,Barcelona,England,29,femal,None,,08-03-2022,,-45,,187,1,0,2,,12856,Bangalore,,Win,3,5,84372, ,9468,117,25,,,3119,101
1146,5094,,CSK,india,42,mal,None,footbal,14-06-2020,3523,,,70,2,0,2,47359,18265,,Rainy,win ,6,,82154, ,12597,26,18,abc@gmail.com,9876543210,591,122
1079,5100,Messi,Lakers,Sri Lanka,48,Other,None,,30-10-2022,601,1850,585454,151,9,4,5,,4867,Chennai,Cloudy,Draw,9.2,3,82804,cash,1111,,1,,9876543210,1432,168
1167,5029, Virat,KKR,england,61,Female,, ,,4656,73,892068,190,8,4,1,45655,,,,Win,,0,82220,upi,,,3,xyz@,9999999999,2487,65
1091,5169,Messi,Lakers,INDIA,55,femal,None,Tennis,05-10-2020,1338,-490,,188,3,9,3,,,Mumbai,Cloudy,Lose,,,83989,netbanking,10764,116,17,user@yahoo,,228,133
1096,5032, Virat,CSK,,18,Male,John Smith,Cricket,25-12-2022,-1188,1251,,150,8,6,1,,15381,Chennai,,DRAW,,4,80998,credit card,,111,26,abc@gmail.com,9876543210,2779,158
1058,5011,Hardik,Lakers,,62,Male,John Smith, ,12-05-2023,5559,478,1489747,29,2,3,1,,3402, ,,Lose,,,80721,,11562,,28,,9876543210,1368,117
1058,5117,,Barcelona,sri lanka,59,mal,Rahul Dravid, ,20-08-2021,4407,1598,1098048,187,0,8,0,,16757,Delhi, ,win ,9.9,7,81214,,,115,20,,,1624,173
1047,5093,Ronaldo,KKR,Australia,44,mal,None,basktball,31-12-2021,4825,2185,,145,4,3,2,,,Chennai,Cloudy,DRAW,7,,81693,credit card,31,88,3,,,3979,101
1168,5154,Bumrah,Lakers,Australia,16,mal,, ,13-12-2022,,,,95,9,6,0,42516,,Delhi,Sunny,Lose,,5,83394,,7772,34,5,,,739,186
1012,5166,Bumrah,,australia,,mal,,Tennis,24-06-2022,4329,,,55,9,4,0,,10263,Delhi,Rainy,win ,1.7,,84025,,7288,15,13,,9876543210,3174,39
1106,5136,,RCB,Sri Lanka,60,Mle,Rahul Dravid,basktball,01-10-2022,-1790,1522,824430,52,1,4,1,,,,Sunny,Win,3.2,2,83579,,4024,,6,,12345,2647,140
1044,5148, ,MI,Sri Lanka,58,Female,,basktball,26-02-2021,,,886534,6,3,5,0,,5424,,Rainy,DRAW,3.3,,82803,creadit card,,,11,,9999999999,2070,162
1088,5075,Smith,MI,,21,Female,,footbal,26-06-2021,5712,1138,889390,96,1,7,5,,,Kolkata, ,DRAW,,0,82230,credit card,,,1,,,4571,109
1180,5028,Messi,MI,australia,60,Male,John Smith,basktball,01-08-2023,4482,,1312368,196,1,4,2,,17645,Kolkata,Rainy,Win,,3,84812,cash,,,17,abc@gmail.com,9876543210,4993,14
1169,5160, Virat,RCB,Australia,52,mal,,Tennis,06-02-2024,3421,,,112,2,2,1,,17952,Chennai,,,,6,80458,netbanking,148,,23,,9999999999,2034,166
1099,5189, ,KKR,Australia,33,femal, ,Basketball,01-12-2022,,2040,470806,124,4,5,2,,,,Rainy,win ,,,81701,creadit card,,,12,xyz@,9876543210,4380,144
1190,5116,,Lakers,INDIA,13,Mle, ,Tennis,30-03-2023,,,,199,3,1,5,39731,2321,,rainy, lose,8.9,1,80626,netbanking,9661,,12,,,1185,106
1154,5014,Smith,RCB,england,60,Female,None,footbal,06-12-2021,4004,76,724866,179,1,7,4,36714,19529, , ,Win,7.2,3,82456,netbanking,,6,24,,,589,189
1165,5001,Messi,Barcelona,sri lanka,34,Female,Rahul Dravid, ,12-05-2023,,471,,131,9,7,0,,10821,,,,,,80206,upiid,10525,,4,,9999999999,4217,187
1187,5179,Bumrah,CSK,Australia,64,female,Rahul Dravid, ,12-05-2023,3100,,,161,1,2,1,5103,13600,Mumbai,,Lose,3.1,,83316, ,,114,6,abc@gmail.com,9999999999,1135,75
1006,5116,,MI,india,15,Mle,,basktball,18-05-2020,,1814,,196,5,7,3,53532,5824,,rainy,win ,9.7,1,81356,cash,,96,28,user@yahoo,,3420,79
1132,5171,,Lakers,,40,Male,,Cricket,07-07-2023,168,519,430962,160,6,8,2,,,Chennai,Cloudy,DRAW,7.1,,84768,credit card,12095,,11,xyz@,12345,2558,112
1044,5181,Ronaldo,MI,India,42,Other,,footbal,04-12-2022,,980,603784,120,9,4,5,,,,Rainy,Draw,,7,83596,credit card,9966,9,24,,12345,1,67
1057,5017,Smith,Lakers,,10,femal,None, ,26-09-2023,4724,,,196,5,4,0,,, ,,,9.2,,81939, ,,,13,user@yahoo,,891,139
1030,5002, ,,,41,Female,Rahul Dravid,,04-12-2021,,,,37,6,5,2,12625,7061,Kolkata,Cloudy,,3.7,6,82795,,,,0,user@yahoo,9876543210,4894,11
1022,5134, Virat,CSK,india,14,mal,John Smith, ,09-01-2022,,1268,,121,0,6,5,15332,,Mumbai,Rainy, lose,9.8,,84368,netbanking,,,23,,,4724,16
1169,5170,Bumrah,Lakers,Australia,44,Mle,Rahul Dravid,,16-08-2020,3281,,42332,25,5,2,2,7806,,Mumbai,,Lose,,,82673,upiid,,,9,abc@gmail.com,,4556,166
1137,5165,Hardik,MI,India,8,Other,, ,09-01-2020,1925,2447,1437412,128,2,4,4,45632,,Mumbai,,win ,8.4,,81049,cash,,0,25,,,2999,158
1159,5164,Ronaldo,,INDIA,24,Male,,basktball,14-05-2020,,,413270,3,0,0,5,,2562,Mumbai,,Lose,,,82591,creadit card,7593,93,24,,12345,3553,169
1106,5185,,MI,India,67,Male,Rahul Dravid,Cricket,24-09-2023,,950,590235,38,7,9,2,48956,11907,Mumbai,Cloudy,Lose,,0,83789,upiid,,113,8,,12345,3657,1
1180,5160,Messi,Lakers,England,43,femal,,basktball,15-04-2020,,,,53,3,4,4,,,Kolkata,Sunny,DRAW,6.9,,84004,,17129,,9,,,971,124
1157,5107,Smith,RCB,england,50,female,John Smith,Basketball,22-04-2021,,2443,,160,9,3,4,,,Delhi,rainy,DRAW,6.1,,80090,upiid,7741,,6,,12345,4149,38
1038,5186,,Barcelona,,68,mal,None,Cricket,11-04-2021,2494,,,32,7,0,4,31564,10278,Mumbai, ,DRAW,8.3,,80475,cash,19494,38,15,user@yahoo,9876543210,3742,114
1158,5094,,Lakers,sri lanka,18,mal,Rahul Dravid, ,12-05-2023,5198,,,199,9,6,0,58886,19985,,rainy,Win,,7,82046,creadit card,,8,27,,,4204,98
1081,5121,Hardik,Barcelona,india,55,female,,,17-07-2021,,,1438549,19,3,0,5,,2812,Bangalore,Cloudy,Lose,,,84821,upi,9380,,27,,,279,60
1099,5010, Virat,CSK,England,22,Mle,, ,25-11-2022,-1426,,,15,3,7,2,39885,3538,Delhi,rainy,Draw,3.3,,83690,credit card,2705,8,11,xyz@,12345,1698,19
1001,5067,,MI,INDIA,51,male, ,Tennis,23-11-2020,2632,,,148,9,9,2,1286,,Chennai,Cloudy,DRAW,3.5,,84025, ,,,11,,12345,2887,124
1076,5122,,CSK,,53,mal,,Football,03-02-2022,,1755,22463,172,3,1,5,2718,8208, ,rainy,Lose,,,83266,,,,25,,9876543210,2884,187
1011,5195,Ronaldo,RCB,,58,mal, ,basktball,27-11-2023,,1678,800448,126,5,9,4,,14748,Mumbai,,DRAW,9.9,3,84629,cash,,92,18,user@yahoo,9876543210,3285,100
1038,5112,Hardik,Lakers,sri lanka,29,male,John Smith, ,,-452,-183,1402949,86,8,4,2,38627,16366,Mumbai,Cloudy, lose,,7,82745,creadit card,,,28,xyz@,9999999999,3579,68
1193,5097,Messi,MI,Sri Lanka,39,mal,John Smith,Tennis,01-01-2020,,,,81,4,5,2,26617,,Delhi,,,,4,80084,upi,19984,28,12,user@yahoo,,2251,138
1012,5092,Rohit ,KKR,Australia,15,Other,None,footbal,19-12-2020,,1081,,61,9,8,4,,7693,Mumbai,, lose,6.1,,82639,netbanking,10711,76,20,user@yahoo,9999999999,4640,17
1045,5021,Messi,,Australia,28,Male,Rahul Dravid,basktball,05-09-2022,2077,2829,,30,7,6,3,47028,18931,Kolkata, ,Win,,,84936,cash,,,28,abc@gmail.com,12345,2356,80
1154,5193,Bumrah,Barcelona,,54,female,None,Football,,,1139,415316,41,7,5,3,,5455,Delhi,Cloudy,DRAW,6.6,,80076,creadit card,11928,,17,,9999999999,4623,85
1112,5171,Smith,Lakers,Sri Lanka,61,mal,None,Football,25-07-2021,,1037,416273,11,3,4,4,,5904,Chennai,rainy,DRAW,9.5,7,82430,netbanking,-465,97,26,abc@gmail.com,9876543210,1931,92
1016,5126,Joe Root,Lakers,sri lanka,59,Female,,Tennis,10-08-2023,2158,,,64,9,5,0,,3960,Mumbai,,Win,7.2,6,83504,creadit card,,,25,xyz@,12345,3414,29
1103,5133,Messi,Barcelona,England,31,Other, , ,18-03-2020,,-484,,72,8,3,2,,4524,, ,Draw,7.2,5,82424,netbanking,,,2,,,1008,134
1097,5169,Dhoni,CSK,England,43,Other,None,footbal,02-11-2021,-1976,,,130,8,0,2,55604,11480,Chennai,Sunny,win ,6.7,3,82221,,2954,,25,user@yahoo,9999999999,4712,194
1187,5024,Joe Root,Barcelona,,67,Female,Rahul Dravid,footbal,01-07-2023,59,,,114,4,8,3,39259,,Bangalore,,win ,9.7,,80405,creadit card,-318,,6,xyz@,9876543210,2078,119
1191,5184,Joe Root,CSK,sri lanka,33,femal,John Smith,Cricket,19-12-2021,2123,,858285,136,5,4,4,49884,,Bangalore,Sunny,,,,82129,creadit card,,32,0,abc@gmail.com,,4195,122
1087,5084,Smith,MI,INDIA,41,Male,Rahul Dravid,Cricket,25-06-2023,,444,,105,4,7,5,,,,rainy,win ,,,84116,cash,,,2,abc@gmail.com,9999999999,2714,111
1108,5054,Smith,RCB,india,50,femal,John Smith,Cricket,,-1319,2435,588971,178,2,6,5,,3571,Bangalore,Cloudy,win ,,,80397,upi,,48,20,xyz@,9876543210,1338,191
1162,5143, Virat,,Sri Lanka,60,mal,None,Cricket,02-02-2023,-436,391,18817,15,7,7,0,27997,4101, ,Cloudy,Lose,,5,81800,cash,4837,,26,,9999999999,4590,159
1069,5094,Bumrah,CSK,england,33,male,John Smith,basktball,12-05-2023,,,,77,8,0,4,19170,,Chennai,,Lose,5.2,,83473,upiid,1756,,13,xyz@,,3689,153
1157,5141, Virat,Barcelona,,22,femal,Rahul Dravid,Cricket,24-05-2023,2721,,803251,124,3,8,3,25213,,Chennai,,win ,8.3,,81808,cash,,,3,abc@gmail.com,,741,87
1198,5166,Hardik,CSK,england,44,Other,None,,05-12-2023,-1552,,965462,130,8,0,3,25776,14846, ,,win ,,,84989,cash,821,118,18,abc@gmail.com,9876543210,733,149
1073,5155,Hardik,MI,india,30,Female,None,Tennis,05-12-2023,3503,1778,817368,151,8,2,2,,, ,,DRAW,,7,83926,netbanking,,,21,,,1806,16
1062,5178,Hardik,,,55,Other,John Smith,,05-12-2023,,1108,616303,140,6,7,1,18726,,Bangalore,rainy,win ,,,81944,,,,27,,,2378,132
1155,5118,Rohit ,CSK,india,34,mal,,Tennis,06-04-2020,1156,,146890,129,7,0,0,,10034,Mumbai,Rainy,,,4,80437,,,20,5,,9876543210,3265,107
1059,5176,,RCB,INDIA,52,Male,Rahul Dravid,Basketball,16-05-2022,,529,,198,2,0,0,,,,rainy,DRAW,,5,80222,upiid,-330,45,19,,,1753,174
1078,5008,Messi,Lakers,sri lanka,56,female,,footbal,05-12-2023,3266,,,111,4,5,1,,16304, ,,Win,9.3,,81610,upiid,15078,29,8,abc@gmail.com,9876543210,1024,8
1036,5185, ,MI,australia,14,male,,basktball,30-10-2023,-1868,,,126,2,4,5,,4274,Kolkata, ,Win,4.1,1,81960,credit card,,,10,abc@gmail.com,12345,1482,134
1021,5172,Smith,KKR,india,22,Male,Rahul Dravid,basktball,11-01-2020,1655,,206643,20,6,5,5,,, ,Sunny,DRAW,6.5,7,84604,upiid,,43,21,,,2565,125
1195,5149, ,KKR,india,48,Female,None,Tennis,17-07-2020,,,1035042,146,5,2,5,,,Kolkata,Cloudy,DRAW,,5,84000, ,,36,14,abc@gmail.com,9876543210,3554,128
1147,5159,Ronaldo,Lakers,Sri Lanka,49,male,,footbal,,4008,2002,951336,88,2,9,3,,,Delhi,Rainy,Lose,,1,82664,upi,5106,,8,abc@gmail.com,,1779,53
1095,5196,Smith,MI,Australia,37,mal,None,Tennis,15-06-2022,3564,,,46,8,9,4,4996,, ,Cloudy,Lose,,,81065,upi,17961,115,28,,,3716,119
1067,5196,Smith,KKR,India,17,femal,None,,24-04-2022,,,196526,149,0,5,0,50037,1236,Kolkata,Cloudy,win ,,,81276,creadit card,,79,10,abc@gmail.com,12345,4818,192
1191,5041,Smith,CSK,,61,Other,,Tennis,19-09-2020,,2353,,160,9,1,1,20808,,Bangalore,rainy,win ,,3,80603,upi,,,25,xyz@,,2116,91
1016,5052, ,MI,sri lanka,52,male,John Smith,footbal,25-11-2021,,,1082500,159,2,7,2,47204,,,,Win,8.3,,80188,credit card,,,9,,,4566,179
1011,5186,Smith,MI,England,65,mal,,Tennis,12-08-2021,4356,778,1108984,191,9,5,2,,,,,,5.4,,80675,upiid,-503,2,1,xyz@,12345,2539,63
1149,5073,Dhoni,Barcelona,India,56,Male,,Basketball,05-12-2023,-1284,,,84,6,3,3,22600,,,Cloudy, lose,7.4,,80637,upi,5687,,21,user@yahoo,,2965,134
1144,5038,Rohit ,Barcelona,Australia,20,Mle,None,footbal,07-04-2021,,-181,1445114,166,2,3,0,25815,7038,Bangalore,Sunny,Lose,,3,81996,upi,16802,109,13,abc@gmail.com,,2760,190
1137,5121,Ronaldo,MI,australia,53,Female, ,Basketball,18-09-2023,-1987,,546431,127,2,6,4,30234,9254,,rainy,,8.2,7,81844,upiid,14264,61,3,user@yahoo,9876543210,2454,107
1117,5014,Messi,KKR,australia,8,Male,John Smith,,05-12-2023,3118,,,71,1,2,0,16177,6835,Mumbai,Sunny,Draw,,0,80046, ,8310,41,1,abc@gmail.com,9999999999,3754,161
1192,5198,,Lakers,england,65,femal,,,26-10-2020,4080,2235,886309,41,8,2,5,,19983, ,rainy,DRAW,5.4,3,80819,creadit card,5322,,4,xyz@,9876543210,1945,2
1021,5156,Joe Root,MI,England,58,male,Rahul Dravid,Cricket,18-06-2021,,,,8,3,5,2,50183,19820,Mumbai, ,DRAW,9.4,,83807,cash,,45,13,,,3368,169
1119,5122,Dhoni,MI,india,,Female,,Cricket,23-05-2023,,,,24,9,8,0,,6103,,Cloudy,Lose,,1,83022,upi,3169,,14,user@yahoo,,2629,16
1049,5110, ,RCB,INDIA,40,Other,Rahul Dravid,Cricket,09-08-2021,,388,1315450,1,5,0,2,40580,,Mumbai,,DRAW,6.7,,81080, ,,97,18,,,528,102
1013,5130,Bumrah,CSK,australia,59,femal,,basktball,04-01-2024,,1871,,18,1,4,1,18609,16129,,Cloudy, lose,6.2,,83146, ,-127,107,5,,,4232,119
1191,5082,Dhoni,RCB,india,14,femal,, ,09-06-2021,-128,2088,970935,19,8,0,1,35115,1345,Bangalore,Rainy, lose,2.2,1,81277,cash,,114,26,abc@gmail.com,,1471,59
1174,5009,Joe Root,RCB,sri lanka,39,femal,,Cricket,22-10-2023,,,,69,6,0,2,59959,11548,Mumbai,, lose,,7,83734,creadit card,19525,112,14,,,2035,9
1028,5091,Hardik,MI,,17,Female,Rahul Dravid,Football,09-05-2022,,,,16,9,2,4,,,, ,Draw,7.2,7,82217,,,,13,,12345,4034,197
1163,5028,Joe Root,Lakers,Australia,66,Other,Rahul Dravid,Football,27-11-2023,,2214,,123,4,2,4,14237,,Delhi,rainy,Lose,3.5,0,82886,upiid,,,7,user@yahoo,12345,1367,117
1179,5034,Bumrah,Barcelona,sri lanka,12,Other,None,Cricket,27-12-2022,,,,88,6,3,0,,,Chennai,rainy,,6.3,,80795,credit card,15261,60,19,user@yahoo,,1719,10
1124,5005,Dhoni,KKR,,52,Other,Rahul Dravid,footbal,03-06-2020,1507,,,195,3,2,2,,,,Sunny,Lose,7.5,,83328,credit card,,106,11,,,1041,94
1006,5139,Joe Root,RCB,sri lanka,68,Mle,John Smith,basktball,12-05-2023,,807,,93,9,5,3,,,Mumbai,rainy,Draw,,0,83006,upi,,,3,user@yahoo,12345,3487,7
1028,5110,Messi,Barcelona,australia,27,Female, ,Tennis,13-06-2022,901,,1228778,83,6,3,4,,14102,Delhi,Cloudy,DRAW,2,,83184, ,8877,,20,xyz@,9999999999,559,93
1138,5037,,Barcelona,england,23,male,Rahul Dravid,,12-05-2023,2310,,239893,130,1,7,4,,2069,Delhi,Cloudy,Win,5,0,82389,upiid,,,5,,12345,1564,194
1032,5076, ,MI,,56,Other,,Football,06-07-2020,3313,,907355,86,6,0,5,,,,Rainy,Lose,,5,84143,netbanking,,,10,,12345,3224,148
1133,5092,Dhoni,CSK,India,33,Mle,None,Football,30-08-2023,783,1523,248536,50,3,7,1,,, ,Rainy,win ,,,83858,netbanking,,,22,abc@gmail.com,9999999999,1800,123
1110,5146,Dhoni,RCB,sri lanka,27,mal,None,,11-10-2021,3560,2436,,81,3,0,4,,17504,Chennai, ,win ,,1,81218,netbanking,,55,21,user@yahoo,,3270,63
1078,5066,Bumrah,Lakers,india,60,male,None,Tennis,28-05-2020,2492,,909505,153,0,0,4,,,Delhi,Rainy,win ,,,81760,cash,,,6,xyz@,9876543210,1811,4
1159,5135,Ronaldo,Barcelona,,21,Female,Rahul Dravid,Football,11-03-2021,,,1413819,183,2,6,5,39168,11808,, ,Win,3.8,3,80724,creadit card,6329,,24,abc@gmail.com,9876543210,3081,28
1178,5007,Hardik,MI,Sri Lanka,42,Female,John Smith,Football,05-12-2023,3126,,1498386,191,4,0,4,31636,,, ,Win,,,81344,upi,,,3,user@yahoo,9876543210,4262,72
1057,5121,Hardik,KKR,australia,48,male,None,Football,04-10-2023,954,1234,,7,4,8,5,56252,6914,Kolkata,rainy,,5.5,,80137,creadit card,6134,,25,xyz@,,146,163
1025,5083,Ronaldo,,,14,Mle,Rahul Dravid,Tennis,13-06-2021,3667,918,546972,164,1,7,2,36561,,Delhi,rainy,,8.3,1,84450,credit card,-461,54,14,abc@gmail.com,,3828,130
1173,5174,Smith,RCB,India,68,Female, ,footbal,17-06-2022,,,,120,3,0,2,52525,6504,Bangalore,Cloudy,Win,,,84906,creadit card,,,0,abc@gmail.com,,4540,169
1028,5131,Joe Root,RCB,India,60,mal,John Smith, ,06-01-2020,,209,,154,0,1,1,3828,,,Rainy,Win,,2,83554,,,39,8,abc@gmail.com,9999999999,2117,156
1003,5178, ,MI,England,20,male,,basktball,21-04-2023,,,928088,172,8,1,0,3595,,Mumbai,rainy,,,1,82759,creadit card,,71,22,abc@gmail.com,,2663,75
1098,5084,Smith,,england,9,mal,John Smith,,08-11-2022,552,,548534,3,0,1,5,40809,,Kolkata, ,Draw,,7,80058,,,,19,xyz@,,318,73
1140,5194,Bumrah,Lakers,australia,9,Mle, ,,02-04-2023,,1316,,85,5,5,4,,4843,Kolkata,,win ,4.1,,80770, ,2189,,25,,12345,3969,102
1038,5044,Rohit ,RCB,Australia,9,male, ,Football,28-11-2023,4347,,,127,6,3,0,39613,,Delhi,Cloudy,win ,,,80388,,12788,,7,abc@gmail.com,9999999999,4131,129
1014,5135,,Barcelona,England,26,male,Rahul Dravid,basktball,,4915,,155727,109,2,7,2,,795,,Sunny,DRAW,,1,83924,cash,,115,11,,9876543210,254,155
1118,5086,Dhoni,RCB,India,15,male,John Smith,basktball,27-03-2021,140,,,98,0,0,4,,,Chennai,,Lose,,,83422,upiid,12969,,6,,12345,1336,67
1028,5015,Messi,Barcelona,INDIA,21,Other,Rahul Dravid, ,21-11-2020,1422,,388225,36,6,9,0,57795,,Kolkata, ,,,4,84434, ,14729,0,27,abc@gmail.com,12345,334,167
1156,5076,Hardik,Barcelona,Australia,19,femal,, ,02-12-2021,1214,1893,,70,2,3,5,,11025,,rainy,Win,,5,84852,upiid,,,17,xyz@,,3091,168
1074,5194, Virat,RCB,sri lanka,60,Female, ,,05-12-2023,1045,1259,1161703,32,9,9,5,30432,,Chennai,rainy,Win,4.5,3,80595,creadit card,,47,0,,,4393,28
1115,5008,Hardik,CSK,England,57,Other,John Smith,Football,17-09-2022,3727,927,815680,30,5,4,0,40333,,,Rainy,win ,,2,80435,cash,,,8,user@yahoo,,1044,92
1031,5059, Virat,KKR,,51,Male,,,12-11-2020,2884,1625,,182,5,8,5,,,Kolkata,Sunny,Draw,,2,81473,cash,,,6,user@yahoo,12345,4573,152
1129,5077,Bumrah,,India,12,Mle,, ,,,,,124,3,4,3,,1304,Chennai,,Draw,,,84472,netbanking,10524,,13,abc@gmail.com,9876543210,1791,82
1174,5076, Virat,Lakers,Australia,12,femal, ,Cricket,26-07-2022,-1245,,,11,5,2,2,39550,6148,Chennai, ,Draw,6.1,3,81982,,,82,25,abc@gmail.com,9999999999,2519,51
1083,5070,Smith,RCB,Sri Lanka,24,Mle,,basktball,15-12-2021,4244,1750,,10,9,3,1,,,Mumbai, ,Lose,3.9,,82438,cash,1063,38,0,,9876543210,961,56
1021,5014,Bumrah,RCB,india,36,male,, ,05-12-2023,,2482,58597,87,3,9,1,41672,15150,Delhi,Rainy,Win,,2,82868, ,,,12,,9999999999,3749,73
1026,5070,Dhoni,MI,,68,Female,Rahul Dravid,,05-12-2023,3007,1792,572952,71,7,6,3,,12802,Chennai,rainy, lose,5.8,,84209,netbanking,12853,,19,xyz@,12345,4565,26
1194,5101,Hardik,Lakers,,15,femal, ,,12-05-2023,,1583,122266,31,8,0,0,2427,19518,,rainy, lose,4.6,7,83817,cash,,42,14,abc@gmail.com,,2814,88
1080,5168,Smith,KKR,India,35,Mle,John Smith,,15-01-2020,,,,56,1,5,5,58822,,Bangalore,Rainy,DRAW,,,80773,upiid,16187,8,4,,,589,52
1125,5021,Ronaldo,,England,68,femal,None,Basketball,02-01-2020,2996,2127,,165,6,7,3,34167,11411,Kolkata,Cloudy,Lose,5.7,,81926,upi,1320,,4,,12345,1988,125
1183,5151, Virat,KKR,india,30,Other,John Smith,Cricket,02-10-2022,-59,1932,,187,8,0,3,50794,,Delhi,Sunny,Win,,0,82219,creadit card,3505,,13,xyz@,,2839,6
1091,5112,Joe Root,CSK,england,50,Male,John Smith,Tennis,31-08-2023,4861,200,1468942,85,8,7,5,44891,7623,Mumbai,Cloudy,,,7,80017,,12277,,13,,9876543210,3865,187
1020,5171,Dhoni,MI,,33,femal,,Basketball,24-02-2021,,1876,,18,4,6,2,36320,17350,Mumbai,,Lose,4.5,5,84330,credit card,,,13,xyz@,,2433,117
1046,5000,Messi,MI,,8,mal,,Tennis,04-07-2021,286,959,,115,0,0,5,12074,,Delhi,, lose,,4,83966,cash,,,4,user@yahoo,,2989,12
1100,5009,Rohit ,,india,52,male,None,,18-05-2021,5979,2064,,183,5,8,5,24610,16770,Delhi,,Lose,3.5,,81692,upiid,,,10,,9999999999,3948,63
1186,5109,Ronaldo,CSK,sri lanka,46,Male,,Tennis,01-09-2023,,,,13,7,2,4,,,Chennai,rainy,DRAW,,,82770,upi,12218,,18,abc@gmail.com,,4541,36
1083,5199,Rohit ,RCB,Sri Lanka,27,male,,Tennis,23-10-2021,,2642,1180208,32,0,1,0,,,Bangalore,Sunny,Draw,6.2,,84376,cash,,,4,,9876543210,1960,9
1005,5183,Ronaldo,Barcelona,INDIA,29,male,,Cricket,30-06-2021,,,1199399,9,1,6,1,,,Mumbai,Cloudy,win ,4.2,4,84926,netbanking,8503,,3,xyz@,12345,4194,74
1146,5112,Hardik,Lakers,australia,32,femal,Rahul Dravid,Football,27-06-2022,-1810,,1014767,79,0,2,1,45450,16798,Delhi,,Win,,,83267,upi,,115,14,user@yahoo,12345,654,67
1184,5049,Messi,KKR,India,31,Other,,basktball,26-02-2020,286,1511,794977,191,4,0,3,21936,,,,Win,,5,81138,,,14,20,,,1078,29
1196,5011,Joe Root,,india,21,Male,,Basketball,22-05-2022,,366,,63,1,9,3,,,Chennai,Sunny,Lose,6,2,81695,cash,2030,,6,abc@gmail.com,,3074,71
1130,5088,Ronaldo,Barcelona,India,27,Male,John Smith,footbal,11-02-2022,777,2489,1199646,189,9,2,3,1943,3354,Kolkata, ,,,,81586,credit card,,65,4,,,1355,90
1000,5187, Virat,,Sri Lanka,35,Male,John Smith,footbal,05-05-2021,4044,1506,,67,9,5,0,,,Bangalore, ,win ,9,,84513,netbanking,4425,,29,user@yahoo,,1458,8
1057,5153,Messi,MI,sri lanka,47,Female,Rahul Dravid,Cricket,14-04-2020,,1906,1406223,91,3,2,3,10037,,Bangalore,,Draw,,5,82331,cash,,3,14,abc@gmail.com,12345,3282,43
1123,5111,Joe Root,RCB,Australia,45,mal, ,Basketball,11-06-2020,903,,,124,0,4,3,,, ,rainy, lose,,,84680,upiid,10220,,29,,12345,4912,35
1165,5077,Rohit ,RCB,,66,female,,Basketball,24-09-2021,5316,-145,1361830,170,6,8,4,,,,,Draw,,6,82669,netbanking,,,13,user@yahoo,12345,4756,110
1014,5168,Messi,Barcelona,England,38,femal,None, ,04-03-2022,,-437,1447066,79,7,6,0,,12103,, ,Win,,0,82268,creadit card,,,23,user@yahoo,9999999999,4695,22
1161,5163, Virat,RCB,england,48,mal, ,,12-05-2023,-1571,,1071212,58,4,1,2,,,,rainy,DRAW,4.2,0,82056,netbanking,16833,104,23,abc@gmail.com,,919,66
1188,5120,,CSK,Sri Lanka,47,Mle,John Smith,basktball,09-12-2023,,1948,7627,179,1,0,2,,10723,Chennai,rainy,Win,2,,84927,credit card,,,2,,,1746,102
1162,5022,Messi,Lakers,australia,45,Male,,Cricket,,-1707,,,96,7,6,5,8149,, ,rainy,win ,1.9,6,82422,creadit card,,,4,abc@gmail.com,9876543210,1758,149
1063,5170,Smith,KKR,Australia,10,Other,None,Tennis,05-09-2022,5756,,,18,0,3,4,56042,11349,Mumbai, ,DRAW,8.6,,84629,creadit card,,,11,xyz@,,1831,94
1024,5133,Smith,,India,51,male,Rahul Dravid,basktball,13-01-2020,,1843,-8547,148,6,6,1,,,Chennai,Rainy,DRAW,,,83486,upiid,4840,,19,,,1171,199
1023,5196,Rohit ,,India,39,female,, ,06-02-2022,,,,21,0,5,5,53655,5512, ,Cloudy,win ,,,82749,upi,,,13,,9999999999,3278,95
1011,5170,Bumrah,KKR,India,,male,None,footbal,06-09-2020,,367,1405855,8,5,6,2,,,Delhi,Rainy,win ,3,,84041, ,16093,44,29,,,359,169
1017,5024,Dhoni,Barcelona,Australia,10,Mle,,,09-01-2023,,1266,,8,5,3,0,8689,5545,,,win ,1.7,6,82824,upi,-877,77,4,xyz@,12345,3810,41
1014,5017,Smith,CSK,sri lanka,39,Other,,Basketball,15-07-2021,,450,,26,4,2,1,,,Bangalore,,,,,81405,upi,8578,,23,,12345,1440,177
1026,5189,Dhoni,MI,,28,male,,Basketball,23-04-2021,,2943,,16,1,4,3,,4074,Chennai,Rainy,DRAW,,6,81886,netbanking,-324,,3,,12345,2919,4
1071,5140,Dhoni,Barcelona,england,30,male,John Smith,Football,26-01-2024,4991,727,,171,1,2,0,14041,2620,Kolkata,Rainy,Lose,1.6,,82987,creadit card,12081,27,20,xyz@,,1719,98
1059,5042, ,KKR,,9,femal, ,basktball,20-08-2022,,1756,842281,44,8,2,1,,,Chennai,Rainy,,3,,83575,upi,9746,2,15,,,3253,193
1173,5077,Rohit ,MI,,24,Mle, ,Cricket,12-06-2021,5720,,1497582,7,4,3,2,,,Delhi,Rainy,DRAW,,,84542,netbanking,,116,6,,,555,10
1144,5027, Virat,,India,52,Male,,Tennis,05-12-2023,,1439,,145,4,7,5,,, , ,Lose,,,82727,creadit card,15719,,2,user@yahoo,,1233,94
1092,5145,Rohit ,Lakers,sri lanka,38,Male, ,Football,05-12-2023,,-449,,124,6,1,3,20421,6053,Mumbai, ,DRAW,,6,84720, ,,63,28,,,3920,67
1052,5058,Bumrah,CSK,Sri Lanka,63,Female,None,footbal,13-04-2023,,1470,,122,5,3,3,,,Bangalore, ,Win,,1,81863,upi,,63,21,,9876543210,4039,138
1007,5187,Joe Root,Lakers,India,59,Other,,Football,22-11-2020,330,1509,,32,1,2,0,56128,3417,Delhi, , lose,9.7,2,82353,upiid,3036,78,24,xyz@,,2297,73
1078,5062,Smith,MI,england,32,male,,,18-02-2020,2902,,1030360,0,0,6,5,28381,,Delhi,,,,,82896,upiid,10760,78,26,,9876543210,1535,145
1026,5184,Hardik,Lakers,england,56,male, ,,08-09-2020,2067,,,5,4,1,3,,,,Rainy,Win,,,84827,netbanking,17357,10,3,,9876543210,4058,195
1173,5091, ,,INDIA,42,Mle, ,Cricket,17-09-2023,2244,,,40,3,0,1,23563,5382,Mumbai,Cloudy,Win,,5,82501, ,,94,19,abc@gmail.com,,3302,53
1049,5178,Hardik,Barcelona,england,57,Other,Rahul Dravid,basktball,13-07-2021,-601,,581548,182,2,9,4,257,,Mumbai,rainy,Win,,,80937,cash,,60,21,abc@gmail.com,9876543210,909,163
1198,5055,Ronaldo,MI,england,14,female, , ,20-12-2021,1753,1061,-4525,4,1,0,2,34439,,Delhi,Rainy,Win,,,82080,upi,,38,5,xyz@,,1961,4
1130,5154, Virat,Lakers,sri lanka,35,Female,John Smith,basktball,16-09-2022,4246,,247613,186,9,5,0,,,,rainy,DRAW,,7,81755,cash,,,2,xyz@,9999999999,11,68
1092,5159,Bumrah,Barcelona,INDIA,52,male,, ,27-09-2023,,2866,,79,1,2,5,42574,,Delhi, ,Lose,2.3,3,83390, ,,38,29,abc@gmail.com,9999999999,979,113
1191,5110,Joe Root,MI,india,45,mal,None,footbal,09-08-2022,2421,2263,,17,3,6,4,16967,13348,, ,,4.8,4,81216,creadit card,-521,,0,,9876543210,272,96
1171,5136,Bumrah,Barcelona,Sri Lanka,47,Female,None,footbal,15-01-2020,5014,,,176,1,7,4,57444,,,Rainy,win ,4.2,,81203,netbanking,,,2,user@yahoo,,4583,102
1180,5067, Virat,MI,india,64,mal,Rahul Dravid,Football,21-04-2023,-1053,,,81,3,4,0,,,Mumbai,rainy,Draw,,,81890,creadit card,,76,23,abc@gmail.com,12345,1997,139
1023,5045,Rohit ,Lakers,,30,femal,John Smith,basktball,21-07-2020,40,-155,383749,64,2,4,1,55836,,,Sunny,Draw,4.7,,83031,,,85,7,xyz@,,4633,44
1059,5066,Joe Root,Lakers,England,68,Male,John Smith, ,27-09-2021,4571,,237420,82,8,1,5,,,Bangalore,Sunny,Lose,,,80390,creadit card,,61,15,user@yahoo,12345,1688,119
1121,5153,Ronaldo,MI,England,,Other,Rahul Dravid,Tennis,03-10-2022,2118,1069,,181,6,7,2,514,8546,Bangalore,,Draw,8.1,6,82511, ,,62,21,abc@gmail.com,9876543210,1595,188
1130,5135,,CSK,Australia,51,Female,,Basketball,10-07-2022,4939,,,188,2,9,0,,,Kolkata,Sunny,Win,,6,82977,creadit card,,,6,user@yahoo,,3242,198
1147,5005, ,RCB,England,39,Male,,basktball,01-02-2022,106,,1254109,135,7,0,5,45556,,Bangalore,,Win,1.3,,83746,cash,19671,,17,user@yahoo,,4683,190
1045,5023,Dhoni,Barcelona,england,9,femal,Rahul Dravid, ,27-02-2022,,,,130,8,9,4,24404,,,, lose,7.8,,80098,upiid,,,8,xyz@,9999999999,1715,110
1014,5175, Virat,Barcelona,India,32,Male,John Smith,basktball,18-03-2022,-1922,-52,,24,6,8,4,,,Chennai, ,DRAW,8,1,82195, ,18351,,2,,9876543210,4338,160
1152,5093, Virat,RCB,Australia,10,Female,,basktball,18-01-2020,,,,68,5,0,0,,19066,Delhi,Rainy, lose,,,84665,credit card,7391,118,17,user@yahoo,9999999999,1201,46
1198,5172,Dhoni,MI,Australia,69,Female,John Smith,Basketball,01-12-2021,,,,182,3,0,5,51619,5636,,,DRAW,2.4,,84822,netbanking,,,15,xyz@,12345,2845,23
1016,5012, ,Lakers,india,39,femal,John Smith,Cricket,12-05-2023,,1886,,167,4,0,4,,1633,Kolkata,,,,5,81001,upi,14571,,20,user@yahoo,,256,106
1125,5196,Hardik,KKR,,56,Male,,footbal,18-10-2021,,,,81,7,6,0,26160,,Delhi,,Lose,3.4,5,81570,upiid,,,0,,,309,165
1083,5024,Rohit ,RCB,India,65,male,Rahul Dravid,Tennis,05-12-2023,1265,,640261,177,2,3,0,18148,,Bangalore,Sunny,,,0,84398,credit card,,,20,xyz@,,2563,126
1008,5147,,,Australia,13,Other,John Smith,basktball,,2608,,348686,116,1,6,2,,12331,, ,win ,,,83629,netbanking,,,25,abc@gmail.com,,3417,90
1165,5117,Hardik,CSK,england,38,Female, ,basktball,29-11-2022,,,,94,2,4,0,,15853,,rainy,,,,81063,,,,19,,,1088,98
1175,5081, ,MI,sri lanka,24,Female,Rahul Dravid,Football,,,2013,267606,32,6,6,5,,5790,Mumbai,Sunny, lose,,,80638,upiid,,,15,,9999999999,4731,75
1187,5110,Joe Root,CSK,,42,femal,,Cricket,21-10-2020,177,2591,646189,110,7,9,5,25658,,,Cloudy,DRAW,8.9,4,82742,,5957,81,11,user@yahoo,12345,4892,114
1062,5081,Smith,MI,India,13,male,,Basketball,18-07-2021,299,,,145,0,6,4,6525,902, ,Cloudy,Lose,,,81142,upi,7952,,5,abc@gmail.com,9876543210,1176,186
1116,5065,Bumrah,CSK,India,13,mal,Rahul Dravid,footbal,,,,-8468,124,6,3,3,,,Bangalore,Cloudy, lose,,6,82120,,13706,,27,,12345,3097,120
1129,5044,Ronaldo,Barcelona,Australia,23,Female,John Smith, ,08-02-2023,,,365649,184,8,1,2,31412,,Chennai,,,5.4,,80551,netbanking,13630,,20,,9999999999,3230,85
1087,5113,Rohit ,CSK,India,54,Male,,footbal,,3877,1634,,15,2,7,5,,,Mumbai,Sunny,,5.4,,83275,netbanking,,106,8,user@yahoo,,1724,43
1071,5174, ,RCB,india,61,femal,John Smith,Tennis,,1556,602,1347198,79,2,1,4,,7118,Chennai,,Win,,,80976,netbanking,,67,20,abc@gmail.com,,2628,88
1138,5062,Messi,CSK,India,53,female,Rahul Dravid,Football,23-10-2023,-975,2361,464270,37,7,8,4,45728,7042,Bangalore,rainy, lose,2.9,,84191,upi,,,12,,,4174,143
1063,5075,Joe Root,CSK,INDIA,48,Other,John Smith,,05-11-2023,,,1324040,168,3,4,2,,,Bangalore,,Draw,,,83350,upiid,2105,,23,abc@gmail.com,,3299,195
1071,5113, ,Lakers,Sri Lanka,67,Male,,,12-05-2023,,,476624,134,7,8,2,,3151, , , lose,1.9,,83214,creadit card,7067,41,11,xyz@,,1350,130
1020,5110,Ronaldo,MI,INDIA,14,male,,basktball,12-05-2023,-1143,,952984,77,4,8,4,,787,Bangalore,,DRAW,,3,83547,upiid,12169,,12,abc@gmail.com,,619,199
1017,5182,Smith,Barcelona,australia,37,female,, ,03-06-2022,,,,180,2,7,3,49938,15807,Chennai,,win ,,,82931,,,88,17,abc@gmail.com,9999999999,2548,133
1063,5146,,Lakers,India,32,Male,None, ,05-12-2023,4394,778,,62,3,7,1,,11585,,Rainy, lose,,,84069,netbanking,4989,,18,xyz@,,1378,181
1081,5034,,RCB,England,55,Male, ,basktball,28-06-2020,,,,111,3,3,4,,7091,,Rainy,win ,9,,83985,credit card,11688,67,18,xyz@,,4058,173
1109,5052, Virat,CSK,England,29,Other,Rahul Dravid,Football,,-1842,,562502,88,7,3,2,49896,,Chennai, ,Win,,5,84141,cash,10183,102,18,user@yahoo,,977,104
1094,5025,Hardik,,,23,Female,Rahul Dravid,footbal,23-01-2021,,,1180300,159,5,1,0,21599,19195,, ,,,6,80345,cash,,,5,xyz@,9876543210,1537,93
1165,5013,Messi,MI,,46,mal, ,Football,04-05-2021,,,,37,6,3,0,17017,,Chennai,,,4,,84942,netbanking,,,15,,9999999999,3772,41
1031,5117, Virat,MI,Australia,,femal,,footbal,,,,,149,8,3,2,4619,,Chennai,Sunny,DRAW,1.2,3,82942, ,11186,,6,user@yahoo,12345,3578,191
1010,5044,Hardik,,australia,38,Male, ,Tennis,,2790,-289,,143,5,5,2,,,Bangalore,Sunny,win ,6.1,7,81076,netbanking,5713,,6,,,2533,32
1044,5171,Hardik,Lakers,INDIA,10,Male,,Football,07-11-2022,5396,1415,1295550,51,2,2,1,47732,12289,Chennai,,Lose,,,81171,netbanking,,,27,xyz@,9876543210,477,106
1032,5192,Hardik,Lakers,,28,Other,,footbal,05-12-2023,,1958,347551,28,2,1,5,,,Mumbai,Sunny,DRAW,9.1,2,83770,upi,,,22,user@yahoo,9999999999,3654,2
1101,5050,Hardik,CSK,england,27,Mle,Rahul Dravid,Cricket,25-12-2022,,2538,59562,143,2,7,2,15556,5266,Mumbai,Rainy, lose,,6,83161,upi,16031,8,27,abc@gmail.com,9876543210,1894,10
1168,5170,Hardik,Lakers,Sri Lanka,43,Female,Rahul Dravid,Basketball,16-10-2021,,,1360078,75,9,1,0,,,Bangalore,Cloudy,,,,80232,netbanking,17196,,18,xyz@,9876543210,2380,171
1135,5118,Rohit ,Barcelona,,57,Mle,None,Tennis,29-12-2021,5156,272,,144,1,7,3,,1575,Chennai,,Win,,,83798,,9322,,15,abc@gmail.com,9999999999,1632,119
1010,5150,Ronaldo,KKR,india,53,femal,John Smith,Tennis,04-12-2021,4961,1145,1409019,63,0,6,2,,5848,,Rainy,,,,84146,creadit card,,61,16,xyz@,,2040,171
1178,5183,Dhoni,MI,,62,Mle,None,footbal,,,930,441242,90,9,2,1,54284,3631,Bangalore,rainy,DRAW,1.3,,84760,credit card,16160,,21,user@yahoo,,1565,101
1087,5018,Rohit ,CSK,india,36,female,John Smith,basktball,02-06-2021,,,,88,0,5,3,20545,9835,Kolkata,Cloudy,Win,,0,83907, ,-722,27,18,,9999999999,4125,110
1040,5081,,CSK,india,21,male,None,,07-12-2022,-442,235,191843,12,3,5,1,,,Chennai, , lose,6.5,,83699, ,,,15,,9999999999,4822,67
1144,5075,Ronaldo,KKR,australia,47,Other,John Smith,Tennis,12-05-2023,2360,588,,71,2,9,3,41409,,Delhi,Cloudy,win ,9.7,,80450,upi,-839,77,28,,,4268,23
1075,5182,Messi,CSK,sri lanka,34,mal,Rahul Dravid,Football,23-01-2023,-557,886,,183,4,4,2,10433,13384,Kolkata,Sunny,Win,,0,81362,cash,18145,20,15,,,2839,98
1120,5091,Bumrah,CSK,Australia,14,female,None,Tennis,30-12-2023,,,,4,8,7,0,,8386,,Rainy,Draw,9.6,3,80350,,,28,18,user@yahoo,9999999999,467,97
1045,5187,Rohit ,Lakers,Sri Lanka,8,mal, ,footbal,03-11-2021,,,234163,11,7,4,3,,4344,Mumbai,,,,2,82696,cash,16612,65,14,,9999999999,3547,188
1159,5186,Messi,Lakers,England,51,femal,,Tennis,18-05-2022,1363,1222,,168,8,6,4,9431,,, ,Win,,1,81308,creadit card,18084,,2,user@yahoo,9876543210,1975,6
1079,5032, Virat,Barcelona,Australia,16,male, ,Basketball,21-05-2021,,2850,,2,4,5,5,57423,,,rainy,Lose,,,84004,cash,,106,14,abc@gmail.com,,3388,13
1053,5146,Messi,Lakers,Sri Lanka,45,Mle, ,Football,16-01-2023,,,554904,32,7,6,1,6852,,Chennai,,,,,82925, ,,90,24,,,4220,21
1085,5027,Joe Root,MI,australia,63,Mle,, ,26-12-2023,-167,2230,765649,120,3,8,3,28623,8628,Chennai,,Draw,,,84678,cash,696,,27,,,2743,58
1091,5122,,Barcelona,England,51,Other,Rahul Dravid,Tennis,22-09-2023,,,239780,49,4,2,1,,12281,Bangalore,Rainy,DRAW,5.7,2,80244, ,17269,,15,abc@gmail.com,9999999999,2574,120
1147,5179,,RCB,sri lanka,57,Female,Rahul Dravid,Tennis,29-12-2022,5405,,360971,183,2,9,0,,428,Bangalore,,win ,1.8,,84645,upi,,,19,user@yahoo,9999999999,1419,156
1160,5125, Virat,RCB,australia,9,mal,John Smith,Cricket,29-10-2023,1094,-50,582880,136,4,6,1,8987,,Delhi,Cloudy,,7.4,,84823,,2415,,4,abc@gmail.com,,1877,120
1167,5176, ,KKR,,67,Female,,basktball,,3082,,450494,177,2,9,1,44886,,Bangalore,,Draw,,,84734,credit card,15291,22,18,,9999999999,1026,198
1159,5036,Messi,CSK,Australia,40,male,,Football,09-04-2023,,97,,28,4,2,4,,10122, , ,Draw,,,84679,upi,11083,,9,,9876543210,4631,136
1096,5153,Smith,,sri lanka,36,Other,Rahul Dravid,Basketball,04-06-2022,,,109464,38,4,1,1,,12430,Kolkata,Sunny,Draw,,,82273,upi,10412,102,12,user@yahoo,9999999999,600,77
1001,5098,Rohit ,,australia,12,female,None,,19-05-2023,,,33497,90,5,6,3,39195,,Kolkata, ,Lose,,5,80440,credit card,,0,14,,9876543210,3592,98
1032,5097,Messi,Lakers,England,40,Mle,,Tennis,12-12-2023,,1946,493198,99,8,3,1,5106,16032,Chennai,, lose,5.9,,83545,creadit card,15155,,11,user@yahoo,9999999999,987,58
1157,5126,Hardik,,sri lanka,19,Female,,Tennis,16-03-2022,,2055,388316,172,0,0,2,,16857,,Cloudy,Draw,6,,81467,upiid,,53,16,,9999999999,605,168
1160,5167,Messi,,sri lanka,37,female,,Football,04-01-2023,4174,,1492524,16,9,5,1,,,Bangalore,rainy,Draw,,,80411, ,,106,14,,9876543210,2747,86
1076,5079,,KKR,india,25,Female, ,,11-01-2022,-1143,,435681,55,5,5,2,,,,Sunny,DRAW,,6,80813,credit card,18062,78,27,,9876543210,138,1
1115,5037,Smith,KKR,India,52,Male, , ,23-04-2023,,,,45,0,5,5,18911,3694,Kolkata,Cloudy,Win,6.6,,84341,upi,9435,,3,xyz@,12345,2057,77
1153,5076,,Lakers,England,44,Mle,Rahul Dravid,Tennis,02-03-2023,-528,340,1043843,66,5,1,1,,,Mumbai,,DRAW,9.8,,84678, ,17849,80,14,abc@gmail.com,12345,3586,193
1149,5125,Dhoni,CSK,england,32,femal,None,Basketball,09-04-2020,-1894,,573749,196,1,0,5,33507,,, ,Win,,,81730, ,9183,69,16,,,4225,10
1102,5086,Dhoni,MI,,59,Male, ,footbal,25-09-2020,338,,1017900,141,7,2,1,,,Mumbai,rainy, lose,,,81974,netbanking,,96,26,,,4496,188
1193,5053,,MI,Sri Lanka,67,male,John Smith,footbal,09-10-2022,,1747,644681,66,2,1,3,49616,15190, ,Rainy,Win,,4,80549,,,,10,,,1244,69
1165,5149,Smith,CSK,australia,42,femal,,Football,29-04-2020,,641,340845,22,9,5,2,52212,,,,Draw,,7,81937,creadit card,7762,62,22,user@yahoo,,641,148
1102,5015,Smith,Barcelona,india,49,mal,,footbal,02-10-2021,-714,-139,,93,5,5,5,,,,rainy,Lose,,0,80203,credit card,,43,22,,9876543210,436,62
1089,5027, Virat,,Australia,54,female,Rahul Dravid,basktball,17-09-2020,,,1275216,188,5,4,5,,,,Sunny,win ,,6,84446,upi,,,14,,9999999999,1423,13
1173,5162,Dhoni,KKR,INDIA,11,male,,Football,12-05-2023,3934,580,803265,150,3,9,2,,,Chennai,,win ,,,84414,,18250,114,19,,,1136,186
1121,5187,Rohit ,CSK,sri lanka,24,Female,,Cricket,05-12-2023,599,2631,89905,154,4,9,4,,,,Sunny,Win,,4,83588,netbanking,-557,89,20,user@yahoo,9999999999,3721,165
1142,5172,Bumrah,,Australia,45,Other,None,Cricket,05-12-2023,4467,2366,,53,1,4,1,,19234,,Rainy,Win,2.1,,82536, ,,92,25,,9999999999,3289,10
1105,5045,Joe Root,MI,australia,15,Mle,None,footbal,17-03-2023,,1821,449058,137,9,8,1,13794,6209,Chennai,Cloudy,Win,,,80106,upi,7143,25,6,,,57,3
1118,5071,Rohit ,RCB,sri lanka,52,female,,Football,21-12-2021,,-21,172585,76,9,4,3,,16964,Bangalore,,DRAW,5.8,,83811,credit card,11284,,12,abc@gmail.com,,1136,162
1171,5182,Joe Root,CSK,Australia,41,femal,None,basktball,16-09-2021,4022,,,15,7,9,4,17635,10484,Chennai,,win ,,,82701,cash,11699,,21,xyz@,9876543210,699,34
1048,5084,Rohit ,CSK,india,39,Other,None,,04-05-2022,,515,,40,9,5,4,,13748,, , lose,,3,83897,upi,,,12,abc@gmail.com,,1145,158
1103,5025,Messi,Lakers,England,19,Mle,,footbal,,-1638,,1369045,97,6,3,3,,7456,,Cloudy, lose,,7,82219,upi,11465,99,19,,,2455,165
1060,5084,Bumrah,,INDIA,65,female,,basktball,20-05-2022,,,1368358,182,9,9,5,23361,13638, ,, lose,1.8,6,83936, ,16224,,19,,,1108,196
1194,5152,Hardik,KKR,India,36,femal,,Basketball,27-04-2021,,463,595090,127,5,0,2,,3369,Bangalore, ,Lose,,,84090,credit card,11703,11,1,,9876543210,4495,34
1122,5064,Ronaldo,MI,Australia,26,male,Rahul Dravid,Basketball,23-12-2021,,,,60,6,3,5,,19474,Mumbai,Rainy,Draw,9.4,7,80957,upiid,,89,9,,9999999999,107,160
1133,5133,Hardik,MI,Sri Lanka,62,mal,John Smith,basktball,05-12-2023,,,,85,0,1,0,52032,,Mumbai, ,Win,,,82575,creadit card,3253,,17,xyz@,9876543210,1984,85
1008,5150,Dhoni,KKR,,18,Male,,Basketball,23-02-2022,2112,,1422172,117,4,9,3,17522,1134, ,,,,,82367, ,,,27,xyz@,12345,4247,58
1005,5114,Bumrah,CSK,Sri Lanka,10,mal,,Football,07-01-2023,,-172,,99,6,2,2,,8373, ,rainy, lose,,,81060, ,,,19,abc@gmail.com,9999999999,905,105
1072,5063,Rohit ,MI,india,26,Mle, ,Tennis,26-04-2021,,,1251698,48,0,6,5,,,Bangalore,Sunny,win ,,3,82546,creadit card,6992,12,4,,12345,4945,152
1102,5086,,KKR,India,46,mal,, ,03-10-2021,,,,179,1,6,5,,, ,, lose,,5,83736,cash,2644,31,19,,12345,1992,9
1159,5170,Joe Root,MI,Sri Lanka,29,Male, ,footbal,15-12-2022,953,834,486576,1,8,0,4,26789,,Mumbai,rainy,Lose,3,6,83766,creadit card,573,114,29,xyz@,9999999999,4122,41
1040,5106,Bumrah,CSK,India,35,mal,Rahul Dravid,Cricket,05-12-2023,4188,1343,1373699,119,2,7,3,30568,15235,Delhi,Cloudy,Lose,,2,81672,upiid,2809,,18,,9999999999,4214,152
1113,5150,Messi,KKR,australia,15,Other,,Football,05-05-2020,,,1226939,177,5,6,0,,11679, ,Sunny,win ,6.6,0,80401,netbanking,13225,,26,abc@gmail.com,12345,4818,25
1007,5095,Rohit ,Lakers,australia,51,female,Rahul Dravid,Basketball,01-09-2021,52,,,122,6,0,1,4134,10458,Bangalore,Sunny,Draw,9,4,80601,,5152,11,1,,9876543210,2147,36
1071,5157,,RCB,,17,female,None,Football,10-04-2020,,1872,559564,85,8,7,3,,,Bangalore,rainy,Draw,5.4,,82999,credit card,4751,,3,user@yahoo,,4098,8
1177,5076,Messi,Barcelona,england,69,Mle,,Tennis,14-05-2023,,2127,,170,4,1,0,40620,5958,Chennai,rainy,Win,,7,84313,,12049,,29,xyz@,,805,126
1091,5145,Bumrah,,australia,61,Mle,,Basketball,12-01-2021,,,,76,3,7,0,31178,16026,Kolkata,Rainy,DRAW,,,84281, ,,,15,,12345,1992,114
1061,5086, Virat,CSK,india,12,female,Rahul Dravid, ,03-08-2023,-1855,,88731,135,1,2,3,25584,,,rainy,Draw,3.1,,83452,netbanking,19574,71,26,,,3600,105
1083,5148,Messi,MI,India,20,Mle,John Smith,footbal,11-08-2022,,1686,,58,2,9,2,58986,16614,Mumbai,Rainy,,,1,83634,upiid,14966,19,20,,9999999999,4399,93
1061,5056,Ronaldo,CSK,australia,38,male,John Smith,basktball,09-01-2020,-414,,210028,192,4,6,3,,6362,Delhi,Rainy,Lose,,3,80287,,,55,15,,9876543210,4272,89
1110,5102,Ronaldo,CSK,,39,femal,None,Football,25-06-2020,,,612597,11,1,5,5,58711,19191,Bangalore,,win ,3.3,1,80087,upi,,,16,abc@gmail.com,9999999999,4010,187
1126,5150,Dhoni,RCB,england,23,female,,Football,16-08-2022,,-298,,3,3,4,4,,3078,Delhi, ,Win,,,82205,creadit card,,20,14,abc@gmail.com,,83,163
1006,5090,Ronaldo,CSK,Sri Lanka,8,mal, ,basktball,22-12-2020,2937,1991,,116,0,9,5,,3699,,Rainy,Win,9,6,82967,credit card,18376,,12,,12345,4358,38
1083,5044,Messi,,India,32,Mle,John Smith,,13-11-2023,2285,-363,777838,94,3,1,0,18642,,,Rainy,Lose,2.5,,84250, ,5452,74,0,xyz@,,3320,92
1131,5171,Smith,MI,england,57,mal,None,Football,28-09-2022,,,1338222,124,6,1,0,,,Delhi,,Draw,,,83534,credit card,,104,21,user@yahoo,12345,2505,119
1133,5087,Dhoni,Lakers,england,55,male,,footbal,29-09-2022,,1141,1300722,40,2,0,1,,16430,Mumbai, ,DRAW,4.6,,80219,netbanking,1359,,4,,9999999999,2456,160
1057,5114,Dhoni,MI,Sri Lanka,59,Male,,footbal,21-06-2022,-1644,1969,1272170,122,9,8,0,35091,16122,,rainy,win ,,,81482,,,94,26,abc@gmail.com,9999999999,3062,101
1021,5046,Messi,KKR,India,49,femal,,Football,27-06-2022,,270,1305142,6,7,7,1,23520,,Delhi, ,win ,2.6,,83238,creadit card,12741,,19,abc@gmail.com,,3852,113
1153,5167,Hardik,CSK,Australia,65,femal,,Tennis,22-11-2021,,,,68,5,7,0,37747,,,rainy,win ,1.7,,80321, ,1971,,0,,12345,4897,179
1126,5178,Bumrah,Lakers,Australia,19,Male, ,Tennis,06-08-2020,-156,1427,,68,5,0,0,,11621,,,Lose,5.4,2,82738,credit card,,,11,user@yahoo,,4990,28
1002,5169, Virat,CSK,england,57,Other,,Tennis,03-01-2021,3630,,751924,80,0,4,3,19067,,,,Draw,,5,84936, ,10391,113,29,user@yahoo,12345,4968,184
1126,5134,Ronaldo,RCB,INDIA,32,Other, ,footbal,04-08-2020,5092,679,1339206,29,4,5,3,37403,17177,,,Win,1,,81836,creadit card,12699,2,22,,,387,99
1040,5049, Virat,KKR,,10,Mle, ,Cricket,03-04-2023,822,2622,,72,2,1,4,4100,, ,Sunny,Draw,3.2,7,82559, ,9339,56,14,abc@gmail.com,9876543210,2003,136
1187,5175,Ronaldo,CSK,england,27,Male,None,Football,18-09-2020,,2398,,5,9,9,5,,10891,Delhi,Sunny,Lose,,,81568,upiid,2686,42,3,,,1031,41
1105,5083, ,RCB,sri lanka,19,mal,,Tennis,,,,1318167,88,0,4,2,,6174,Chennai,Rainy,Draw,5.9,0,82322,cash,14642,117,18,abc@gmail.com,9876543210,1540,118
1013,5090,Smith,CSK,India,22,femal,John Smith,footbal,21-05-2020,5307,,,146,7,5,4,33556,14137,Kolkata,Sunny,Win,,0,84720, ,,106,29,xyz@,12345,449,23
1011,5133,Hardik,RCB,,29,Other,,Cricket,20-07-2020,3062,1809,,65,6,8,0,,,,,Draw,1.6,1,82963,,13397,,15,xyz@,,3547,182
1086,5090,Bumrah,MI,australia,63,femal,Rahul Dravid,footbal,31-03-2021,,,,9,6,9,4,13145,7772,,, lose,5.9,1,80352,upi,,72,22,,12345,4437,23
1011,5136,Messi,KKR,India,51,femal,None,Cricket,13-06-2022,,639,1277835,143,9,0,3,13979,, ,, lose,,,81028,upiid,,,17,,12345,1096,32
1140,5108, Virat,CSK,sri lanka,45,Female, ,basktball,10-01-2023,,1613,,36,9,9,5,11845,, ,Rainy,Win,,2,84570,netbanking,3333,40,25,user@yahoo,,859,138
1024,5056, Virat,MI,England,62,femal,Rahul Dravid,basktball,07-11-2021,5731,,130444,76,9,2,0,56800,2369,Chennai,Rainy,win ,9,6,82009,cash,14491,,16,abc@gmail.com,9876543210,301,81
1044,5030,Messi,KKR,India,39,mal, ,Cricket,03-07-2022,,1332,,76,3,8,0,,, ,rainy, lose,,0,80927,upiid,2242,75,10,,12345,2019,163
1121,5020,,RCB,,22,male,, ,03-03-2023,-1492,-265,548447,31,5,0,4,49886,,Mumbai,Cloudy,DRAW,,,80029,cash,9064,,19,user@yahoo,9876543210,880,99
1146,5089,Bumrah,Barcelona,England,53,female,, ,,5471,,183257,46,8,0,5,,,Delhi, ,win ,,,82540,credit card,,,12,,,2281,63
1054,5039,Bumrah,CSK,australia,36,male,Rahul Dravid,Football,28-03-2021,,1013,,109,2,0,1,19857,17114,Delhi,,win ,,,83819,netbanking,,48,23,,,4161,195
1099,5111,Dhoni,RCB,,59,Male,,Football,,,,,199,8,6,2,,18018, ,,,,,80494,creadit card,,38,28,,9876543210,229,36
1172,5044, ,CSK,Australia,52,Male,John Smith,Cricket,12-05-2023,-1423,1979,,170,3,4,5,42050,8543,Kolkata,Cloudy,win ,,,84483,,,12,21,xyz@,,921,93
1135,5076,Ronaldo,Barcelona,India,68,femal,None,,11-05-2021,2965,2898,403921,119,4,5,4,,,Chennai,,Win,,6,80872,cash,,,8,,12345,1832,177
1118,5176,Smith,,England,66,femal,Rahul Dravid,Tennis,07-10-2021,,,1340253,163,6,7,4,51073,4296,Kolkata,,Draw,,,80834,upiid,13496,,16,xyz@,9876543210,50,46
1052,5086,Dhoni,,,15,Female, ,basktball,12-08-2021,,844,,153,5,1,2,52684,14647, ,Rainy,Draw,8.2,4,83324,cash,15405,,16,abc@gmail.com,12345,3678,27
1182,5147,Messi,Lakers,england,14,Male,None,Tennis,,4173,,,9,9,1,0,,1280,Chennai,, lose,5.1,6,80629, ,,,26,xyz@,,4482,159
1031,5100,Dhoni,KKR,england,18,Other,,Tennis,11-10-2023,2161,,1380156,158,7,2,0,,,,rainy,DRAW,,,82986,,8974,111,4,,12345,3781,162
1050,5116,Rohit ,CSK,India,16,Mle,John Smith, ,12-05-2023,,,,96,7,2,1,,7263,Kolkata,,win ,5,,80029,,10016,24,21,,9876543210,752,76
1043,5091,Messi,RCB,india,16,Male,,,17-01-2024,2588,2419,,156,7,2,4,43636,19030,,Rainy,Lose,,,83782,upi,,,7,abc@gmail.com,,1478,101
1081,5144, ,KKR,sri lanka,55,Female,Rahul Dravid,,03-04-2020,,1932,,4,2,3,2,,17139, ,,Lose,,,80806, ,9494,95,2,user@yahoo,9876543210,2088,187
1197,5027,Ronaldo,,england,,female, ,footbal,29-05-2021,,,,76,9,2,4,2153,,Kolkata,Sunny,Draw,,5,81968,creadit card,,5,5,,,2993,182
1145,5168,Bumrah,CSK,,68,Female,,basktball,17-03-2021,,,222913,0,5,1,3,,,Mumbai,rainy,Draw,4.5,,83468,cash,,81,2,,12345,3795,194
1149,5193,,KKR,australia,46,Female,John Smith,Tennis,06-03-2021,,,107377,130,6,8,4,,,,, lose,,,83580,creadit card,12373,,7,,,3340,158
1036,5024,Rohit ,KKR,sri lanka,44,Female,,basktball,27-02-2023,,548,1436728,66,8,5,4,,6691,Mumbai,Cloudy,Win,1.1,,81960,,,113,11,abc@gmail.com,,2343,151
1095,5057, Virat,MI,Sri Lanka,9,Other,Rahul Dravid,Football,09-07-2020,-179,,,198,9,2,3,4749,4788,Delhi,Cloudy, lose,,3,84339,upi,18015,,26,abc@gmail.com,,1238,9
1055,5040,,RCB,england,36,mal,None,Basketball,,-1625,1589,585896,162,9,8,3,8660,6163,Kolkata,Rainy,DRAW,,,80220,,15314,,26,,,4520,183
1104,5133,,,,39,Female,Rahul Dravid,Football,07-08-2022,,2748,542254,14,3,3,2,,,Delhi,rainy,Lose,,1,81343,,,,3,,,2236,129
1058,5074,Ronaldo,CSK,,31,Male,,Basketball,12-05-2023,4767,,,194,4,3,0,,5323, ,rainy,,,,84626,creadit card,,62,1,user@yahoo,9876543210,4256,56
1130,5037,Messi,KKR,sri lanka,58,male, ,,21-10-2022,3327,1618,,92,7,7,1,17150,4881,,rainy,,,7,82262,,,101,27,,,2428,167
1155,5133,Hardik,CSK,australia,52,femal,Rahul Dravid,basktball,,,,,29,0,6,3,37054,2919,Mumbai,Sunny, lose,,1,82414,,10118,,24,,12345,4339,87
1034,5172,,,INDIA,35,Mle,,Tennis,,,,650446,102,5,6,0,11464,10177,Kolkata,Cloudy,Lose,7.8,7,82161,cash,9893,113,9,user@yahoo,9876543210,182,18
1188,5074,Smith,,england,9,Other,,Basketball,02-07-2022,,2387,,81,3,9,2,57379,,Kolkata,Sunny,win ,8.1,,84120,upiid,,60,14,user@yahoo,9999999999,543,42
1092,5141,Rohit ,,Sri Lanka,53,mal, ,Cricket,14-09-2022,736,220,885536,74,4,6,5,,8864,Chennai,, lose,4.1,0,82981,credit card,,,12,,9876543210,2826,111
1181,5065,Smith,,Australia,41,Male,,,23-03-2021,,,,170,4,9,4,,13346,Kolkata,,Draw,,,80857,credit card,2544,,23,xyz@,9876543210,92,73
1190,5167, ,RCB,INDIA,65,male,Rahul Dravid,basktball,22-03-2021,,-337,,59,1,4,2,,15106,Delhi, ,Draw,,7,84993,netbanking,,,14,xyz@,9876543210,2415,65
1096,5002,,MI,India,52,male,None,Football,,,,1067081,39,7,6,2,56450,2535, ,Sunny,Lose,,,80772,cash,,,21,abc@gmail.com,,4254,161
1134,5116,Dhoni,,australia,31,Male,Rahul Dravid,Football,25-09-2023,3840,2070,1286337,192,1,3,3,5316,,Bangalore,Sunny,Lose,2.5,,82492,upi,,2,18,xyz@,9999999999,2445,158
1075,5098,Rohit ,Barcelona,,48,mal, ,Cricket,14-10-2020,3343,,834530,156,3,7,1,,,,Rainy,Draw,,,80019,upiid,,,17,abc@gmail.com,12345,4533,133
1048,5151,Smith,KKR,australia,42,femal,,,18-05-2022,,26,,73,4,8,3,,19846, ,rainy, lose,9.4,1,80805,upiid,14405,82,12,,9876543210,4401,178
1093,5018, Virat,RCB,india,14,female,John Smith,Football,02-07-2022,-289,2442,1332418,120,0,2,4,,18426,Bangalore,Cloudy,Win,,,81380,upiid,909,12,19,,9876543210,3032,193
1158,5145,Joe Root,RCB,Australia,34,femal,,,27-01-2022,1187,,,146,5,6,3,,,Delhi,Rainy,,4.3,,82175,,,,19,abc@gmail.com,,1973,10
1185,5191,,Barcelona,sri lanka,38,Mle,Rahul Dravid,,05-12-2023,204,1675,1131942,2,1,9,4,30644,,,Cloudy,win ,,3,82405, ,,,0,user@yahoo,,3289,60
1188,5115,Messi,Lakers,australia,10,Female,,Football,24-09-2021,,-153,,35,4,8,3,,8047,Mumbai,,Win,5.4,,83363,netbanking,,,24,user@yahoo,9999999999,2376,155
1023,5124,Messi,MI,England,25,male,,Cricket,09-05-2021,,,,42,5,0,5,12122,,,rainy,,,3,83426,upiid,2311,49,15,,,4438,72
1147,5087,Ronaldo,KKR,,35,Male,,Cricket,30-07-2023,,,,142,7,1,1,21232,,Mumbai,Sunny,win ,,,80880, ,17322,55,25,,,3234,156
1036,5034, ,MI,england,43,Female,None,Basketball,05-12-2023,4262,,,168,8,6,5,,,Kolkata,Sunny,DRAW,9.1,4,83108, ,13852,54,7,,,1133,173
1003,5189,Rohit ,Barcelona,India,52,male,Rahul Dravid,Basketball,25-12-2021,,2986,1400203,114,5,1,0,,19683,Mumbai,rainy,DRAW,,1,81333,creadit card,,,22,,12345,3638,52
1107,5000, ,Lakers,,35,male,John Smith,basktball,04-10-2023,4017,1734,994471,108,4,6,1,21926,,,rainy, lose,8.3,,81684,netbanking,,,5,user@yahoo,,2397,194
1125,5152,Smith,RCB,australia,12,Other,John Smith,Basketball,06-08-2021,,,1199775,89,3,0,3,,,Delhi,Sunny,Win,2.6,,82964,upiid,19940,24,2,xyz@,12345,2773,62
1019,5172,,CSK,England,12,femal,John Smith,Football,15-11-2021,,774,,163,1,2,2,52732,2939,Bangalore,Cloudy,win ,,,81605,,4819,,19,xyz@,9999999999,4460,117
1187,5176,Dhoni,RCB,australia,13,femal,Rahul Dravid,,15-02-2021,3806,,1161523,83,1,4,0,39429,7091, , , lose,8.6,,82557,upi,,25,15,,12345,1920,125
1151,5125,Messi,CSK,,24,Male,Rahul Dravid,Basketball,10-10-2022,,,637702,76,6,5,2,13155,16860,Mumbai,Rainy,,4.2,3,80443,credit card,,,1,xyz@,9999999999,2062,60
1049,5088,Messi,,australia,64,Male, ,,19-05-2020,2164,2707,,160,4,8,5,26889,12093,Delhi,Rainy,Lose,6.8,1,82042, ,,41,22,xyz@,12345,2200,86
1176,5143,Dhoni,MI,,68,male,John Smith,Basketball,09-08-2020,,,733586,4,6,8,1,,2268,Mumbai, , lose,5.4,,80778, ,,,1,xyz@,,4627,168
1178,5146, Virat,Lakers,,50,mal,Rahul Dravid,Basketball,20-10-2022,3345,2197,,77,0,2,0,,1011,,rainy,DRAW,9.3,,83159,upiid,15718,113,29,xyz@,9999999999,3014,143
1095,5150, ,CSK,India,30,Male,John Smith,Football,05-01-2022,,,417010,90,0,7,5,31872,2628,,Cloudy,win ,7.4,,81746,credit card,19339,,14,abc@gmail.com,,3471,95
1104,5024,Smith,KKR,india,38,Female,Rahul Dravid, ,02-04-2023,,,1262319,86,4,3,3,30513,10904,Chennai,Cloudy,Draw,9.7,3,83940,netbanking,17977,,9,,12345,4950,7
1163,5015,Hardik,KKR,australia,33,femal, ,Tennis,26-01-2020,,,,13,1,6,2,,,Bangalore,Sunny,,1.8,,80420,upi,,,0,user@yahoo,,468,39
1116,5181,Messi,Lakers,,40,Female,Rahul Dravid,,13-04-2021,2321,1535,1039231,103,7,5,3,,8378,Bangalore,Sunny,Win,,0,81851,upi,,92,21,abc@gmail.com,9876543210,1344,179
1097,5072,Ronaldo,,,66,femal,,Basketball,06-10-2021,,,419058,195,2,7,4,,9805,Delhi,,Draw,2.8,1,82108,creadit card,,112,19,xyz@,12345,878,7
1065,5128,Messi,KKR,England,23,female, ,,20-03-2022,,,85671,82,0,5,0,,,Delhi,Cloudy,DRAW,,7,84674,,8285,,14,abc@gmail.com,9876543210,4462,140
1078,5041,,MI,australia,66,male,,,29-07-2023,,,,174,1,3,2,,,Delhi,,Lose,9.7,,83996,cash,9764,,23,,,3909,14
1161,5146,Bumrah,Lakers,INDIA,67,femal,Rahul Dravid,Basketball,05-12-2023,1883,,1421981,53,9,1,1,13580,12685,Kolkata,,Win,,2,81358,upi,12615,2,0,,12345,3807,34
1163,5161,Joe Root,CSK,Sri Lanka,64,Mle, ,Cricket,05-12-2023,,,,131,9,6,1,4726,,,rainy,Lose,9.1,,83910, ,-905,89,24,abc@gmail.com,9999999999,4736,122
1005,5079, Virat,,Sri Lanka,16,Other,None,footbal,08-02-2024,,,,94,6,3,1,,,Kolkata,Cloudy,Draw,2.6,1,82626, ,,6,21,abc@gmail.com,12345,4957,167
1038,5103,Rohit ,Lakers,India,15,femal, ,basktball,18-04-2023,,,688883,8,5,8,5,38937,12346,Mumbai,rainy,Draw,9.7,,82687,netbanking,6851,,15,xyz@,,2941,73
1169,5182,Smith,Lakers,Sri Lanka,9,Male,Rahul Dravid, ,09-02-2021,-1759,1849,,52,7,8,1,9224,18434,Kolkata,,Lose,,,84206,,17869,,29,xyz@,12345,3345,64
1114,5145,Dhoni,MI,India,18,Other,John Smith,Football,12-05-2023,,2961,515723,76,6,6,2,,14455,Delhi,Cloudy,DRAW,8.1,4,80490,upiid,,,17,abc@gmail.com,9876543210,588,97
1185,5033,Hardik,Lakers,Sri Lanka,13,Mle,None,Cricket,02-04-2020,4274,,,59,9,4,5,51913,,Mumbai, ,DRAW,,2,81295,netbanking,,97,23,user@yahoo,12345,3883,12
1124,5088,Ronaldo,RCB,India,44,Male,None,Cricket,29-05-2022,,-386,,45,7,2,4,,,,Cloudy,DRAW,,1,82081,cash,3938,90,4,,12345,1329,126
1011,5124,Hardik,Lakers,England,19,Other, ,Tennis,,511,,,53,2,2,1,,,Delhi,Rainy,Lose,3.4,,83371,,7444,62,20,abc@gmail.com,,91,34
1130,5044, Virat,KKR,Sri Lanka,50,Female,,footbal,04-04-2020,5357,,,73,5,8,1,,3964, ,Sunny,DRAW,,,82172,,,78,4,user@yahoo,9999999999,457,27
1017,5133,Bumrah,RCB,,20,Other, ,Basketball,23-09-2022,-1497,,519101,111,6,8,5,,3052,Delhi,rainy,Draw,3.4,,83174,cash,,,22,,,3341,150
1039,5020,Bumrah,Barcelona,sri lanka,36,female,,Tennis,19-10-2020,,,,94,9,3,1,,,Bangalore,rainy,Draw,,3,84064,credit card,,,22,xyz@,9876543210,1884,18
1020,5121,Dhoni,Lakers,Australia,50,male,None, ,14-02-2021,3542,92,,164,0,0,4,,18902, ,rainy,Lose,,6,83753,cash,,,9,user@yahoo,,3121,174
1142,5069,Joe Root,Lakers,england,42,Other,John Smith,Basketball,29-09-2021,,,,22,0,9,5,5498,9705,Delhi,Sunny,win ,4.6,7,84989,cash,,113,26,,9876543210,2039,172
1098,5095, ,Lakers,India,31,Male,,Basketball,26-05-2023,,,1457610,26,6,4,5,32111,2352,Mumbai,Rainy, lose,,4,83829,upiid,10440,,22,xyz@,12345,1403,146
1025,5104,Bumrah,CSK,,43,femal,, ,26-01-2022,4791,2845,1419260,69,2,7,0,,15690,,Cloudy,Lose,7.8,1,81949,upi,,,11,,12345,3703,37
1007,5047,Dhoni,Lakers,india,24,femal,John Smith,Cricket,11-10-2023,1654,2752,,193,2,9,5,,10021, ,,DRAW,5.8,,83380,upiid,,,9,xyz@,9876543210,4482,135
1099,5038,Joe Root,Lakers,australia,38,Male,None,footbal,08-03-2023,,,,108,4,3,1,,,Bangalore,Cloudy,,,1,80411, ,,,1,abc@gmail.com,9999999999,1981,68
1086,5030, Virat,RCB,,12,female, ,Basketball,05-12-2023,,,,188,5,9,5,,972,Kolkata,Cloudy,Draw,,,81422,upi,7116,113,23,xyz@,,1792,80
1041,5009,Smith,,sri lanka,,Female,Rahul Dravid,Basketball,12-05-2023,,,1243724,76,1,9,1,14828,,Chennai,Rainy,DRAW,,,82981,cash,,,0,user@yahoo,9999999999,4466,86
1171,5029, Virat,KKR,England,58,Male,John Smith,Cricket,29-09-2023,135,2373,362891,178,2,3,1,20923,6489, ,Cloudy,Draw,,,81676,netbanking,,0,15,xyz@,12345,2231,60
1013,5017,Dhoni,,india,50,Male,,Cricket,20-05-2023,-902,,131745,49,5,8,5,52556,18142,Kolkata,,DRAW,3.8,3,81646, ,19387,,28,xyz@,9876543210,771,48
1077,5187,Smith,RCB,Sri Lanka,19,mal, , ,07-01-2023,,,,123,2,8,0,,,Delhi,, lose,,,82711,cash,14165,34,29,abc@gmail.com,,204,179
1001,5087,Dhoni,MI,INDIA,45,Mle,,basktball,06-09-2023,4241,244,,18,4,6,1,,,Bangalore,Cloudy,DRAW,5,1,83959,cash,,,17,,9876543210,2219,100
1118,5124, Virat,RCB,australia,34,female,Rahul Dravid,Tennis,26-07-2022,,2953,545987,0,8,9,0,15963,,Chennai,,win ,9.9,3,81239,upi,,,26,,,4920,84
1036,5072,,KKR,australia,15,Mle,Rahul Dravid, ,12-05-2023,-1063,,365339,39,2,7,0,39793,13545,Bangalore,Cloudy,DRAW,,,80602,credit card,8059,52,6,abc@gmail.com,9999999999,221,95
1068,5014,Messi,MI,australia,43,Male,John Smith,Basketball,28-09-2021,,,,159,5,3,5,56267,,Kolkata,Rainy,Win,,4,81937,upi,,,3,,,1191,52
1165,5003,,RCB,Sri Lanka,10,female,,basktball,14-03-2022,3396,,,21,4,7,3,,,Chennai,Sunny,Draw,9.7,,80025,,13242,0,26,,,3315,77
1040,5190,Messi,Lakers,INDIA,22,Female,John Smith,footbal,24-02-2023,4386,921,600563,111,4,5,3,,,Chennai, ,,6.3,,84679,creadit card,1757,119,9,,,3289,180
1061,5167, Virat,Lakers,Australia,20,Male,, ,10-01-2020,2355,-81,,193,5,2,1,,18122,Bangalore,,Win,4.5,,81067,cash,4294,,9,xyz@,12345,1598,84
1059,5008,Hardik,KKR,,17,Mle,Rahul Dravid,Football,25-09-2021,,,440431,39,5,6,2,35488,5505,Bangalore, ,,1.6,,80379,cash,,,24,xyz@,9999999999,1908,54
1124,5108,Hardik,Barcelona,INDIA,27,femal, ,Basketball,21-11-2020,,2601,,37,0,2,3,26984,,Chennai,, lose,,,81284,creadit card,,24,10,,,4262,169
1110,5136,Bumrah,MI,INDIA,16,male,,Tennis,01-02-2024,,,,47,8,6,5,,14838,,, lose,,,84464,netbanking,,,24,user@yahoo,,1542,170
1013,5153,Bumrah,RCB,,55,Male,None,Football,01-04-2023,-519,1292,,182,4,4,5,52449,,Delhi, , lose,1,3,83182,creadit card,,,29,user@yahoo,9876543210,141,150
1083,5131,Smith,KKR,,52,female,,basktball,24-05-2022,,1284,,74,0,3,3,,,, ,win ,4.3,,83747,credit card,,,2,,12345,89,39
1129,5015,,Lakers,India,33,mal,None,Tennis,12-01-2021,,840,,182,7,2,2,,,Kolkata,rainy,Draw,,1,82256,upiid,,,28,xyz@,,3985,23
1069,5142,Smith,Barcelona,Australia,8,Male,,Basketball,26-10-2020,1182,,,178,6,7,4,,17252,Bangalore,Sunny,,9,5,83927,,,,13,,12345,4406,48
1144,5098,Messi,Barcelona,india,31,Mle,None,Cricket,19-10-2020,,2510,393635,106,6,3,1,,14799,Delhi,, lose,7.5,1,84120,netbanking,6063,99,12,,12345,2263,113
1122,5120,Hardik,,,11,Female,None,Tennis,21-11-2020,,-79,1041665,187,4,7,4,,1783,Mumbai,,win ,5.8,,80545,cash,15000,119,18,,9999999999,3512,120
1088,5051,Joe Root,Lakers,India,40,Female,None,Cricket,14-09-2021,,,,7,0,9,4,4080,,Chennai,rainy,Lose,5.2,,80274,upi,,30,24,abc@gmail.com,,3706,161
1027,5068, Virat,Barcelona,INDIA,58,Mle,,Basketball,11-01-2023,-1887,,1489591,85,8,2,0,12558,,Bangalore,,win ,8.3,,83441,creadit card,,,28,xyz@,9999999999,1209,127
1065,5004,Joe Root,Barcelona,,8,Female,John Smith,,05-12-2020,,1200,709263,67,8,9,0,51762,,Mumbai,Cloudy,Draw,,3,82269, ,14611,31,9,xyz@,12345,4978,41
1162,5019,Smith,RCB,sri lanka,15,female, ,Cricket,05-12-2023,2785,345,324252,74,7,8,1,9827,,, ,Draw,,,83108,cash,,,14,,,3224,158
1004,5078,Joe Root,,Sri Lanka,41,femal,Rahul Dravid,,29-01-2021,,966,,199,4,5,2,,,, , lose,5.4,2,82922, ,10812,,27,abc@gmail.com,12345,4856,47
1192,5145,Dhoni,KKR,,50,male,None,Cricket,02-06-2021,,1218,779314,136,2,4,0,50590,17748,Chennai,,win ,,,83387,credit card,3713,,7,,9876543210,1359,185
1167,5110,Rohit ,RCB,England,25,femal,None,basktball,31-05-2022,697,,493028,89,7,4,3,52399,14407, ,Rainy,Win,9.1,7,81870,credit card,,,16,user@yahoo,12345,1538,72
1183,5001,Messi,MI,India,45,femal,,Cricket,05-12-2023,,,,129,0,2,1,,,Mumbai,,,9.5,5,84013,cash,,,5,,9999999999,148,57
1163,5092,Hardik,RCB,sri lanka,41,female,John Smith,Basketball,05-12-2023,3147,,,79,2,1,5,,1748, ,,Draw,7,0,80110,,,66,6,abc@gmail.com,,4810,62
1044,5012, ,KKR,Australia,8,femal,John Smith,Basketball,02-03-2022,-516,,,94,6,5,4,22171,, ,Rainy,,2.1,1,81755,upi,,,13,abc@gmail.com,,1425,86
1150,5003,Messi,KKR,India,27,femal,None,basktball,12-05-2023,,1568,,69,3,0,1,36517,5361,,, lose,,0,84803,cash,8973,,26,xyz@,9876543210,1717,57
1046,5169,Dhoni,Barcelona,australia,64,male,,Cricket,21-03-2022,1588,2931,446798,89,6,6,5,,15872,Bangalore,Rainy,Lose,5.7,3,81367,upiid,,,29,user@yahoo,,1354,196
1030,5108,Hardik,KKR,australia,59,Male,None,,01-03-2022,,,,58,4,4,5,,2867,Kolkata, ,Draw,5.3,,81528,upi,8078,78,7,,12345,2405,72
1138,5073,Smith,KKR,India,16,femal,None,Tennis,25-11-2023,,-97,1404380,146,5,3,0,,,Delhi,Cloudy,,,2,80551, ,9705,,11,abc@gmail.com,9876543210,2635,124
1009,5188, ,Barcelona,,28,mal, ,basktball,15-06-2023,,,,27,6,8,5,,4485,Delhi,Rainy,win ,,,80133, ,,,27,,,2363,153
1194,5094, Virat,,England,66,Female,John Smith, ,28-05-2021,933,,1198364,71,9,9,2,20990,8389,Kolkata, ,win ,,,82911, ,,14,17,user@yahoo,,2932,168
1117,5104, Virat,KKR,sri lanka,23,Male,Rahul Dravid,basktball,08-02-2020,2999,2962,,13,6,0,5,55159,16739,Mumbai, ,win ,,,82013,upiid,1115,,13,,9876543210,3107,17
1013,5007,Bumrah,RCB,India,63,Male,Rahul Dravid, ,24-08-2023,,-164,,23,6,3,5,,, ,,Draw,9.4,,83262,creadit card,,,0,abc@gmail.com,9999999999,1501,80
1079,5066,Ronaldo,Lakers,,38,mal,John Smith,,19-06-2020,1154,375,,111,6,2,4,24777,8419,Kolkata,, lose,6.7,,81060,upi,,,3,user@yahoo,,1451,176
1092,5190,Dhoni,Lakers,Australia,59,Other,Rahul Dravid,Tennis,19-12-2023,,2146,,43,6,5,2,2220,,,Sunny,Win,9.1,,82507, ,16175,25,16,abc@gmail.com,9999999999,449,39
1009,5109,Hardik,,England,21,Male,,Cricket,15-04-2021,,2136,,55,2,4,1,36142,3955,,Sunny,Win,,,82022,upi,,,17,,9999999999,1835,143
1075,5008,Ronaldo,,india,20,Male,John Smith,Cricket,23-02-2023,5025,-289,,119,2,6,2,7502,4753,Bangalore,Rainy, lose,9.4,0,82186,upiid,,,18,,9876543210,4185,17
1093,5116,Ronaldo,CSK,india,50,mal,Rahul Dravid,basktball,05-09-2023,,828,,178,6,0,2,,1007,Mumbai, ,DRAW,1.1,1,82665,upiid,2147,,3,,9999999999,2588,35
1104,5010, ,,sri lanka,38,mal,,Football,05-12-2023,5411,,,31,1,4,1,11445,11085,Delhi,Rainy,DRAW,3.8,7,83170,,13232,51,27,,9876543210,4271,33
1000,5098, Virat,MI,Sri Lanka,38,Male,John Smith,Tennis,05-09-2020,,,,177,1,1,4,,391,Bangalore, ,Draw,6.7,,82727,creadit card,,120,27,,9876543210,1443,146
1132,5041,Smith,RCB,india,38,Female,John Smith,,02-07-2021,,,1278196,168,2,1,5,52157,15377,Chennai,rainy,,3.4,4,83335,netbanking,,23,5,,,2948,158
1019,5140,Messi,CSK,sri lanka,21,mal,,,03-10-2020,4302,,1427323,193,3,1,2,44138,7369,Chennai,Rainy, lose,6.9,,82646,,,,7,xyz@,9999999999,3935,165
1007,5163,,,india,14,Other,None,basktball,20-02-2021,,,,24,5,8,2,,,,,,,,80595, ,6192,,24,abc@gmail.com,9999999999,3709,111
1170,5119, Virat,MI,Australia,19,Other,,footbal,22-05-2021,-160,401,,115,7,9,1,4413,,Chennai, ,Draw,,,84106,upiid,10955,,14,xyz@,12345,3242,135
1000,5140,Dhoni,CSK,Australia,32,Mle,None,Cricket,05-01-2020,,-37,,188,9,2,3,,9113,Chennai,Rainy,win ,,,82374, ,11509,101,19,,9999999999,1289,74
1056,5011,Dhoni,MI,England,43,Male,John Smith,Football,19-11-2020,5361,,529557,65,9,3,2,53898,11114,Mumbai,,Draw,,,83421, ,,14,0,,,503,156
1063,5036,,CSK,,48,female, ,,06-06-2020,,708,,41,6,4,0,,,Bangalore,,,2.4,3,82278,,,,29,,12345,3097,98
1117,5073,Hardik,CSK,England,48,Other,None,Tennis,05-12-2023,,,,192,3,3,5,,,Kolkata,Rainy,DRAW,7.4,3,81164,creadit card,,116,4,abc@gmail.com,12345,2147,18
1027,5072,Messi,CSK,,42,Mle,None,Tennis,,5150,,,163,1,3,5,,,Kolkata,,Win,,5,80617,netbanking,,36,15,user@yahoo,12345,1465,175
1120,5051,Smith,,england,62,male,None,,07-05-2021,,890,,75,1,4,4,,,Mumbai,,Draw,,2,84860,credit card,,111,20,,,4520,23
1106,5198,Hardik,MI,india,59,female,,Basketball,18-03-2021,-1503,2311,,136,3,9,2,,17320,Mumbai,rainy,win ,,,84144,credit card,6720,,24,xyz@,,1897,148
1164,5129,,RCB,,12,female,,footbal,12-05-2023,,,,163,5,8,1,1437,, ,rainy,,5.1,2,80450,creadit card,3278,89,5,,9999999999,3716,31
1174,5055, ,Lakers,england,17,Mle, , ,05-11-2023,4718,1723,,37,2,8,0,,15342,Chennai,rainy,win ,8.9,4,81798,upi,,55,20,,,650,14
1164,5059,Smith,,australia,50,Mle, , ,,,,425910,160,5,5,1,24863,10783,Kolkata,,Win,,1,84586,netbanking,,42,9,user@yahoo,9999999999,3262,23
1048,5022,Smith,KKR,INDIA,16,femal,John Smith,,29-12-2020,,678,,169,4,2,2,,,Mumbai, ,Draw,,,81892,,,29,9,xyz@,,1210,2
1119,5102,Ronaldo,RCB,India,62,female,,Tennis,10-01-2021,3755,,,60,4,5,0,,10038,,,Lose,7.9,1,82454,creadit card,,114,4,,9876543210,2187,157
1043,5039,Hardik,Barcelona,England,40,Male,None,,23-05-2022,,,,173,1,9,4,,1724,Mumbai,,win ,2.2,,82222,upi,18953,1,7,,,3820,178
1055,5063,Rohit ,MI,,17,Male, ,footbal,,1281,,222847,88,7,3,4,,6525,Bangalore,rainy,Draw,,2,83808,upi,,,26,xyz@,9876543210,368,73
1155,5084, Virat,CSK,England,63,mal,Rahul Dravid,Football,05-12-2023,,,,188,4,2,4,10140,4599,,Rainy,,8.4,6,81284,netbanking,18642,,0,abc@gmail.com,12345,2344,59
1110,5150,Hardik,MI,England,56,Other,,footbal,16-05-2021,5684,2578,,17,1,5,3,26275,11451,Chennai,Sunny, lose,8.2,,82527,netbanking,1106,,4,,12345,3271,33
1133,5156,Smith,Barcelona,england,12,Other,John Smith,,22-09-2022,1994,,,69,6,5,1,,5489,,Rainy, lose,,,81757,netbanking,,63,0,,9876543210,2843,176
1107,5178,Bumrah,Barcelona,,38,mal,,Cricket,24-03-2023,,295,1236559,81,8,1,2,,7072,,Cloudy,Draw,3.6,,80222,creadit card,,66,6,user@yahoo,,3450,172
1188,5196,Smith,KKR,England,40,male,Rahul Dravid,,,,2443,1271429,115,8,8,0,,4983,Kolkata,Sunny,DRAW,1.2,,84364,upi,12572,56,29,abc@gmail.com,9876543210,3151,140
1147,5088,Smith,RCB,Sri Lanka,12,femal,None,Basketball,05-09-2023,-1152,349,,79,0,7,5,7613,,Bangalore,Rainy,Draw,,,80900,creadit card,19419,23,14,xyz@,9999999999,3518,83
1113,5030,Messi,Lakers,australia,44,femal,,Basketball,11-06-2020,,159,303628,14,6,5,5,,,,Cloudy,Draw,5.5,,82365,,,98,22,xyz@,9876543210,4354,170
1077,5177,Joe Root,Lakers,,18,Male,,Cricket,02-12-2021,,1277,,175,8,0,1,17415,,,rainy,,,,84480,credit card,,4,28,abc@gmail.com,,1636,35
1129,5019,Messi,Barcelona,India,23,female,,Football,22-12-2020,,1410,,199,5,1,2,,,Kolkata,Cloudy,DRAW,,,81609,,,,25,,,3860,41
1036,5182,Hardik,KKR,INDIA,48,male,Rahul Dravid,Football,20-12-2022,4406,-109,1239558,12,0,3,3,,12667,Bangalore,Rainy,Win,,,84721, ,,40,23,xyz@,,1144,183
1019,5129,Bumrah,Lakers,England,56,femal, ,footbal,11-11-2022,,,,118,1,6,2,34579,19208, ,Rainy,win ,6.9,,83290,upiid,17116,3,13,,,3126,110
1025,5152, Virat,KKR,India,34,Male,,,02-02-2022,,,,42,3,8,1,40006,,,,Draw,,5,81223, ,,,22,xyz@,9999999999,17,141
1028,5012,Bumrah,KKR,australia,61,Female,Rahul Dravid,Cricket,12-01-2024,-716,576,851497,187,3,9,2,19808,4158,Chennai, ,win ,5.5,3,81907,creadit card,,4,26,abc@gmail.com,9876543210,1656,39
1000,5121,Joe Root,KKR,INDIA,48,Other,,basktball,24-08-2020,,,1475719,56,1,4,5,,2095, ,Cloudy,Draw,2.8,4,81362, ,17731,,8,abc@gmail.com,9876543210,4205,194
1118,5102,,KKR,,31,female, , ,29-04-2020,,-89,,198,7,9,5,,,,Sunny,Draw,,,82751,netbanking,,72,7,,12345,4426,163
1034,5105,Hardik,,India,68,mal,None,basktball,15-07-2022,,-75,,16,1,1,0,26522,15934,Bangalore,,,9.8,3,83969,cash,14818,,7,abc@gmail.com,,1596,116
1197,5118,Bumrah,RCB,india,22,femal,John Smith, ,27-12-2022,4920,2336,,177,2,0,3,57307,10063,Kolkata, , lose,5.4,,81268,netbanking,,,2,,9876543210,945,72
1058,5069,Smith,Barcelona,,60,Mle,,Football,05-06-2021,,689,,31,3,9,5,,5964,,Rainy,Win,,,84937,,12162,,25,,,1287,161
1068,5194,,CSK,Australia,24,male,Rahul Dravid,Cricket,07-09-2023,-383,2168,432591,149,8,0,0,57301,,Delhi,,Win,,1,81231, ,,113,19,abc@gmail.com,,267,89
1160,5185,Bumrah,RCB,England,34,mal,,footbal,20-01-2020,390,1421,1446908,54,9,4,3,55457,6453,Delhi,,,,5,84068, ,19211,,3,,12345,434,164
1178,5098, ,RCB,sri lanka,11,male,Rahul Dravid,Cricket,29-01-2024,3723,,849709,184,0,6,5,,1735,,rainy,Win,,4,81747, ,,109,16,,,2035,141
1011,5081,Hardik,Barcelona,sri lanka,56,Mle,None,footbal,09-03-2023,5420,,222792,12,7,8,3,40265,16822,,,Draw,5.9,4,82558,credit card,10220,,5,,12345,2497,56
1019,5074, Virat,CSK,,35,Female,,Tennis,05-12-2023,2662,,,46,4,8,2,,,Kolkata,,Lose,,,80737,upiid,3686,,1,,,3208,174
1180,5117,Hardik,CSK,England,10,Other,,Football,12-05-2023,,,,86,6,7,0,6088,,,,,,,84436,upi,,,8,abc@gmail.com,9876543210,1613,99
1042,5083,,,Australia,63,Mle, ,basktball,26-01-2020,1402,,1413340,61,7,0,3,10119,7389, ,rainy,Lose,,,82979,credit card,1488,7,13,abc@gmail.com,,718,46
1125,5191,Smith,Lakers,england,28,male,,Tennis,25-12-2023,1475,,751108,181,4,4,3,59966,, ,Rainy, lose,6.7,,81951,upi,11734,51,0,user@yahoo,,3978,100
1049,5068, ,CSK,,57,Male,,footbal,04-06-2020,,,,28,7,5,2,,,Mumbai,Sunny,DRAW,,4,81781,credit card,14607,,16,,,2231,113
1028,5058, ,KKR,India,33,male,Rahul Dravid,Basketball,05-12-2023,,,56639,21,9,5,5,,1418, ,Cloudy,win ,,0,80529, ,,,10,abc@gmail.com,,3672,111
1184,5187,Smith,CSK,,9,male, ,basktball,12-05-2023,,1348,668345,64,7,3,5,,,Chennai,Sunny,win ,,4,84129,creadit card,9119,,28,xyz@,9999999999,740,172
1038,5125,Smith,CSK,INDIA,20,female, ,basktball,09-01-2022,-589,,,28,8,0,1,,,,rainy, lose,8.7,,84418,upi,,,25,,,804,174
1183,5110,,Lakers,england,50,female,None,Football,01-12-2020,2114,3,628742,47,1,2,1,12265,,Kolkata,Cloudy,Draw,7.4,2,81204,netbanking,,62,26,,9999999999,4512,74
1170,5061, ,,,54,Mle,Rahul Dravid,Football,12-05-2023,,-324,,4,2,9,5,,127,,Sunny,win ,,2,81986,upiid,,,5,abc@gmail.com,,4977,69
1177,5143, ,Barcelona,india,67,femal,None,basktball,10-12-2021,1804,,,162,0,3,4,,7038,,,Draw,,,80346,cash,15237,,28,,12345,4886,31
1150,5127,Messi,CSK,india,31,Female,John Smith, ,05-12-2023,,,,100,3,3,4,40693,12342,Chennai,,win ,7.5,2,81215,netbanking,248,118,0,,12345,3771,125
1171,5104, ,MI,Australia,33,Female,None,Cricket,12-05-2023,,,,70,4,3,3,,13858,Bangalore,,Draw,2.7,,82768,cash,,,27,xyz@,,1726,24
1037,5067,Rohit ,,,36,Male,Rahul Dravid,Tennis,24-02-2020,,,769364,173,0,4,5,,11298,,, lose,4.6,7,80244, ,,52,18,abc@gmail.com,,3512,32
1083,5014,Rohit ,Lakers,sri lanka,46,Male,Rahul Dravid,footbal,01-04-2022,1604,,,162,7,8,1,,,,,win ,,3,82725, ,13610,,15,user@yahoo,9999999999,1098,113
1150,5182, Virat,KKR,,61,Male,None,basktball,12-05-2023,,911,,172,1,3,3,59284,469,Bangalore,rainy, lose,7.5,3,83051,upiid,,120,25,abc@gmail.com,,2621,195
1127,5034,Rohit ,RCB,,63,mal, , ,17-08-2022,,352,,140,0,8,0,,7229,Bangalore,rainy,win ,,,80132,,,,17,xyz@,,3805,16
1125,5182,,CSK,sri lanka,22,Male,,Basketball,22-04-2022,,-307,33785,137,1,8,1,,,Delhi,Rainy, lose,,,81370,credit card,,21,28,user@yahoo,9876543210,3010,185
1044,5013, ,Lakers,england,55,femal,Rahul Dravid,footbal,15-01-2020,,,768176,65,4,0,1,30016,1472,,Sunny, lose,2,,82096,upi,12360,,10,xyz@,9999999999,2983,108
1051,5176,Bumrah,Lakers,sri lanka,66,female,Rahul Dravid,Tennis,05-12-2023,,230,1366697,197,8,4,1,,,Kolkata,,Lose,5.1,1,81087,netbanking,9924,,8,abc@gmail.com,,3704,24
1079,5101,,,india,16,Male,,Football,09-06-2021,1770,,573712,71,8,8,4,,, , ,win ,,,81647,,,,20,,12345,3383,34
1177,5099,Joe Root,CSK,sri lanka,38,mal, ,,23-04-2021,,,,24,1,3,2,40961,4434, ,,win ,,,81891,credit card,,,5,,,1844,128
1123,5006, ,KKR,India,47,Mle,, ,,,,828800,171,1,4,2,,14230,Mumbai,Rainy,win ,,,81720,credit card,19115,79,1,xyz@,9876543210,3924,52
1118,5029,Ronaldo,,,68,female,,footbal,04-09-2021,3667,433,,59,2,3,4,,, ,rainy,Draw,,5,84002,,,,7,,12345,3099,48
1007,5048, ,KKR,Sri Lanka,58,Male,,Cricket,23-11-2021,,2211,186548,174,6,1,5,44715,11711,Mumbai,rainy, lose,2.6,0,82260,upi,,38,21,,,4521,87
1084,5143,,MI,,40,male,Rahul Dravid,Tennis,02-08-2021,-761,,,39,2,9,5,,5165,Bangalore,Cloudy,,,5,80118,credit card,,50,15,,,4978,119
1128,5110,Rohit ,MI,sri lanka,64,Female,,footbal,05-12-2023,-1788,,,6,0,1,4,,,Bangalore,rainy,win ,,2,82903,creadit card,,2,26,abc@gmail.com,,4881,181
1007,5178,Dhoni,,sri lanka,34,Female,,Basketball,,394,2067,,173,5,1,4,47133,,Mumbai, ,win ,,,82808,credit card,,,27,xyz@,,534,183
1156,5071,,Barcelona,Sri Lanka,49,mal,Rahul Dravid,,01-06-2020,,-232,,150,2,0,5,,15559,Delhi,Rainy,,6.5,,80894,cash,,,7,xyz@,,284,38
1095,5079,Hardik,,England,63,mal,None, ,05-07-2022,,,938497,45,0,2,2,9605,6336,,Rainy,win ,5.6,4,81265,,,53,7,xyz@,9999999999,2669,130
1101,5082,Bumrah,,australia,56,Other,,Cricket,16-12-2022,,46,1253798,85,3,9,3,7582,9099,Delhi, ,win ,,,80362,,,,13,user@yahoo,12345,3786,69
1004,5041,,CSK,Australia,48,female,Rahul Dravid,basktball,26-01-2023,,1310,772434,140,0,0,4,182,17022,Bangalore,,DRAW,,,81773,upiid,,,0,,,1129,82
1085,5016,Bumrah,,,18,male,None,,03-07-2022,1918,2934,1004628,20,0,3,3,,5218, , ,Win,6.5,,80313, ,,79,6,xyz@,,503,118
1174,5190,Dhoni,KKR,australia,23,Male,John Smith,,29-10-2022,5897,2471,,0,1,0,3,48814,,,Sunny,,,2,81706,creadit card,8958,89,1,xyz@,12345,4141,53
1033,5172,Joe Root,KKR,Australia,46,Mle,,Tennis,04-10-2022,,,322025,122,9,3,0,,,Kolkata,Rainy,DRAW,3.8,4,83465,,1914,,14,abc@gmail.com,9999999999,536,50
1192,5006,,Lakers,England,41,femal,John Smith,,05-12-2023,2242,,,146,7,2,2,897,, ,Cloudy, lose,,3,84367,netbanking,,,26,,,61,157
1054,5154,Ronaldo,RCB,Australia,26,Other,Rahul Dravid,Basketball,25-08-2023,5024,14,,124,1,8,3,,,Bangalore,,win ,4.8,,81789,credit card,,,23,abc@gmail.com,12345,2383,74
1118,5009,Bumrah,,England,39,femal,None,Basketball,25-08-2021,5771,2098,844306,187,1,0,2,21205,2342,,,Draw,,,82393,netbanking,1977,,27,xyz@,9999999999,210,183
1170,5033,Dhoni,,Australia,57,Other, ,Tennis,10-11-2022,2565,2480,,32,9,7,2,15957,17011, ,Cloudy,Draw,,,83610,cash,6372,57,17,,9876543210,2447,106
1157,5035, Virat,Barcelona,Sri Lanka,12,femal, ,Basketball,16-01-2020,,1542,,3,9,8,0,16107,,Delhi,rainy, lose,,3,83694,creadit card,15502,114,3,xyz@,9999999999,4804,189
1113,5152,Rohit ,,England,35,male,None,Basketball,23-06-2022,,-193,,2,7,6,5,50018,,Delhi,rainy,DRAW,,4,82280,,11689,42,17,xyz@,,2394,50
1144,5005,Smith,Lakers,india,46,Female,None,Basketball,25-06-2022,-1246,-182,,90,5,0,2,,,Kolkata,,Lose,2.7,,80989,creadit card,,47,28,user@yahoo,12345,3269,16
1025,5151,Dhoni,Barcelona,Australia,9,male,Rahul Dravid,Cricket,28-01-2023,1694,2009,1298532,51,3,3,3,8864,,Bangalore,,DRAW,,,83680,,16690,105,22,xyz@,9999999999,376,87
1135,5145,Ronaldo,Barcelona,Sri Lanka,34,mal, ,Football,,,,,27,2,9,5,17407,15226,Kolkata,Sunny, lose,,,82463,cash,11013,,4,,,1185,94
1046,5133,Dhoni,,england,12,Mle, ,footbal,24-09-2020,,1107,38752,69,0,0,5,32047,2438,Delhi,Rainy,Win,,,80904,creadit card,16664,26,28,abc@gmail.com,9999999999,3279,70
1112,5028,Dhoni,RCB,England,43,male,John Smith,Basketball,05-12-2023,5988,,,197,2,3,1,,19049, ,,win ,9,4,83044,credit card,,,26,,,3498,172
1075,5125,Joe Root,MI,india,13,mal,None,footbal,05-12-2023,4772,261,210735,182,8,2,3,,19187,,,Lose,1.1,,83397,upiid,,100,15,,12345,2847,100
1071,5152,Messi,KKR,England,53,Male,None,Tennis,24-05-2022,-284,,,56,4,1,3,12696,6504,, ,Lose,,,83997,upiid,,,12,abc@gmail.com,9999999999,786,144
1088,5182, ,MI,sri lanka,65,female,,footbal,29-12-2022,,,,107,5,0,2,,,,rainy,Lose,,,84839, ,6404,,26,,,732,28
1045,5080,Smith,Lakers,sri lanka,57,female,John Smith,Cricket,06-05-2023,,,,143,4,5,3,,13037,Mumbai,rainy, lose,,2,80910,credit card,,,8,,9999999999,3868,185
1195,5173,Messi,MI,india,17,mal,None,,05-12-2023,561,,,23,0,6,1,,,Kolkata,,,,,82607,creadit card,17218,,4,user@yahoo,9876543210,2699,154
1032,5151,Messi,MI,England,57,male,Rahul Dravid,Tennis,05-12-2023,2534,-136,,196,9,5,2,861,6976,Delhi,Sunny,win ,3.7,,81745,cash,,68,26,,9876543210,4617,86
1000,5074,Messi,Lakers,,49,Male,,,12-05-2023,,,1227088,168,0,8,4,,,Mumbai, ,DRAW,4.9,,82123,credit card,,,7,user@yahoo,,2158,118
1146,5025,Ronaldo,CSK,Sri Lanka,10,male,,basktball,13-07-2021,,,,76,3,8,3,,14086,Kolkata,rainy,Win,8.3,,84342,credit card,,,17,user@yahoo,12345,3620,11
1030,5126,Smith,RCB,,31,Other,None,,08-06-2020,,2308,548085,174,2,1,3,39248,,Chennai,rainy,,6.9,,81851,cash,,97,2,abc@gmail.com,12345,3664,129
1141,5114,Messi,RCB,Australia,25,femal,, ,30-09-2023,641,,866436,75,7,1,0,42971,18441,,Sunny,win ,8.8,,84671, ,,,5,,,2655,69
1052,5125,Hardik,Lakers,Sri Lanka,33,femal,,,19-06-2022,5006,2664,611773,68,6,8,4,14413,13302, ,Cloudy,Win,6.4,6,83765,,13664,,10,xyz@,,1078,171
1047,5027,Hardik,CSK,england,25,male,None, ,12-02-2023,,2883,,100,6,0,4,6467,11746,Kolkata,,win ,3.4,2,81615,cash,,19,22,xyz@,9999999999,3294,174
1068,5130, Virat,KKR,Australia,37,Female, ,Cricket,,5,2522,,158,7,4,1,37402,875,,Sunny, lose,3.5,,82390,upi,,,13,xyz@,9999999999,3646,105
1104,5074,Messi,Barcelona,,49,Mle,Rahul Dravid,,05-12-2023,3688,,1055484,91,9,0,4,,552,,Rainy,Draw,9.4,2,82762,upi,,41,25,,12345,4619,36
1089,5165,Joe Root,Barcelona,INDIA,59,Other,,basktball,06-07-2022,4679,2732,1158455,91,6,6,0,48555,,Kolkata,,Lose,,,81205,credit card,1117,23,23,abc@gmail.com,9999999999,2193,66
1189,5188,Dhoni,CSK,sri lanka,66,Other,None,Tennis,22-09-2021,-1730,,407067,29,9,8,1,,, ,Rainy,,9.1,,84026,upi,,44,18,,9876543210,2311,185
1193,5077, Virat,MI,Australia,29,Male,,footbal,13-06-2020,,597,1009926,17,1,5,4,,10726,,Cloudy, lose,5.7,,82679, ,,,6,abc@gmail.com,,4563,134
1191,5178,Bumrah,Barcelona,england,27,male,, ,08-09-2023,,,443662,43,3,1,1,9816,17769,Mumbai,,Draw,4.8,5,82446,netbanking,2166,84,23,user@yahoo,,1584,190
1197,5089,Dhoni,Lakers,,61,Male,John Smith,basktball,11-09-2020,,,,154,5,5,4,,15658,Delhi, ,Draw,7.3,2,83312,upi,8549,,9,abc@gmail.com,9876543210,3006,155
1062,5175,Joe Root,,,42,Other,Rahul Dravid,basktball,15-07-2021,,,,98,2,8,4,13304,, ,Rainy,Lose,,3,84387,upiid,,,14,abc@gmail.com,9999999999,4044,125
1072,5020,Smith,,,46,Female,None,Tennis,13-04-2022,4301,,993556,153,2,2,5,,,Chennai,,DRAW,6.8,6,82101, ,3134,25,5,xyz@,,1210,154
1160,5053, Virat,RCB,INDIA,28,Female,, ,09-08-2022,,,693414,120,5,8,4,,6694,Chennai, , lose,5.5,6,83216, ,,,19,,9876543210,3414,141
1168,5183,Rohit ,KKR,,66,femal,,Tennis,11-04-2023,,,501029,114,0,7,3,,11359,Kolkata,Sunny, lose,,4,83669,credit card,19767,,28,,12345,1986,76
1088,5102,Bumrah,Lakers,australia,27,male,Rahul Dravid,Basketball,,1860,1941,,59,0,6,4,44903,,Delhi,rainy,Draw,,,83030,creadit card,16811,,5,,12345,3170,146
1175,5058,Ronaldo,KKR,australia,62,female,John Smith,Football,29-02-2020,-96,1769,161736,145,4,7,3,,,Bangalore,, lose,,2,82524,creadit card,,,15,,12345,2726,38
1012,5071, ,MI,England,68,Male,,footbal,05-12-2023,,,,55,0,9,2,23620,,Chennai,Sunny,DRAW,2.8,,84117, ,15880,,8,,9876543210,1748,6
1072,5178,Ronaldo,Lakers,England,38,male,Rahul Dravid,Tennis,10-07-2022,,466,,30,9,5,5,26646,,Delhi,,Lose,,,83307,,10306,,18,,9876543210,757,126
1076,5019,Joe Root,RCB,india,40,female,,footbal,16-09-2022,1511,,,100,7,2,0,1813,,Delhi,Rainy,DRAW,,7,82742,netbanking,,90,17,,12345,1177,92
1158,5111,Smith,Barcelona,india,39,mal,John Smith,Football,23-03-2020,1028,902,1426445,58,1,6,1,,,Chennai,Cloudy, lose,1.5,,81961, ,8638,14,4,abc@gmail.com,12345,918,28
1067,5058,Messi,RCB,england,32,male,, ,05-12-2023,-472,,,123,5,3,1,56628,7475,, ,,4.4,,84625,upi,10407,67,15,user@yahoo,12345,1119,89
1097,5070, ,RCB,england,56,Female,John Smith,Tennis,30-05-2021,,571,853868,129,9,9,2,33121,,Kolkata,Cloudy,Draw,,3,83621,creadit card,,,6,abc@gmail.com,,705,5
1124,5136,Messi,MI,sri lanka,63,male,John Smith,Tennis,16-04-2021,4566,,113205,96,9,4,4,12480,,Bangalore,rainy,win ,8.7,,80100,upi,16752,59,18,abc@gmail.com,,4929,187
1101,5108,Joe Root,RCB,INDIA,61,Female,,Tennis,28-11-2020,,,387478,166,4,7,0,51883,7539,Mumbai,Cloudy,,,,81313,credit card,,0,4,abc@gmail.com,9999999999,3430,111
1131,5128,Smith,RCB,,52,femal,,Basketball,22-10-2021,,,,188,9,6,2,,,Bangalore, , lose,,5,83448,netbanking,3152,61,19,user@yahoo,,2861,108
1101,5156,Dhoni,KKR,Sri Lanka,45,Female,, ,01-05-2020,4591,1728,,106,3,6,2,,5076,Bangalore,Sunny,win ,,,83244, ,15902,103,10,abc@gmail.com,9876543210,4494,45
1018,5190,Hardik,KKR,,52,Other,None,basktball,19-04-2023,,1785,426504,190,0,7,1,,8253,Bangalore,rainy,win ,9.5,4,81901,upiid,2559,105,22,,9999999999,1807,112
1197,5199,Dhoni,CSK,Australia,43,Male,, ,05-12-2023,,93,522244,17,2,9,3,,8301,Bangalore,rainy,Lose,7.8,,84674, ,,38,17,xyz@,,1399,181
1081,5055,Dhoni,,INDIA,67,femal,,basktball,11-02-2023,3046,,,144,3,2,3,,19449,Mumbai,Rainy,DRAW,,,81214,credit card,,60,27,abc@gmail.com,9999999999,2649,2
1140,5195,Bumrah,Barcelona,Sri Lanka,51,Female,John Smith,Football,22-12-2023,,,,166,1,2,4,,18910,,Sunny,,,,83626,credit card,11300,,26,,12345,4423,177
1022,5034,Dhoni,RCB,India,46,mal, ,Football,12-05-2023,,,,70,1,1,4,,,Chennai,,,,,80789,netbanking,,,28,user@yahoo,12345,1295,90
1082,5122,Rohit ,KKR,INDIA,46,Female,,basktball,22-06-2023,,,830956,105,1,0,2,,,Delhi,Sunny,Lose,3.1,,81366,,,81,6,xyz@,9876543210,1620,115
1108,5130, Virat,CSK,india,50,Female,None,,16-03-2021,,,401966,53,0,9,4,,6109,Delhi,rainy,Draw,,4,83623,creadit card,,,27,,12345,2442,63
1074,5103,Ronaldo,Barcelona,england,58,mal,,Basketball,25-08-2022,,,813350,93,9,5,3,40854,3160,Delhi,,win ,,1,80502,credit card,5689,2,17,,12345,2595,92
1128,5006,Hardik,,australia,44,female,Rahul Dravid,,30-11-2020,5354,,,75,1,5,0,10363,,Chennai,Sunny,Lose,4.9,,80172,upiid,17849,23,2,,9876543210,4172,70
1087,5026,Dhoni,Barcelona,sri lanka,16,femal,John Smith, ,08-06-2023,,,,34,5,9,1,40013,,,Rainy,win ,1.9,6,80886, ,,,4,,,1072,186
1053,5000,Joe Root,RCB,Sri Lanka,38,femal, ,Tennis,25-09-2023,5625,,,10,2,7,3,46116,, ,Rainy, lose,,5,81417,credit card,14503,11,22,user@yahoo,,4075,4
1198,5198,Joe Root,Barcelona,india,29,Female, ,Football,18-12-2022,4157,,164863,60,9,5,5,10776,5732, ,Sunny,Win,,,83532,cash,,,12,user@yahoo,,1449,158
1088,5171, ,Lakers,INDIA,13,femal,None,Football,29-12-2022,,,589736,43,4,5,4,39982,,,,Lose,,,84368,,8953,29,15,,,3942,57
1142,5086,Messi,CSK,India,52,Other,, ,12-05-2023,,225,1060008,120,0,0,1,53097,,,,win ,,,83429,netbanking,,,21,,,1771,47
1064,5040,Rohit ,RCB,england,39,Other,John Smith,,15-02-2023,4237,,,67,7,6,5,,5495, ,,Draw,1.5,2,81409,upiid,,44,11,,,1017,146
1075,5122,Rohit ,,India,,male,,basktball,15-03-2022,2624,1398,,24,3,6,1,45822,,Delhi,Sunny,Draw,,,82923, ,19272,,6,user@yahoo,,3692,108
1198,5074,Bumrah,KKR,INDIA,29,Female,None,Tennis,25-12-2023,3191,2042,,175,8,9,2,5350,4993,Delhi,Rainy, lose,3.1,,84953,upiid,,17,26,,12345,4224,95
1142,5041,Dhoni,RCB,india,42,mal,,footbal,,1088,551,1491653,159,3,8,4,,16824,Kolkata, ,,,4,81910,,,14,21,user@yahoo,12345,518,44
1148,5116, ,,INDIA,41,Male,,basktball,18-07-2022,250,1054,,83,1,6,2,30446,,Kolkata,Rainy,DRAW,5.7,,80260,cash,978,29,12,user@yahoo,,2351,180
1146,5160,,Lakers,sri lanka,47,Male,John Smith,,14-11-2020,,1464,1217074,113,2,7,1,,9469,,rainy,,8.1,,83352, ,,,27,abc@gmail.com,12345,1135,177
1059,5177,,RCB,sri lanka,48,femal,,Tennis,07-04-2021,-798,398,,131,4,3,2,,1987,Kolkata,Rainy, lose,3,,81352,cash,,83,0,abc@gmail.com,9999999999,2772,158
1092,5062,Dhoni,MI,england,12,female,,Tennis,07-01-2020,4195,2732,119768,165,9,8,4,,936,Mumbai,Sunny,Win,5.8,,81499,creadit card,17691,5,14,,,911,180
1160,5164,Bumrah,Lakers,england,24,Other,John Smith,Football,25-04-2020,-1267,605,1109237,190,5,0,3,,17182,Delhi,Sunny,DRAW,,,84373, ,,31,20,,,815,37
1048,5186,Hardik,CSK,England,48,female,Rahul Dravid,Tennis,02-02-2021,,1691,941455,174,6,7,0,,3278,Kolkata,Sunny,Draw,,6,82140,credit card,,67,11,,,973,63
1034,5126,Rohit ,CSK,INDIA,25,Female,None,,26-08-2020,151,,,0,3,2,5,28729,3123, ,,DRAW,,3,83006,,1199,52,16,,12345,1962,12
1171,5175, Virat,KKR,england,67,mal,,basktball,07-07-2020,,,,130,6,0,3,10230,,Kolkata,,Win,1.1,7,83618, ,,,22,,,2866,17
1101,5132,Ronaldo,KKR,sri lanka,25,male,,Football,07-06-2021,,,686011,85,9,1,1,,13219,Kolkata,Rainy,Draw,7.5,4,80822,netbanking,,101,19,xyz@,,2410,34
1010,5047,Smith,,Australia,63,Other,Rahul Dravid,,28-12-2020,,-28,,61,2,5,3,,6528,,,Win,6.1,6,80531,netbanking,12659,56,4,user@yahoo,12345,3102,156
1098,5002,Bumrah,CSK,australia,26,male, , ,01-04-2022,2435,,404139,63,6,4,2,,,,,Win,10,0,82820,upiid,6229,,16,,9999999999,1800,132
1199,5115,Messi,Barcelona,india,46,Mle, ,,13-02-2023,-1511,,,144,3,2,4,20455,,,,DRAW,,2,80166,upiid,,,23,abc@gmail.com,,808,98
1109,5174,Ronaldo,RCB,England,40,femal,,footbal,03-02-2021,,1002,,125,7,8,3,,19215,,Sunny,Draw,,,84926,cash,8645,114,14,abc@gmail.com,9876543210,569,46
1073,5189,Messi,KKR,England,22,Mle,,Cricket,05-12-2023,-900,872,,104,8,7,3,,,,,,9.5,,84331, ,,,19,,9876543210,969,14
1193,5098,Rohit ,Barcelona,,28,Male,,Cricket,13-01-2022,-1227,2924,,61,6,2,4,18841,1530,, ,Win,,,81055,upiid,,24,18,,,4079,13
1173,5115,Ronaldo,RCB,,67,Female,,footbal,05-12-2023,5627,1308,,34,7,1,2,,7450,,rainy,Win,4.2,,81254,credit card,,36,0,,,1879,186
1008,5013,Rohit ,Lakers,,65,male,,Tennis,17-08-2021,-235,2935,1322350,12,7,7,0,,2368, ,Rainy,DRAW,2.6,7,84286,credit card,4150,,3,user@yahoo,12345,3319,49
1002,5190, ,KKR,india,28,male,Rahul Dravid,Basketball,,3925,,,162,1,4,3,57193,4965,Delhi,,,,7,84007,netbanking,2181,21,2,,9876543210,4705,178
1084,5111,Hardik,Barcelona,India,66,Other,John Smith,Cricket,27-06-2021,2812,,,42,8,8,5,19301,19913,Chennai, ,DRAW,3.3,6,84708,,,,7,,9876543210,387,67
1025,5060,Joe Root,CSK,india,23,male,None,Football,08-03-2023,,1307,870451,129,5,0,1,14233,,, , lose,3.4,,81531,cash,,79,8,,12345,4854,21
1071,5158,Messi,Barcelona,England,44,Male, ,,07-12-2020,5280,,891334,183,3,9,2,35403,1288, , ,Lose,,6,83528,credit card,,7,11,user@yahoo,,2489,51
1047,5094,Hardik,CSK,Sri Lanka,20,Male,Rahul Dravid,footbal,,,1800,,110,4,2,2,33244,10438,,rainy,Draw,,,84042,credit card,15919,,4,user@yahoo,,515,38
1193,5016,Bumrah,RCB,england,30,male,,Cricket,04-09-2021,,487,211756,127,9,4,3,51448,,Delhi, ,Lose,6.2,,80972,upi,,,8,,9999999999,3844,119
1197,5123, Virat,Lakers,,,female,Rahul Dravid,Football,06-09-2021,,,1063952,50,4,1,5,,6708,Bangalore,rainy,Win,5.6,,83824, ,9122,62,0,abc@gmail.com,9876543210,2890,26
1155,5023,Ronaldo,Lakers,Sri Lanka,27,Mle,John Smith,Tennis,21-01-2022,,,842375,181,6,2,4,,11995,Chennai,Rainy,DRAW,5.9,,84744,upi,,,22,,9999999999,4140,6
1116,5115,Hardik,MI,england,20,male, , ,08-09-2020,,159,,143,8,3,3,,7750,Bangalore,,DRAW,8.7,5,80105, ,13930,85,10,xyz@,9999999999,1442,18
1153,5150,Dhoni,Lakers,australia,60,female, ,Basketball,02-10-2022,2577,,459366,145,6,3,3,,,Delhi,Rainy, lose,,4,81604, ,12133,,29,,,722,114
1152,5081,Hardik,RCB,Sri Lanka,29,male,Rahul Dravid,Basketball,05-12-2023,,907,946047,134,8,8,4,,18669,Mumbai,Rainy,Draw,2.7,7,83773,credit card,,,6,abc@gmail.com,,755,134
1011,5049,Bumrah,CSK,INDIA,41,male,John Smith,basktball,13-08-2021,2201,1806,392689,44,3,0,1,,1397,Mumbai,Sunny,Win,6.4,,84287,creadit card,,63,21,xyz@,9876543210,2250,169
1132,5078, ,,INDIA,51,Male,None,Basketball,23-10-2022,5782,2845,,163,9,8,4,17375,6208, ,, lose,,,81002,upi,12284,,19,,,1908,57
1047,5078,,Lakers,,34,Mle,,Basketball,12-05-2023,,2616,810461,168,9,8,3,,1641,Mumbai,Sunny,Draw,2.9,,84730, ,5579,23,28,xyz@,,2586,178
1036,5069, ,MI,sri lanka,25,Female,,basktball,23-10-2021,3958,1748,,41,3,5,0,,10153,Mumbai, , lose,,,80084,,18052,,26,,,385,25
1043,5026, Virat,Barcelona,india,24,Mle, ,footbal,20-06-2023,,1617,918265,134,5,0,4,55847,,Bangalore,Rainy,Draw,1.2,,82995,creadit card,,,24,,,3015,48
1014,5014,Smith,KKR,INDIA,46,Mle, ,basktball,14-08-2023,,1589,1306912,14,7,5,1,13052,3100,Delhi,Rainy, lose,8.8,7,84823,,857,,13,,9999999999,4455,24
1042,5049, Virat,,India,35,Other, ,Basketball,05-12-2023,,,,59,8,7,4,,9488,Delhi,rainy,Draw,7.8,6,83287,netbanking,9929,,2,user@yahoo,9876543210,4087,158
1175,5035,Ronaldo,Lakers,,50,Mle, , ,05-05-2020,2266,,1399067,39,0,4,4,,,Kolkata,rainy, lose,1.1,3,84165,cash,2656,,26,,9876543210,1491,87
1086,5007,Messi,RCB,,50,female,,,18-06-2021,-1351,,1459560,164,0,4,2,,, ,rainy,,7.9,,80153,,,102,10,user@yahoo,9876543210,1967,45
1069,5078,Messi,KKR,England,20,male,,,03-06-2020,,,547215,193,7,0,2,20487,, ,Cloudy,DRAW,,1,81461,upiid,8507,,16,xyz@,,4300,43
1045,5130,Hardik,KKR,,57,Female,John Smith,Cricket,23-07-2021,-270,891,,111,6,0,3,,,Chennai,Cloudy,win ,8.4,1,82812,cash,,29,17,xyz@,,3318,72
1107,5189,Messi,CSK,,47,Female,,basktball,08-11-2023,1410,987,302045,182,8,7,3,,,Mumbai,Cloudy,Win,,,82019,netbanking,14047,80,18,,9876543210,3038,184
1122,5046,Smith,Lakers,Sri Lanka,64,mal,,,12-05-2023,,1102,,76,2,4,4,,, ,Rainy,Win,,6,81097,credit card,,23,17,,12345,1072,70
1170,5104,Joe Root,,england,58,femal, ,Cricket,16-02-2023,,916,829593,104,9,7,0,18438,13806, ,,Win,,4,80570,upiid,,,5,,12345,4461,33
1020,5097, ,Barcelona,England,16,female,,Football,06-02-2021,-395,2304,239557,106,4,9,5,4504,7014, ,Rainy,Win,2.8,,80148,cash,,,28,,,2300,97
1150,5095,Hardik,RCB,Sri Lanka,59,Male, ,Cricket,,-1162,,529208,121,2,1,3,37782,,Delhi,rainy,Draw,4.3,0,83577,upi,,61,14,user@yahoo,,768,45
1106,5188,Ronaldo,Barcelona,INDIA,57,male, ,basktball,05-12-2023,,,,79,4,3,4,15686,,Mumbai, ,Win,,,82691,netbanking,,,29,user@yahoo,,2679,7
1079,5159,Hardik,MI,sri lanka,52,Male,John Smith,Cricket,06-09-2021,,,917069,124,9,9,4,,8032,Chennai,Rainy,,,0,82109, ,,23,6,,,986,106
1046,5115,Rohit ,CSK,,26,male,,footbal,06-09-2022,3074,,342858,183,0,8,5,6600,,Mumbai, , lose,,,81918,,10936,,4,user@yahoo,9876543210,4512,146
1116,5012,Rohit ,Lakers,australia,20,Male,None,footbal,25-02-2022,2734,159,,171,3,2,4,,10059,Delhi,Cloudy,Draw,,,84869,netbanking,,75,4,xyz@,,3106,70
1123,5000,Rohit ,CSK,india,51,female,None,basktball,07-04-2020,,,630317,184,5,5,5,29649,,Delhi,rainy,DRAW,8,,83655,upi,11447,,6,xyz@,9876543210,2359,45
1142,5033,Smith,KKR,Australia,51,Male,Rahul Dravid,Cricket,04-07-2021,2876,,124411,133,1,6,5,37647,,,,win ,,,81712,,,95,21,user@yahoo,9876543210,196,37
1024,5189,Messi,Lakers,australia,31,Mle, ,Football,12-05-2023,,2430,,31,6,2,4,26667,,Bangalore,,Draw,,,82492,credit card,,31,11,,,3044,149
1035,5078,Dhoni,RCB,Sri Lanka,53,male,John Smith,Tennis,24-04-2023,4901,768,,107,7,0,4,,9640,, ,DRAW,,1,81344, ,,41,7,abc@gmail.com,12345,2307,172
1050,5077,Hardik,MI,England,42,female, ,footbal,12-02-2022,2933,2850,1037423,113,0,1,2,2232,,Delhi, ,,9.9,2,83965,creadit card,11341,,24,abc@gmail.com,9999999999,1389,158
1014,5120,Dhoni,RCB,India,43,male,None, ,26-04-2022,,,,145,3,9,5,,6664,Kolkata,,Win,,,81106,upiid,,,17,,12345,3558,139
1067,5092,Smith,Lakers,,28,male, ,footbal,25-09-2021,398,,,67,3,6,1,8045,,Bangalore,,Draw,,3,83505,upi,3140,,27,,,2581,8
1020,5097, ,,sri lanka,21,Other, ,Tennis,28-10-2020,,,49687,126,4,6,5,14405,,,rainy, lose,1.9,6,84112, ,,,17,user@yahoo,9999999999,2071,133
1140,5081,Hardik,MI,sri lanka,59,Other,,,28-11-2022,596,,,134,3,0,1,44609,7878,, ,Win,,,80582, ,12490,8,16,xyz@,,2990,8
1018,5198,Smith,RCB,,37,femal,,,04-12-2023,,,,113,8,9,4,55063,,Kolkata,,Win,3.5,,84350,netbanking,,53,22,user@yahoo,,1669,5
1033,5158,Messi,Lakers,sri lanka,45,male,, ,19-01-2020,,904,,7,6,6,3,,3865,Delhi, ,DRAW,,4,82690, ,,86,10,,,1417,10
1077,5191, ,MI,england,41,Female,John Smith,Football,29-06-2021,2440,2163,469199,63,1,9,0,,5036,Mumbai,Rainy,,1.3,,84656,,,,14,abc@gmail.com,9876543210,2726,15
1124,5152,Messi,CSK,australia,19,female,John Smith,Tennis,19-01-2020,,,1396956,134,0,5,4,,14904,Delhi,Cloudy,,,0,82580,upi,,49,29,,,4132,56
1195,5037,Smith,Lakers,England,15,femal,,Tennis,14-10-2021,-1795,,,40,8,5,0,,8869,Delhi,,Lose,5,,80319,creadit card,,,19,xyz@,,2869,114
1116,5013,Ronaldo,Barcelona,england,54,female, ,basktball,26-01-2021,5289,2570,1320555,39,0,6,2,51138,,Mumbai,rainy,,4.2,3,84315,cash,,30,24,xyz@,,1586,55
1051,5135, ,Lakers,England,54,Male,None,basktball,05-12-2023,1445,,981654,2,5,6,1,22850,11469, ,,Win,7.7,3,84794,,4431,,5,,9876543210,4667,131
1026,5090,Bumrah,CSK,INDIA,64,male, ,,18-01-2021,-1121,,,144,1,0,2,,,Mumbai, , lose,8,2,81437,,,116,11,,12345,4402,41
1156,5053, ,RCB,INDIA,26,Female,,Cricket,16-02-2023,787,,,193,3,9,3,,6559,Mumbai,, lose,1.1,,80031,credit card,,23,22,,12345,4400,138
1155,5129,Messi,RCB,India,48,mal,,Tennis,01-05-2022,,2775,,109,5,4,3,11977,15142,Kolkata,,Draw,,4,80714,cash,,79,28,,9999999999,2226,135
1034,5100,Hardik,Barcelona,Australia,23,femal, ,footbal,13-11-2022,,-135,533413,113,4,7,5,15734,8207,Mumbai,,win ,,3,81039,netbanking,,104,6,,9876543210,3736,191
1135,5088,Hardik,Barcelona,england,21,Male,John Smith,Basketball,19-08-2020,391,2184,,111,5,7,4,,,,, lose,,4,80408,credit card,,,7,,9999999999,931,115
1143,5055,Hardik,CSK,sri lanka,46,mal,,,12-05-2023,,72,1209153,179,2,2,5,33344,19270,,Rainy, lose,4,,81127,,,41,3,abc@gmail.com,,1542,63
1105,5093,Dhoni,Lakers,australia,58,Mle, ,Cricket,25-06-2021,981,,,149,4,2,3,5836,14462,Kolkata,, lose,5.1,6,80706,cash,,108,2,,,1992,88
1163,5092, ,RCB,,48,mal, ,,27-08-2021,,1793,,3,1,6,3,,,,Sunny,Lose,,,83839,,,,2,,12345,3706,154
1157,5083,Bumrah,KKR,,61,female,, ,12-05-2023,,337,,133,6,3,5,,19905,Mumbai,,Draw,7.9,1,83023,,4306,,9,xyz@,9876543210,4059,34
1145,5084,Dhoni,RCB,England,29,Male,John Smith,basktball,18-02-2022,-300,24,1450138,165,2,5,2,1820,15752, ,,Lose,,,83659,upiid,,,23,user@yahoo,9999999999,3549,122
1001,5188,Rohit ,CSK,india,19,Male,None,,16-07-2022,-1519,965,,25,0,8,0,19193,,Delhi,,Lose,7.5,3,80782,,,33,27,user@yahoo,,3144,167
1176,5021,Messi,MI,England,64,femal,,Basketball,07-03-2020,,-271,413453,138,7,9,1,,4752,Chennai,Cloudy,win ,,2,82179,,15078,40,14,,,4892,188
1076,5034,Messi,CSK,australia,49,female, , ,08-08-2021,-1727,-403,796461,16,7,1,3,56080,,Bangalore,,Lose,2.1,,81178,netbanking,6547,52,12,user@yahoo,,1534,197
1131,5015,,Barcelona,INDIA,59,Other,Rahul Dravid,Basketball,06-10-2020,1044,2177,835219,91,2,1,5,47896,,,Rainy,win ,,,82406,creadit card,15573,,18,,9876543210,3136,100
1089,5049, Virat,RCB,india,39,Other, ,Cricket,12-05-2023,742,120,16251,30,6,5,3,,10340,,Sunny,Win,,,82807,,16065,51,7,user@yahoo,12345,4842,107
1088,5121,Ronaldo,,australia,31,Other, ,Tennis,27-09-2022,4587,,488722,162,8,2,2,20321,,,,Win,,,84260,upiid,6257,,17,xyz@,9876543210,2674,154
1093,5127, ,CSK,australia,23,femal,,footbal,28-12-2022,939,,426802,143,7,0,1,26439,,Delhi, ,Lose,,,82764,creadit card,8308,115,4,xyz@,9999999999,4548,62
1006,5112,Bumrah,CSK,Sri Lanka,33,mal, ,,05-12-2023,,,357108,106,2,1,2,,,,Cloudy,DRAW,,7,82724, ,,,20,user@yahoo,9876543210,4926,138
1094,5170,,KKR,Sri Lanka,38,Female,Rahul Dravid,basktball,13-12-2020,,,25158,145,1,6,0,,3854,Delhi,, lose,,2,82535,upiid,12048,,6,xyz@,12345,4853,100
1107,5016,Rohit ,Barcelona,Australia,53,female,John Smith,Football,21-10-2021,4103,,,110,9,3,2,34213,18322,Kolkata,rainy,Win,,7,80212,credit card,,,4,xyz@,12345,860,54
1073,5079, ,Barcelona,INDIA,25,male,Rahul Dravid,Football,13-05-2023,,1672,,100,6,1,1,,,Chennai,, lose,1.7,,81948,creadit card,8633,,24,user@yahoo,9999999999,1552,159
1038,5185,Dhoni,KKR,australia,67,Female,None,Basketball,13-09-2023,3547,2353,,111,6,7,1,12521,,Chennai,,Lose,1.4,4,84861,upiid,7032,69,18,abc@gmail.com,,4914,38
1140,5129,Bumrah,Lakers,australia,44,Male,,Tennis,30-09-2022,,1763,905209,61,8,3,3,,,Chennai,Cloudy,Draw,1.6,1,83146,,5733,87,24,xyz@,12345,1392,114
1158,5131,,,,37,male,Rahul Dravid,,15-12-2020,,,62364,111,4,3,0,,2512, ,,Win,,0,81201,credit card,18657,,16,xyz@,9999999999,1879,25
1070,5084, ,Barcelona,india,42,Female,Rahul Dravid, ,05-12-2023,,,842083,154,3,1,4,,, ,, lose,,3,81819,upiid,,,18,,9999999999,380,65
1190,5166, ,Lakers,Australia,29,mal,,Basketball,23-03-2023,,-253,,162,7,0,3,,,,Rainy,DRAW,8.2,,82889, ,,103,3,user@yahoo,,648,100
1055,5093,Joe Root,Lakers,,17,Female,John Smith,Tennis,06-08-2023,,2228,40080,115,3,0,5,,,Mumbai,,DRAW,,,80644,cash,7566,78,21,,12345,4341,178
1169,5133,Rohit ,Barcelona,australia,24,Other, ,Cricket,09-03-2022,,,,172,3,2,2,,11174,Mumbai,rainy,Lose,3.5,1,82359,cash,10663,43,25,,9999999999,3621,152
1188,5080, ,RCB,INDIA,46,Mle, ,Basketball,05-12-2023,,1497,248298,34,1,5,2,8243,,Delhi,,win ,,,84222,upiid,,71,23,abc@gmail.com,9876543210,4660,155
1041,5068,Dhoni,,india,12,mal, ,Football,23-07-2020,2670,,819593,27,0,6,1,26498,,,Rainy,Lose,9.8,5,84472, ,,114,6,abc@gmail.com,12345,3417,178
1183,5068,Smith,MI,Australia,24,Male,John Smith,Tennis,24-05-2023,,,,102,3,8,5,,15742,Mumbai,,Win,1.3,,84320,,,29,23,user@yahoo,,820,178
1035,5147,Hardik,MI,sri lanka,15,male,None,Tennis,30-07-2020,,,1085726,124,6,4,1,,,,Rainy,DRAW,,0,83088,,5384,89,21,,9876543210,471,143
1083,5191,,MI,sri lanka,69,female,None,footbal,15-04-2021,,,555779,101,8,8,5,54648,, ,,Lose,5.3,7,80496,upi,,60,5,,,2016,17
1195,5015, ,RCB,INDIA,32,Female, ,footbal,29-11-2021,,1921,,136,8,7,1,,11503,Bangalore, ,Win,,,82016,,,89,13,,9999999999,121,29
1117,5050,Ronaldo,Lakers,India,60,Male, ,Cricket,22-02-2020,-1183,2493,189083,142,9,0,4,10634,,Mumbai,Sunny,,,,80472,,11998,5,21,xyz@,9876543210,4876,5
1006,5104,Smith,MI,,43,Mle,None, ,03-02-2023,5468,78,,20,0,2,4,54450,1954,Bangalore,,Lose,8.5,,81888, ,2290,,18,,9876543210,2795,11
1053,5164,,KKR,India,,female,, ,23-02-2022,1027,,1081847,51,4,7,3,14812,4955,,Rainy, lose,9.8,,83382,upi,,42,29,user@yahoo,,4216,180
1128,5196,Joe Root,,sri lanka,33,Mle,,Tennis,,2643,861,1206250,162,6,8,4,25811,14244,,,Draw,,,81160,upi,,56,25,abc@gmail.com,,2186,162
1171,5169,Rohit ,KKR,sri lanka,8,Female,Rahul Dravid,Tennis,01-01-2022,3134,-288,133006,96,6,3,5,2819,,Bangalore,,Draw,,,82522,,3986,,19,,12345,2134,81
1119,5184, ,,Australia,12,mal,John Smith,Basketball,15-03-2022,-80,,635246,50,9,5,1,33646,10897,,Cloudy,,5.4,7,84312,netbanking,10004,,10,,12345,2177,33
1172,5065, Virat,CSK,India,20,mal,John Smith,Football,16-06-2020,,,,82,5,3,5,7196,,Delhi, ,Draw,6.3,1,80195,credit card,1564,64,21,abc@gmail.com,12345,2299,49
1105,5008,Joe Root,RCB,Sri Lanka,59,male,John Smith,Basketball,,,2304,,54,9,8,3,,13301,Bangalore,,Lose,,,82248,cash,16432,48,28,,9876543210,1383,121
1046,5106,Rohit ,Barcelona,India,67,male, ,,22-09-2020,,,,76,3,1,3,,,Kolkata,Cloudy, lose,5,5,84461,netbanking,6603,105,6,,12345,3501,159
1122,5099,Dhoni,MI,England,24,Female,John Smith,Basketball,16-02-2022,3629,,470126,126,2,5,0,,13421,,rainy, lose,,,82766,,,0,2,abc@gmail.com,12345,4142,18
1140,5085,Messi,MI,Australia,67,female,Rahul Dravid,,31-07-2020,,1881,,171,8,2,4,,,Delhi, ,Win,8.9,0,81551,,,32,19,xyz@,,1968,115
1118,5063,Ronaldo,Lakers,australia,39,Female,,basktball,24-09-2020,-729,1404,,192,9,9,2,,,Chennai,Rainy,Lose,,,82447,,11056,81,21,,,3662,5
1149,5021,Smith,Lakers,,37,mal,,footbal,23-08-2021,,,,92,3,3,2,,12162,Mumbai,,,,,84309,upi,,63,16,user@yahoo,9999999999,1833,158
1117,5161,Ronaldo,RCB,england,67,Other,None,Tennis,27-05-2023,,,817241,87,7,1,0,19711,,Mumbai,,,9,,82388,cash,13551,55,10,xyz@,,3947,45
1020,5182,Joe Root,CSK,Sri Lanka,43,Male,None,,03-02-2022,2347,,1271303,79,0,7,1,24586,,Bangalore,,,,,83006,creadit card,19499,30,14,abc@gmail.com,9999999999,2472,120
1136,5156,Ronaldo,,sri lanka,45,Male,Rahul Dravid, ,05-12-2023,139,689,94205,152,6,9,0,,,,Cloudy,Win,2.7,,80118,upi,,102,6,,12345,4826,128
1025,5165,Hardik,RCB,INDIA,60,femal,None,basktball,21-08-2022,,362,1003937,91,5,7,1,47824,16887,Delhi,,win ,,1,83496,creadit card,,104,28,user@yahoo,,4206,38
1008,5109, ,Barcelona,Sri Lanka,25,mal,None,basktball,24-04-2023,-818,597,969534,46,0,0,4,8515,18755,, ,Lose,4.7,,81716,upiid,11448,107,14,xyz@,12345,1250,109
1014,5096,Dhoni,MI,australia,40,femal,,,20-01-2024,-1733,251,,183,3,9,4,32840,,Chennai,Cloudy,Draw,,,82883,cash,8060,115,26,,,3110,96
1009,5017,Rohit ,MI,india,44,mal,None,Cricket,12-01-2022,,,,37,4,5,3,,14425,Bangalore,,Draw,9.7,,84937,credit card,,58,16,abc@gmail.com,9999999999,134,94
1121,5070,Smith,KKR,india,34,mal, , ,02-04-2021,1965,,,138,7,0,3,50432,,Kolkata,Rainy, lose,4.5,,82914,cash,14658,92,10,,,609,29
1120,5192,Hardik,KKR,Sri Lanka,20,Other,,Cricket,21-02-2023,2986,,,194,3,5,3,41285,, ,Sunny,Lose,,4,81672,netbanking,,90,28,,9999999999,1057,164
1124,5126,Joe Root,CSK,england,25,Male,Rahul Dravid, ,23-12-2021,,239,15358,14,2,6,3,27378,12516,,Sunny,win ,,3,81202,cash,,,27,,12345,3034,137
1169,5096,Hardik,MI,Sri Lanka,11,mal,,Tennis,07-11-2021,-1806,,,0,1,1,2,,, ,,DRAW,,,81455,cash,,37,28,abc@gmail.com,9999999999,1988,23
1071,5000,Messi,Lakers,australia,,female,None,Football,05-12-2023,,811,,134,3,8,3,,,,Cloudy,,8.3,7,84661,netbanking,829,,11,user@yahoo,9876543210,3774,131
1151,5131,,Lakers,india,35,mal,,Football,02-02-2023,-312,166,,0,9,7,3,33815,6038, , , lose,2.3,,83978,cash,,,12,xyz@,,2246,86
1048,5003,Dhoni,KKR,INDIA,48,male,John Smith,Football,28-04-2023,-744,,,48,3,8,3,,,,Cloudy,DRAW,2.8,,82471,netbanking,8771,99,25,,12345,4655,184
1153,5124,Hardik,,australia,,Female,, ,12-05-2023,,,323460,95,9,9,1,31472,,Bangalore,,Draw,9.3,1,80117, ,1782,,10,abc@gmail.com,,258,168
1090,5081,Ronaldo,MI,,39,mal,John Smith, ,13-12-2020,,799,,156,4,3,5,,9653,Bangalore,,Win,,3,80367,creadit card,8451,49,10,user@yahoo,9876543210,3900,184
1036,5026,Messi,RCB,india,46,femal,John Smith,Tennis,21-04-2023,,,,25,6,3,3,,,Kolkata,Cloudy,win ,1.8,,83176,cash,,,24,xyz@,9999999999,915,58
1067,5170,Smith,MI,England,14,femal,Rahul Dravid,Tennis,26-06-2023,-319,,340609,86,8,7,0,,9195,Mumbai,rainy,Win,10,,83374,credit card,11767,64,25,user@yahoo,12345,3942,159
1049,5058,Dhoni,MI,india,38,Male, ,Football,26-05-2022,,,,172,1,0,3,,,Chennai,Sunny,Win,,4,83812,upiid,,,8,,,237,11
1151,5031,Hardik,MI,Australia,35,Mle,John Smith,Basketball,,,,469488,92,4,7,3,,15869,,,DRAW,9.5,4,82197,,,11,10,,9999999999,3355,42
1018,5160,Messi,Lakers,india,32,Mle, ,basktball,05-06-2021,5760,1641,,101,9,6,2,25313,,Delhi,rainy,DRAW,5.5,7,84911,cash,-608,64,24,user@yahoo,,687,131
1099,5027,Hardik,Lakers,England,28,Mle,Rahul Dravid,basktball,28-02-2023,4584,,,70,8,6,5,,14079,Delhi,,Win,,,82129,upiid,2485,,3,xyz@,9999999999,1158,185
1059,5105,Messi,CSK,INDIA,15,Mle,Rahul Dravid,Football,05-12-2023,99,,,139,2,8,3,,,,Sunny,Lose,4.3,,80900, ,,,1,,9876543210,2129,14
1166,5104,,Lakers,sri lanka,16,Male,Rahul Dravid,basktball,26-11-2021,,151,1051450,94,0,9,5,,19063,Bangalore,,Draw,9.3,,80192,upi,,,22,abc@gmail.com,,594,46
1088,5182,,MI,England,19,Other,,Basketball,30-04-2020,3663,,-6168,159,1,6,1,,,,Cloudy,win ,,,82770,upi,,42,28,,,2701,147
1145,5187,,CSK,australia,15,mal,,Tennis,02-12-2021,,2701,,117,5,1,4,17518,, ,, lose,3.7,,83348,creadit card,,,3,user@yahoo,9876543210,1750,124
1146,5069,Bumrah,Barcelona,Sri Lanka,31,mal,None,footbal,05-12-2023,,1875,83877,147,4,0,5,,,Delhi,, lose,,2,80950,creadit card,10319,,13,user@yahoo,9876543210,402,60
1163,5061, ,CSK,,56,female, ,Football,29-04-2022,-1531,,,118,0,0,5,,,,,Draw,8.4,0,83606,,,,4,xyz@,,821,159
1182,5033,Dhoni,Lakers,sri lanka,59,Mle, ,,17-10-2021,2534,1089,750940,50,0,6,3,,18241,Delhi, ,Win,,4,80257,cash,,82,16,user@yahoo,,3838,36
1068,5086,Joe Root,RCB,,11,female,,basktball,28-11-2021,,-99,1182696,80,3,4,3,,13043,Chennai,Sunny,,,0,81221,upiid,5596,,26,user@yahoo,,2235,160
1174,5113,Joe Root,Barcelona,india,10,female, ,Basketball,15-10-2023,,,,35,3,3,3,,,Mumbai,,Win,1.2,,80650,netbanking,,106,11,xyz@,12345,2540,191
1048,5105,Bumrah,Barcelona,England,62,mal, ,footbal,07-02-2022,5197,2648,,66,5,4,2,,,,,Lose,8,6,82318,credit card,,,25,user@yahoo,9876543210,2302,26
1107,5055,Hardik,Lakers,India,12,femal,,Tennis,13-06-2023,-1981,,868512,128,5,9,4,20820,,Bangalore,,DRAW,,,84491,upi,,60,28,abc@gmail.com,,1697,65
1160,5112,Bumrah,KKR,england,25,Male,, ,05-12-2023,,,,113,9,9,2,,,Mumbai, ,win ,,7,82425,cash,9722,,5,,12345,3928,130
1118,5012,Joe Root,MI,india,14,Mle,,basktball,09-12-2020,,2507,,154,5,5,2,21720,16050,Bangalore, ,win ,9.3,4,80922,creadit card,-574,2,11,abc@gmail.com,,1613,70
1148,5183,Bumrah,Barcelona,sri lanka,43,mal, , ,05-12-2023,493,,63516,110,0,9,2,,18821,Kolkata,, lose,9.2,,83159,cash,,,14,abc@gmail.com,9999999999,4580,126
1149,5017,Bumrah,Barcelona,England,42,male, , ,12-05-2023,3928,215,,167,9,5,1,,,Bangalore,,win ,,1,80397, ,,66,22,abc@gmail.com,,3679,173
1175,5181,Joe Root,KKR,Australia,25,Other,,,22-02-2021,3587,,,141,8,0,4,15659,,,,,5,5,82914,,,,18,,9999999999,3552,153
1036,5112,Dhoni,Barcelona,sri lanka,16,female,,Tennis,21-05-2020,,,,99,6,1,1,,,,Sunny,Draw,,2,80560,upiid,,94,9,user@yahoo,,2227,40
1142,5170,Messi,,,58,male,,,12-10-2022,2147,2634,1305234,196,6,2,1,,14969, ,Rainy,Win,,,80189,cash,,,1,,12345,3678,146
1162,5038,Dhoni,CSK,,14,male,,Tennis,05-12-2023,,1270,1410032,108,6,3,4,,1990,Chennai,,win ,,0,80204,creadit card,2098,,28,,9876543210,4996,110
1198,5188,Messi,Barcelona,India,67,mal, ,Cricket,16-12-2021,,,1057757,119,1,5,1,,5453,,Sunny,Draw,,5,83015,credit card,11134,85,11,,,1464,98
1159,5169,Hardik,MI,,55,male, , ,21-01-2021,,,749984,78,1,8,4,54480,3667,Bangalore,Sunny,Lose,7.5,5,84139,upi,,,11,xyz@,,4739,12
1010,5078,Bumrah,Barcelona,,51,mal,Rahul Dravid,Cricket,25-03-2020,677,2113,841915,133,5,1,5,59719,19797,Delhi,,Draw,2.2,,83371,,,,25,abc@gmail.com,12345,4882,24
1137,5145,Bumrah,,India,35,Female,,Tennis,09-06-2023,,,,160,6,7,5,5907,5276,Kolkata,, lose,,,83041,upi,13219,28,6,abc@gmail.com,,3100,171
1077,5150, Virat,,Australia,21,Female,,Tennis,12-05-2023,,2389,1302254,182,2,8,3,,718,Chennai,Sunny,DRAW,9.6,5,81705,credit card,3738,91,0,xyz@,,4113,32
1076,5181, ,Barcelona,INDIA,10,Mle,John Smith,basktball,05-12-2023,,-381,,18,3,1,2,35415,,Delhi,,Draw,,6,80712,netbanking,,60,17,,9876543210,1956,114
1184,5029,,KKR,,65,male,,basktball,19-10-2023,1533,,1018945,126,2,8,5,,1026,Bangalore,Sunny,Lose,2.5,,83456,cash,,12,2,user@yahoo,,4093,47
1152,5097,Hardik,Lakers,england,50,Mle,Rahul Dravid,footbal,04-02-2022,,-284,,28,6,6,5,,14178, ,,DRAW,1.9,,82684,upi,,33,19,,,4851,173
1001,5057,Ronaldo,CSK,Australia,44,female,,basktball,05-12-2023,-1172,,1347183,188,6,8,1,,,Mumbai,Cloudy,win ,7.3,,84406,credit card,5670,,4,user@yahoo,9999999999,686,35
1063,5195,Ronaldo,Lakers,,11,mal,,footbal,29-08-2023,,2792,,197,3,5,4,,10102,,Sunny,Win,,,84973,,-459,,19,xyz@,9876543210,2036,122
1034,5066,Messi,MI,Australia,8,male,None,,23-09-2023,-1499,1312,,23,6,1,0,,879,,rainy,,,2,83599,upi,-578,,14,,,3579,128
1006,5070,Smith,Barcelona,australia,15,femal,, ,,5466,,255008,150,4,7,1,,,Delhi, ,Win,,,84952,netbanking,16603,,9,,9876543210,600,137
1084,5145,Bumrah,,Sri Lanka,29,femal,, ,27-06-2020,3014,1440,757281,9,0,9,1,31873,4190,Bangalore,Rainy,Lose,,,82321,upi,,104,18,abc@gmail.com,9876543210,1043,10
1145,5105,Rohit ,RCB,INDIA,,Mle,Rahul Dravid,Football,11-01-2023,3417,,529603,181,9,8,4,,,Kolkata,,win ,,,83877,creadit card,-74,,0,abc@gmail.com,,1379,65
1066,5006,Bumrah,KKR,Sri Lanka,47,male,,Tennis,,,,581890,104,3,7,0,,,Kolkata,Cloudy,,2.8,,83522,cash,,,6,abc@gmail.com,9876543210,4528,187
1041,5039, Virat,RCB,INDIA,54,Female,Rahul Dravid,,05-12-2023,,1899,,168,6,1,0,33186,,,,win ,7.4,7,84626,creadit card,9998,,27,user@yahoo,9999999999,1041,98
1117,5069,Messi,Barcelona,Sri Lanka,25,Male, ,Basketball,21-09-2022,,925,,176,1,7,3,28562,7355,,,Win,4.9,,84112,credit card,,62,25,,,1573,185
1124,5192,Dhoni,RCB,australia,26,Other,John Smith,Basketball,26-04-2022,,,1179178,144,1,2,1,19939,,Bangalore,Rainy,DRAW,,,82765,credit card,12282,,21,xyz@,9876543210,4471,10
1166,5067,,KKR,INDIA,35,Female,None,Cricket,07-08-2022,-1103,586,182826,183,0,2,2,,,,Sunny, lose,5.3,1,84565,cash,5939,33,17,,12345,1363,147
1168,5048,Bumrah,KKR,Australia,23,mal,Rahul Dravid,basktball,01-12-2021,,,185028,172,1,8,5,12078,, ,,win ,,3,84906,upiid,,37,1,,9999999999,1010,109
1023,5051,Dhoni,KKR,,22,male, ,Cricket,29-09-2021,2219,,,157,9,8,1,23664,17639,,Sunny,Draw,2.6,,80554,upiid,,,18,,12345,4811,178
1187,5113,Joe Root,RCB,india,22,female,, ,18-06-2023,,,,171,7,8,2,,18398,Mumbai,Sunny,Lose,,2,82140,upi,,45,23,user@yahoo,12345,1256,68
1045,5106,Joe Root,RCB,sri lanka,47,Mle,Rahul Dravid,,29-10-2022,4145,2092,,54,7,3,2,858,6610,,Sunny,DRAW,8.5,,84977, ,16134,,23,user@yahoo,9999999999,1127,104
1018,5028,Hardik,Barcelona,Australia,46,Female,None,footbal,26-11-2023,,762,776752,146,7,6,4,21851,,Bangalore,,Draw,,5,82678,netbanking,14687,58,9,user@yahoo,,1023,5
1067,5148,Bumrah,MI,India,44,mal,John Smith,basktball,18-01-2024,,,,156,0,7,1,22987,15248,,rainy,Draw,4.3,,84916,upiid,,109,14,abc@gmail.com,,3694,157
1101,5077,Hardik,KKR,england,56,Mle,None,Football,13-10-2020,5602,1545,,1,0,4,4,52292,, , ,Draw,,7,80583,creadit card,8129,64,9,,9876543210,2784,116
1041,5008,Bumrah,RCB,india,25,female, ,Tennis,07-10-2021,,566,,163,9,0,3,25943,12869,,Sunny,,,5,84941,,,23,25,abc@gmail.com,12345,4316,5
1031,5174,Smith,KKR,Sri Lanka,67,female,John Smith,footbal,10-04-2020,4663,,,146,3,8,2,31301,,Bangalore,,Draw,8,,81996,netbanking,,42,27,,12345,1049,60
1166,5075, Virat,Barcelona,sri lanka,43,femal,John Smith,Tennis,04-10-2020,-921,,,134,5,5,0,,,Bangalore,Cloudy,Draw,,,80841, ,,,9,xyz@,12345,2301,65
1108,5041, ,Lakers,,30,female,None, ,29-08-2023,,2969,,153,7,2,2,7794,,, ,Draw,5.3,5,82375,creadit card,14206,,26,,12345,4921,127
1035,5178, ,Barcelona,Australia,61,male, , ,05-12-2023,,,634731,110,1,2,3,6557,5645,Kolkata,,win ,,,84038,netbanking,,99,29,abc@gmail.com,9999999999,1154,28
1096,5183,Joe Root,CSK,INDIA,23,Mle,,Football,23-05-2020,2229,1998,,37,2,9,2,,12816,Delhi,rainy, lose,,,81804,cash,12940,74,11,,9876543210,29,83
1163,5178,Joe Root,RCB,India,17,Other,None,Cricket,06-10-2021,5510,48,,130,5,0,4,,17445,Kolkata,Rainy,win ,,7,80729,creadit card,10034,13,7,user@yahoo,,786,129
1130,5197,Rohit ,,england,9,male,Rahul Dravid,Cricket,09-08-2022,-1985,2145,386896,101,9,7,1,,, ,rainy,Lose,9.6,,84349,upiid,,12,22,,9999999999,4105,29
1072,5127,,RCB,australia,43,femal,,Football,05-02-2020,-1474,1368,843111,193,3,1,0,17053,,,rainy, lose,2.9,,81463,netbanking,19932,,13,,12345,3160,179
1135,5019,Hardik,Barcelona,,45,Male,Rahul Dravid,Football,15-05-2022,3813,2074,,94,1,0,4,27158,121,Chennai,Rainy,Draw,,5,84946,,3637,43,1,,12345,1170,164
1096,5154,Joe Root,,england,28,femal,,Tennis,09-01-2024,-204,,437419,91,6,6,5,,3016,Kolkata,,Draw,4.3,,82167,upi,,102,16,abc@gmail.com,9876543210,3198,160
1122,5165,,Barcelona,,56,female,,basktball,09-09-2020,,2261,,70,3,8,1,30748,16558, ,Rainy,win ,6,,84917,credit card,12570,,5,xyz@,9876543210,2745,64
1069,5071,Joe Root,,,22,female,, ,04-11-2022,,,,170,7,5,0,52646,,Chennai,,,,3,81572,creadit card,,,26,,,1364,142
1168,5064,Rohit ,RCB,Australia,18,female,None, ,12-05-2023,,,,189,7,7,3,,,,,Win,2.4,,84966,creadit card,1347,,7,,,1541,32
1195,5181, Virat,MI,,59,Mle,,footbal,25-02-2023,,2324,686744,198,6,7,2,,19026,Bangalore, ,,1.1,6,81393,cash,,,0,xyz@,12345,4146,9
1012,5112,Ronaldo,Lakers,England,69,female,Rahul Dravid,basktball,06-06-2021,,441,,23,9,8,0,,11632,Chennai,,Lose,,1,80256,upi,12058,93,2,,,4493,139
1048,5023,Messi,Lakers,Sri Lanka,60,Male, ,basktball,31-03-2023,5419,,,166,8,6,5,41428,,Kolkata,,Win,,5,80127,netbanking,,,14,,9876543210,313,176
1059,5127,Dhoni,RCB,sri lanka,32,female,,footbal,,-471,1428,,67,3,8,3,15901,16942,,rainy,Draw,,6,81382,creadit card,,48,16,abc@gmail.com,9876543210,2695,179
1129,5174, Virat,KKR,,21,Female,None,Football,13-06-2022,2492,748,945174,127,6,8,1,2268,12221,Bangalore,Sunny,Lose,,,83728,netbanking,7197,33,25,user@yahoo,9876543210,4609,132
1187,5198,,Lakers,INDIA,42,Female,Rahul Dravid,basktball,11-12-2020,,787,874482,92,9,0,0,27625,6060,Mumbai,Cloudy,Draw,7.6,,84651,upiid,203,,24,,9999999999,529,41
1004,5082,Smith,MI,australia,47,femal,, ,18-11-2020,,,439106,43,9,5,3,7502,,,,,,,82700,upi,,,6,,,4955,25
1171,5062,Rohit ,RCB,Australia,9,Other,,Basketball,09-01-2022,,,182286,132,0,7,1,,,Delhi,Sunny,Lose,2.1,,83147,cash,12335,,13,,,2466,145
1026,5184,Hardik,Lakers,australia,69,mal,,Basketball,04-08-2022,,,1318776,54,3,9,4,,16613,,,DRAW,7.2,,82205,cash,17334,75,23,xyz@,,2241,175
1159,5182,Smith,,,18,Male,,Tennis,,5298,,,157,1,8,2,,,Delhi, ,Lose,4.6,,84180,upi,7604,8,24,,,311,8
1148,5059,Ronaldo,Barcelona,Sri Lanka,13,femal,None,Tennis,05-12-2023,-565,639,,28,8,3,3,53196,,,rainy, lose,,,80321,cash,,,2,abc@gmail.com,,995,58
1007,5098,,,Sri Lanka,44,Mle,John Smith, ,19-02-2023,,,,153,4,1,4,11161,,,Sunny, lose,9.7,,82356, ,,,25,abc@gmail.com,12345,2523,109
1199,5061,Dhoni,CSK,,55,femal, ,Tennis,,161,,,153,2,8,5,,,,,win ,,2,84379,upi,2461,23,26,user@yahoo,9876543210,2631,129
1049,5029,Dhoni,RCB,england,47,Other,,,06-09-2021,570,,,36,3,8,5,10585,,Kolkata,, lose,5.6,7,83113,netbanking,-161,,17,user@yahoo,,263,2
1066,5021,,CSK,,,mal,,basktball,18-06-2020,2197,,536796,114,5,7,1,,6208,Chennai,Cloudy, lose,7.3,4,81917,,-74,,21,user@yahoo,,3852,10
1043,5125,Joe Root,CSK,England,,Mle,,Football,03-07-2023,,,,180,9,2,0,,7522,Chennai,Rainy,DRAW,,4,83956,upi,,92,4,user@yahoo,12345,20,91
1124,5156,Bumrah,Barcelona,sri lanka,25,Other, ,footbal,05-12-2023,,,,157,0,4,2,,,Kolkata,,Lose,,4,84709,,7483,93,19,xyz@,9999999999,2524,117
1057,5168,Messi,RCB,Sri Lanka,59,femal,None,Tennis,17-03-2022,-675,,1055201,2,6,1,1,15538,, , ,win ,3.5,5,82696, ,7126,99,21,xyz@,,4644,155
1002,5041,Bumrah,CSK,australia,39,Other,John Smith,basktball,03-09-2021,1571,,1428139,121,7,2,3,,12281,Delhi,,Draw,,2,81516,credit card,17940,82,14,,,1196,141
1085,5097,,RCB,india,15,mal,Rahul Dravid, ,22-10-2020,1254,,,42,6,0,2,25742,,Kolkata, ,Draw,,,83293,creadit card,,87,5,abc@gmail.com,,3133,63
1069,5192,Rohit ,KKR,Australia,14,Mle,,basktball,02-03-2020,,714,275961,6,6,3,4,,8680,Delhi,Rainy,,,4,84324,credit card,,,27,,,205,11
1129,5030, Virat,Barcelona,india,23,femal, ,Football,13-12-2020,2029,1126,1051742,124,8,4,2,38321,,Bangalore,Rainy,win ,,6,83045,cash,8520,2,2,,12345,1636,142
1171,5157,,Barcelona,australia,62,female,Rahul Dravid,,,-1298,2174,,48,3,1,4,25862,,Chennai,,Win,6.1,,80118,credit card,2890,,29,abc@gmail.com,,630,96
1001,5111, ,Lakers,england,34,femal,Rahul Dravid,Tennis,07-01-2023,,,209851,120,6,2,1,,15341,Mumbai,Sunny,Draw,7.6,,82371,cash,1226,1,17,,12345,2226,124
1101,5145,Joe Root,Barcelona,Sri Lanka,22,female, ,Tennis,20-01-2020,,,,72,8,5,0,,19774,Mumbai,Rainy,DRAW,,7,84415,upi,,27,24,abc@gmail.com,,2389,93
1034,5121,Hardik,Barcelona,England,23,mal,, ,20-08-2022,348,,3614,40,4,5,5,6779,5692,Chennai,Rainy,DRAW,1.2,,83918,credit card,,,23,,12345,4535,102
1097,5016,Rohit ,,Australia,37,femal,,footbal,10-12-2021,5810,,393833,105,1,6,2,,,,Cloudy,Win,4.4,3,83260,upiid,4038,,29,user@yahoo,12345,1098,98
1029,5037,Smith,RCB,,47,Other, ,Tennis,05-12-2023,,,1427461,76,4,8,0,49428,18365,Kolkata,Cloudy, lose,,7,82585,credit card,10890,,19,,12345,289,26
1115,5141,Ronaldo,Lakers,england,18,Mle,John Smith,Basketball,30-03-2020,2775,,,181,3,3,0,,,Bangalore,Cloudy, lose,5.8,0,84796,cash,,110,21,abc@gmail.com,9876543210,2604,197
1007,5109,Smith,,india,65,mal,,footbal,12-04-2021,,,1465002,126,7,4,5,,17379,Mumbai,Sunny,Draw,,4,82441,upiid,,48,2,user@yahoo,,207,39
1149,5183,Rohit ,,INDIA,19,mal,None,Basketball,05-12-2023,,,,196,4,1,2,59821,,Kolkata,,DRAW,5.7,,82699,netbanking,10894,,26,xyz@,9999999999,3814,92
1043,5021,Ronaldo,KKR,Sri Lanka,66,mal,,Tennis,19-09-2020,5415,1743,364761,90,8,5,2,56076,, ,,Draw,7.1,1,81017,upi,18641,,7,,12345,271,156
1185,5194,Dhoni,CSK,England,22,Female,,Tennis,27-04-2020,,,551817,154,8,3,0,19124,,Chennai,Sunny,Draw,3.9,,84501,creadit card,13206,,18,,,3678,145
1035,5055,Smith,KKR,,25,mal,None,Tennis,06-06-2020,753,2113,,7,2,4,3,17713,16099,,Rainy,Win,3.6,,83047,upiid,12994,,17,,9876543210,414,165
1196,5118,Bumrah,MI,india,14,female,,Cricket,07-03-2020,,617,641932,31,9,6,3,,,,rainy,Win,,3,82068,netbanking,6613,,14,abc@gmail.com,,3468,108
1076,5146,Rohit ,KKR,England,8,Mle,,Tennis,06-07-2021,,,,63,5,5,2,,4352, ,,Win,,,83665,,12661,30,22,,,4479,155
1030,5056,Rohit ,CSK,england,23,male,Rahul Dravid, ,10-10-2023,,-141,,137,5,7,0,34039,,Chennai,Rainy,Draw,1.7,2,84250,netbanking,7453,,13,abc@gmail.com,12345,1284,76
1046,5171,Bumrah,,INDIA,50,Female,None,basktball,29-03-2021,,2,,12,3,5,0,13219,11537,, ,Lose,,3,84962,upiid,18671,63,15,xyz@,9876543210,4986,67
1054,5034, ,MI,Sri Lanka,27,male,John Smith, ,12-05-2023,97,-390,,190,9,9,1,,,Chennai,rainy, lose,4.2,,84654,,,,2,abc@gmail.com,9999999999,1662,122
1105,5113, ,Barcelona,Sri Lanka,35,femal,,Tennis,18-09-2020,,2195,,92,2,7,0,31351,7539,Chennai, ,win ,,,80193, ,,22,28,abc@gmail.com,12345,4014,196
1189,5124, Virat,Barcelona,,45,Mle,None,Football,28-02-2022,-849,2341,127867,162,0,3,5,,,Bangalore,rainy,Win,6.8,5,82446,netbanking,8640,75,24,,12345,1041,175
1157,5128,Messi,KKR,england,63,femal,None,,24-10-2021,,,,60,6,6,3,,,Chennai,rainy,Win,2.7,2,81399,upi,11535,5,14,xyz@,,4090,111
1120,5051,Bumrah,MI,,46,Male,John Smith,,14-08-2021,-376,1841,,181,4,2,1,,6165,Kolkata, ,Draw,8.9,,82519,upiid,,73,18,xyz@,12345,2294,162
1054,5084,Dhoni,CSK,Australia,62,Male,,Cricket,28-12-2023,,605,,7,9,0,5,,3563,Chennai,Rainy, lose,,2,83927, ,3956,,7,,9999999999,3713,18
1143,5197,,Lakers,India,32,femal,,Basketball,14-09-2020,,-282,404798,28,6,8,3,,9405, ,Sunny,,,4,83687,upiid,8342,,1,abc@gmail.com,,2461,35
1011,5164,Hardik,RCB,australia,36,Mle,John Smith,basktball,30-09-2022,,-133,,94,0,8,5,,,,,,,,84897,netbanking,,115,24,,,1343,18
1144,5064,Hardik,RCB,australia,21,Female, ,Football,03-07-2020,5587,-314,1270713,40,7,5,4,30549,,Bangalore,Sunny,DRAW,,2,80552,,,,16,,,2762,198
1143,5178,Dhoni,Lakers,sri lanka,22,femal,Rahul Dravid,footbal,16-05-2022,2640,,1078091,157,2,1,2,,,, ,,,,80729,,,94,11,xyz@,,2228,162
1139,5128,Smith,Barcelona,Australia,14,male,John Smith,,06-11-2022,3432,,,148,6,7,4,10200,,Chennai,Cloudy,Win,3.7,4,82560,creadit card,,,18,,,3367,161
1135,5020,Hardik,Lakers,england,62,mal, ,Basketball,16-08-2022,-1816,,,10,2,9,2,40790,16175,Mumbai,Sunny,,9.4,6,83997,cash,,,10,,,943,128
1002,5180,Dhoni,KKR,India,13,male,John Smith,footbal,01-05-2022,3056,2368,,1,2,5,3,,9307,Chennai,,Draw,,5,84266,credit card,,,29,abc@gmail.com,9999999999,4988,127
1143,5015,Bumrah,KKR,sri lanka,34,femal,,footbal,12-05-2023,,,213393,177,9,6,3,48931,, ,,win ,9.7,0,84945,creadit card,,,17,xyz@,9876543210,4156,84
1029,5122,Joe Root,KKR,England,53,femal,John Smith,basktball,07-04-2023,,,1067306,168,8,0,4,19563,,Mumbai,Rainy,DRAW,,,80793, ,12008,40,12,abc@gmail.com,12345,4059,43
1022,5060, Virat,RCB,australia,36,mal,, ,04-03-2023,575,,1166993,193,1,2,5,,,,rainy,Draw,,7,80124,upi,,89,13,abc@gmail.com,,165,82
1091,5053,Messi,KKR,,36,mal,,Cricket,04-05-2021,3355,30,1151363,130,3,0,2,,4116,,,DRAW,,0,80174,netbanking,,,28,xyz@,,1905,27
1114,5167,Smith,KKR,England,17,Mle,,basktball,29-01-2020,,2689,,79,5,9,2,16914,,Delhi,rainy,DRAW,3.2,2,82551,creadit card,11705,0,11,abc@gmail.com,9999999999,3056,48
1103,5025,Dhoni,KKR,england,55,Other,John Smith,Cricket,04-10-2021,-808,262,,178,2,0,1,,8417,,Cloudy,Draw,,4,83848,upi,18887,,14,xyz@,12345,1323,69
1117,5079,,Barcelona,england,64,male,John Smith, ,26-05-2020,,,56889,195,9,0,0,39521,,Kolkata,Sunny,Draw,5,,83456,,,,22,,,4750,199
1004,5064,Bumrah,KKR,Sri Lanka,32,Female,,Football,30-04-2022,,819,889533,86,9,3,5,31190,,Delhi,,DRAW,,5,82758,netbanking,19103,23,20,,,350,150
1103,5099,Smith,MI,england,62,female,None,basktball,05-12-2023,2224,,1381212,152,6,6,5,28414,13042,Delhi, ,,,2,83839,creadit card,,42,7,,,2310,162
1107,5073,Rohit ,Barcelona,england,47,Male,John Smith,,01-06-2020,0,2570,,157,6,6,1,,, , ,,,,83755,upiid,,,1,,9876543210,3309,171
1064,5191,Messi,,australia,56,Other,Rahul Dravid, ,28-05-2023,,1584,571590,105,4,4,3,,,Mumbai,Rainy,Win,,7,83642,netbanking,6829,12,7,user@yahoo,,931,116
1120,5170,Bumrah,,India,32,Mle,None,Football,15-06-2020,,,,138,2,5,4,,,Delhi,Sunny, lose,,6,84201,credit card,,,22,xyz@,9876543210,3838,124
1029,5016, ,MI,australia,9,male,John Smith,basktball,29-05-2022,,-324,,16,1,1,5,,,Chennai,rainy,DRAW,,,81970,cash,,24,27,xyz@,9876543210,1113,16
1148,5120,,KKR,Sri Lanka,42,female,, ,30-09-2021,-140,,,153,3,4,2,10672,7759,Bangalore,rainy,,8,0,81660, ,5413,,26,,12345,2186,126
1083,5186,Joe Root,Barcelona,Australia,56,femal,John Smith, ,05-03-2022,-209,,313763,22,3,6,1,,,Mumbai,,win ,2.6,,82575,cash,,,4,,9876543210,1989,14
1197,5022,Smith,KKR,England,25,Female,,footbal,12-12-2022,5239,2499,,183,7,8,4,59033,,Kolkata,,Lose,1.8,,80037,credit card,19119,,1,user@yahoo,9876543210,1385,39
1149,5134, ,MI,,21,Mle,Rahul Dravid,basktball,05-11-2022,298,,,179,7,5,4,42610,15727, ,Sunny,win ,3.5,,84490,upiid,,25,9,xyz@,,3484,199
1199,5171,,CSK,India,64,male,John Smith,Football,09-02-2021,-201,,1273397,47,4,9,5,45495,12635,Mumbai,,Lose,,1,82524,credit card,10295,59,26,,9999999999,1116,108
1031,5180,Ronaldo,Lakers,australia,51,mal,,Tennis,04-04-2021,-1876,624,,19,5,3,0,7366,8820,Kolkata,Rainy,DRAW,,,84817,creadit card,4797,,22,xyz@,9876543210,133,12
1160,5070,Ronaldo,Barcelona,Sri Lanka,39,Female,John Smith,Tennis,,-1074,,,1,7,2,2,34521,, ,Rainy,win ,,7,83576,creadit card,,9,9,abc@gmail.com,9999999999,3951,97
1015,5107,Hardik,,england,35,Mle,None,Tennis,23-02-2021,,,,87,0,8,4,,,Mumbai,,Draw,3.4,2,81308,creadit card,6949,68,3,xyz@,9876543210,1227,55
1037,5078,Messi,CSK,Australia,58,Male,None,Cricket,10-01-2021,,-252,,30,4,6,2,,,Chennai,Cloudy,Lose,2.3,,83535,upiid,6224,54,3,user@yahoo,9999999999,3109,134
1141,5161, Virat,KKR,,64,Mle,Rahul Dravid,footbal,27-02-2023,,1081,642348,154,3,5,5,8856,,,Rainy,Lose,,6,84460,upi,2181,108,7,abc@gmail.com,9876543210,2504,40
1035,5045,Ronaldo,RCB,INDIA,41,female,None, ,29-09-2020,-486,,,129,3,6,1,48066,1517,Delhi, ,DRAW,3.3,6,82228,cash,13173,60,5,abc@gmail.com,12345,3605,91
1150,5195,,RCB,sri lanka,29,female,John Smith,basktball,01-10-2020,310,,837729,77,1,7,4,42738,10738,,Cloudy,Lose,,,84829,creadit card,197,,24,user@yahoo,,1881,13
1113,5077, Virat,Barcelona,Australia,28,male,,Tennis,11-01-2024,,,,3,9,4,5,,,, ,win ,,6,82923,creadit card,18360,21,26,,9876543210,4533,69
1065,5015,Smith,KKR,,9,mal,,,12-05-2023,2113,1287,1333575,140,0,2,4,,14771,,rainy,Lose,,,83041,cash,,117,14,,12345,679,152
1104,5070,Smith,KKR,india,39,Female, ,Cricket,09-08-2020,,,1220859,162,5,2,1,,1234,Bangalore,Rainy, lose,,5,82708,cash,,3,17,,9999999999,2694,187
1084,5095,Dhoni,KKR,,40,Mle, ,Football,,751,2674,,127,6,1,2,16227,,, ,DRAW,2.5,,84339,upi,548,,20,,9876543210,2669,174
1001,5146,Messi,KKR,,47,femal,, ,14-05-2021,4053,,162728,199,4,7,2,16305,,,Sunny,DRAW,,,84408,creadit card,,105,21,,9876543210,1247,96
1192,5001,Joe Root,KKR,England,32,Mle,,Cricket,04-02-2020,,110,,193,7,0,4,,,,,win ,,4,84171, ,,48,7,,,1191,172
1074,5009,Rohit ,KKR,INDIA,61,female,None,footbal,09-12-2021,,2710,407229,133,8,7,5,,17049,Chennai, ,DRAW,2.2,,83952,netbanking,16746,101,19,,9999999999,1130,11
1066,5177,Bumrah,CSK,,36,Male, ,,10-05-2022,-1808,2370,,30,1,2,1,,9805,Delhi,Cloudy,win ,,6,82309,netbanking,,103,26,,9876543210,1403,118
1179,5124,Ronaldo,MI,sri lanka,46,Other, ,Football,,1501,,,137,3,8,3,27633,2798,Mumbai,rainy, lose,,,80230,cash,,61,6,,9999999999,2071,61
1189,5080,Joe Root,CSK,India,21,mal, ,Cricket,14-12-2021,,,88904,20,8,1,2,,,Kolkata,rainy,Win,,7,82750,upi,,92,26,xyz@,,1330,36
1150,5139,Dhoni,Lakers,India,31,female,,Football,23-12-2021,,2335,,22,4,9,3,30717,,Delhi,Sunny,,,,82693,credit card,,42,22,xyz@,,1381,138
1153,5069,Bumrah,RCB,england,17,Other, , ,24-06-2023,,,,130,2,8,4,,,Kolkata,Rainy, lose,,,82804,netbanking,12206,,19,abc@gmail.com,,369,129
1195,5149,Messi,Lakers,india,53,female,John Smith,Tennis,,,,1158670,159,5,5,3,40840,7646, ,Cloudy,Lose,,,80841,creadit card,13975,,16,xyz@,9876543210,3794,63
1054,5031,Bumrah,Barcelona,England,12,Female,None,Cricket,12-05-2020,3700,935,285843,147,2,0,5,,,Kolkata,Sunny,DRAW,1.2,4,83583,creadit card,17989,54,18,,,2490,140
1005,5104, ,CSK,England,46,Male,,Cricket,18-01-2020,,,,28,4,4,5,15106,13356,,rainy,DRAW,,0,84611,,8841,,1,,,1176,5
1162,5083, ,MI,sri lanka,61,Male,Rahul Dravid,Football,20-03-2021,,974,,104,2,9,3,30736,9044,, ,,9.4,4,82489,cash,-283,87,28,user@yahoo,12345,375,78
1149,5128,Rohit ,Lakers,india,52,Female, , ,05-12-2023,,1748,,51,5,8,5,45022,3369,Chennai,Rainy,Lose,,,84914,creadit card,19702,51,28,xyz@,9999999999,2760,36
1170,5181,Bumrah,MI,,51,Other,Rahul Dravid,Cricket,05-12-2023,-1363,1832,1259650,114,9,5,2,39383,,Kolkata,,Draw,1.3,,83534,,,24,11,user@yahoo,,3290,145
1142,5057,,RCB,India,32,femal, ,,08-12-2022,,2318,1178974,173,4,6,4,24948,,Delhi, ,Lose,1.9,,80607,upi,,,18,,,1943,186
1085,5197,Messi,Barcelona,sri lanka,18,male,, ,23-11-2023,,,,161,8,3,3,,,Kolkata,Rainy,Lose,2.6,,84618,credit card,6309,,4,abc@gmail.com,9876543210,957,150
1059,5145,Joe Root,Lakers,Australia,58,male,John Smith,basktball,27-10-2021,,1094,,100,2,0,2,,,Kolkata,rainy,Draw,2.7,3,83960,,,,26,,,810,159
1100,5133,Rohit ,Barcelona,England,33,Female,John Smith,Cricket,30-11-2021,,,,83,5,4,3,,17069,,,Draw,,,84257,upiid,7932,97,11,xyz@,9999999999,4922,154
1011,5044,,Lakers,sri lanka,21,Female,, ,,,640,1472175,60,7,1,2,42072,, ,,DRAW,4.1,,82031,netbanking,,119,16,xyz@,9999999999,1533,13
1048,5096, Virat,RCB,Australia,21,femal,John Smith,,05-11-2020,1700,,,124,6,7,5,,4491,Chennai,Cloudy,win ,3,5,80201,,12894,,4,abc@gmail.com,12345,4430,191
1041,5022,Dhoni,RCB,INDIA,28,Other,,Basketball,11-01-2023,,1619,146284,199,5,3,5,28263,17823, , ,Win,,3,81364,creadit card,,103,1,user@yahoo,9999999999,409,195
1165,5022,Bumrah,,sri lanka,30,Female,Rahul Dravid,Tennis,09-10-2023,,1219,,70,1,0,4,,,,Cloudy,Lose,,,80751,,,42,29,,12345,53,63
1081,5153,Smith,RCB,england,33,Mle,,Tennis,01-11-2022,-444,,,69,6,9,5,46830,9601,Mumbai,Sunny,,,4,81205,creadit card,-102,,3,,12345,4796,11
1172,5134,Ronaldo,MI,Australia,25,femal,Rahul Dravid,Football,11-10-2020,,,37387,138,7,6,1,,4659,Kolkata,,DRAW,,0,81320,creadit card,9250,,5,user@yahoo,,1098,69
1034,5078,,CSK,australia,23,male,None,,13-02-2021,2145,,232087,107,0,1,2,,13509,,Cloudy,Lose,,7,83887,creadit card,9361,109,8,user@yahoo,9876543210,2396,192
1157,5043,Hardik,CSK,INDIA,53,female,John Smith,Basketball,11-05-2020,5746,,769935,190,8,2,2,11906,16617,Mumbai,rainy,,,3,81330, ,,,25,,9999999999,974,102
1157,5026,Bumrah,RCB,England,26,femal,None,Football,05-12-2023,1628,,,20,3,8,3,38704,,Bangalore, , lose,,5,80430,cash,,14,21,abc@gmail.com,,4488,196
1133,5025, Virat,MI,England,65,Mle,John Smith,Tennis,09-06-2020,5460,1955,761435,130,7,8,4,51372,10780,Bangalore,, lose,4.7,1,82165,upi,,,9,user@yahoo,12345,4649,32
1066,5096,,Lakers,england,22,male,None,footbal,02-03-2020,,,117755,81,9,1,0,,, ,rainy,Draw,5.4,6,84683,creadit card,,,28,abc@gmail.com,,2894,10
1079,5035,Bumrah,,Australia,32,mal, ,,12-03-2022,,,,87,6,2,5,8246,,Mumbai,rainy,DRAW,7.1,1,83117,credit card,5115,116,10,,9876543210,3279,108
1006,5108,Messi,MI,sri lanka,46,Other,None, ,14-03-2022,,,830386,110,9,8,0,,,Delhi,,Lose,,5,82274,creadit card,,68,27,,9876543210,4921,54
1179,5054, ,CSK,Australia,64,Mle,Rahul Dravid,,14-09-2021,3201,,,9,6,0,1,,1721,Mumbai,Rainy, lose,5.2,,83365,netbanking,,83,1,abc@gmail.com,,4839,183
1013,5191,Joe Root,KKR,India,38,Mle,Rahul Dravid,footbal,24-08-2023,-951,2092,,154,1,1,4,,,Delhi,Rainy,DRAW,,,81263,,13083,,23,xyz@,9876543210,2224,82
1072,5184,Joe Root,MI,India,69,Other,,Tennis,30-10-2021,-1221,1141,849993,11,0,1,2,27280,, ,,Lose,,,82395,cash,5520,31,20,,,2558,190
1142,5068,Smith,Lakers,India,9,Male,Rahul Dravid,footbal,21-01-2020,,,1258324,6,3,9,0,33347,15297,Kolkata,Sunny,DRAW,1.4,7,84236,cash,126,,24,abc@gmail.com,9876543210,3690,183
1148,5060,Dhoni,RCB,sri lanka,51,Female, ,,03-10-2022,4672,-414,1496588,144,1,2,1,53233,18775,Chennai,,DRAW,4.7,0,84299,credit card,,,25,,9876543210,138,87
1162,5129,Smith,KKR,india,67,Other,, ,29-09-2023,,520,,192,7,9,4,28790,4942,Mumbai,,,,7,83733,upi,,29,8,,9999999999,3173,82
1065,5054,Dhoni,RCB,sri lanka,44,female,,footbal,04-03-2020,-834,-454,,191,9,2,1,,3536,Mumbai,Rainy,Win,8.4,2,81665,creadit card,10816,,19,,,2520,35
1090,5121, ,MI,england,23,male,,Tennis,23-03-2021,,-444,,113,6,9,5,27644,,Mumbai,, lose,,3,80860,cash,,,28,,,4637,67
1129,5096,Messi,KKR,Sri Lanka,49,Male,,Tennis,26-09-2023,5634,,,25,7,1,0,,4796,Bangalore, ,,,,80844,,,,16,,12345,2241,65
1162,5079,Ronaldo,MI,India,52,mal,,,14-11-2020,-72,1696,1018895,14,5,7,3,,,Chennai,Cloudy,,,,83042, ,978,,26,,9999999999,3827,17
1019,5086,Hardik,RCB,INDIA,12,femal, ,Cricket,15-09-2020,-278,,,32,0,7,3,,,Delhi,Sunny,win ,1.6,2,83340,,16850,,29,,,1337,42
1009,5037,Dhoni,KKR,australia,36,male, , ,11-11-2023,,2493,,61,8,7,4,,9200,Kolkata,,Win,9.7,2,83489,,1223,76,8,xyz@,,4089,187
1024,5118,Hardik,RCB,australia,53,female, ,Cricket,19-07-2020,-98,,78566,46,5,1,1,,19459, , ,Draw,,2,81938,creadit card,,11,24,abc@gmail.com,9999999999,2852,198
1193,5077,,MI,India,59,Other,John Smith, ,07-02-2024,,,,94,9,8,2,,,Mumbai,,win ,2.5,,80136,creadit card,2480,,7,xyz@,12345,2294,121
1024,5156,Joe Root,KKR,Australia,9,Other,John Smith,Basketball,23-10-2022,5331,,,34,0,6,0,,,,,win ,8.1,,83232,netbanking,,85,4,,,2677,121
1053,5153,Joe Root,Lakers,,32,Other,,Basketball,,,329,,192,0,4,3,,,Kolkata,Cloudy,,6,,82220,credit card,,94,4,user@yahoo,9876543210,72,139
1032,5034,,CSK,Australia,44,male,None,footbal,12-05-2023,,1996,469982,199,7,6,3,54933,4627,Kolkata,rainy, lose,,,81153,cash,,112,25,abc@gmail.com,,2878,78
1163,5078, ,KKR,India,30,mal,,basktball,04-08-2021,,111,,75,5,7,1,,3089,Delhi,,Lose,8.2,2,84174,credit card,9949,,5,user@yahoo,,2141,28
1094,5066, Virat,Barcelona,australia,31,mal,None,Football,14-01-2023,,196,,122,7,8,3,37886,,Chennai,Cloudy, lose,,,80978,credit card,,,15,xyz@,,4530,39
1013,5086,Hardik,Lakers,india,32,femal, ,footbal,23-11-2020,,23,1422374,82,7,1,1,,2178,,,DRAW,,7,80568,cash,,45,0,xyz@,9999999999,1806,182
1064,5156,Dhoni,CSK,england,9,mal,,footbal,31-10-2022,,1133,942451,24,7,5,0,,, , ,Win,1.1,,82910,creadit card,,,8,,12345,2045,100
1109,5033,Hardik,RCB,,39,female, ,Tennis,12-12-2020,-1063,,,56,9,8,1,,11429, ,Cloudy,Draw,7.8,,82410,upiid,,,20,abc@gmail.com,9999999999,3502,11
1079,5096,Messi,,england,35,female,None,Football,31-05-2020,,2857,1336926,31,6,5,3,,,Delhi,rainy,Win,2.4,2,83406, ,,,6,,,4552,115
1053,5168, Virat,CSK,INDIA,54,Other,,footbal,14-08-2022,5352,2668,,62,6,1,1,35917,15872,Bangalore,Sunny, lose,,7,80133,netbanking,1205,,10,xyz@,,3501,186
1124,5168, ,Lakers,australia,36,Male,,Cricket,22-03-2023,4486,2436,,11,9,0,3,428,14434,Chennai,Rainy,Win,,,82061,cash,,111,14,xyz@,9999999999,2276,117
1179,5150, Virat,,india,66,Female,,Football,22-06-2020,,432,1275527,62,3,2,5,11707,,Mumbai,,Draw,8.9,2,84378,cash,,99,23,,,2077,168
1130,5070,Rohit ,MI,india,35,Mle,,basktball,27-04-2022,,1527,1423097,76,8,4,4,,, ,rainy,DRAW,5.6,4,82853,upi,,33,4,xyz@,,1648,132
1168,5002,Hardik,Barcelona,india,13,Male,John Smith,footbal,05-12-2023,-949,,,91,1,6,3,,,Chennai, ,,,,83730,upiid,17768,,18,,9999999999,334,64
1133,5057,Hardik,CSK,sri lanka,35,Male,,Cricket,11-12-2023,2775,561,1126064,0,8,9,3,,3226,Delhi,,win ,1.4,,83492,upi,,52,5,,9876543210,4755,176
1024,5031,Joe Root,CSK,england,24,femal,, ,10-08-2020,5483,597,,178,9,9,3,13296,3965,Bangalore,rainy, lose,,2,80126,creadit card,,34,22,,,4664,198
1140,5030, ,RCB,India,30,male,Rahul Dravid,basktball,06-09-2023,2052,,670011,69,2,2,4,,,Mumbai,Cloudy,win ,,0,81795,creadit card,10770,,28,,9999999999,4272,83
1116,5081,Hardik,Lakers,India,22,Other,John Smith,Basketball,26-09-2023,,2980,733763,135,1,8,5,,,Chennai,, lose,9.4,5,81849,cash,,57,13,,,2871,159
1135,5042,Smith,Barcelona,sri lanka,25,Female,John Smith, ,25-09-2020,,1612,,195,3,9,2,,177,Bangalore, ,Lose,1.3,,84313,upiid,9367,,19,,,2615,2
1148,5134,Smith,Lakers,,31,Male,John Smith,basktball,23-06-2021,-1915,1778,271516,132,4,3,3,,15684,Kolkata,Rainy,,8.7,,83976,upi,,18,24,,9999999999,4872,43
1195,5104,Messi,,INDIA,66,femal, ,footbal,06-10-2023,,,1242534,85,1,9,2,,,Bangalore,rainy,,3.6,,84840,cash,,,13,user@yahoo,,4172,41
1024,5000,Hardik,Barcelona,india,24,femal, ,,17-10-2021,-934,1719,,38,0,1,0,17412,6928,Chennai,, lose,7.6,3,82727,upiid,10405,,10,,,932,60
1078,5060,Dhoni,Lakers,,38,Male, ,,18-04-2022,1303,2246,,22,9,2,5,54134,,Delhi,Sunny,,,,83726,credit card,,,3,,9999999999,635,112
1067,5013, Virat,Lakers,england,18,Male,,footbal,05-12-2023,,379,,67,4,4,1,,14587,,Rainy,Win,5.5,,83560, ,9352,74,26,abc@gmail.com,,3229,174
1172,5179,,CSK,Australia,18,Male,John Smith,Tennis,02-01-2023,,19,979965,179,8,2,2,43289,13122,Delhi,,Lose,2.1,2,80259,upiid,,,9,,9999999999,1190,40
1187,5005,Joe Root,KKR,,22,male,, ,27-11-2021,,,,3,4,4,5,58697,,Delhi,Sunny,DRAW,1.5,0,81241,netbanking,1637,,1,user@yahoo,,11,59
1011,5102, ,KKR,australia,62,Other,John Smith,,10-03-2020,4068,,350830,125,9,3,0,35864,,, ,Win,2.9,,81843,upi,,,24,user@yahoo,9876543210,4002,45
1031,5009,Dhoni,RCB,England,45,male,, ,04-07-2020,1653,,67,174,8,9,5,18944,3505,Chennai,Sunny, lose,8.2,,81512,cash,15742,,3,,9876543210,4926,42
1127,5070, Virat,RCB,england,49,male,,Football,15-01-2024,,-168,,20,9,2,1,,12726,Chennai,rainy,,7.1,,84194,creadit card,,34,19,xyz@,12345,1449,119
1095,5089,Hardik,MI,sri lanka,41,Female,Rahul Dravid,basktball,19-01-2021,,1582,1001686,183,5,5,3,1635,,Kolkata,Rainy,Win,,6,84277,cash,16547,34,9,,,448,149
1091,5157,Dhoni,Barcelona,India,46,Mle,None,Cricket,28-11-2023,837,,,104,2,7,3,,1086,Delhi, ,Lose,6.4,,82216,creadit card,,,0,,9999999999,2496,131
1140,5148,Rohit ,KKR,australia,41,male,,footbal,16-01-2022,2252,306,,65,3,3,3,,13937,Chennai,Sunny,Lose,4.8,0,82280,netbanking,,,13,xyz@,,426,194
1030,5125,Dhoni,RCB,australia,59,femal,John Smith,Cricket,20-01-2021,,-46,,186,3,8,4,,4044,Bangalore,Sunny,DRAW,3.1,4,80955,upiid,8057,31,17,user@yahoo,,915,139
1077,5187,Smith,Lakers,Sri Lanka,20,Other,None,Cricket,,3136,2134,,6,0,5,4,,15392,Delhi,Cloudy,Win,,2,84567,credit card,,,11,user@yahoo,,3169,24
1019,5096,Hardik,RCB,Australia,62,female,Rahul Dravid, ,06-08-2021,,,1220921,48,2,4,4,,15011,,Rainy, lose,1.4,,81108, ,10279,,18,,9999999999,4726,50
1145,5073,Ronaldo,RCB,india,10,Female,,footbal,03-03-2020,,2431,95499,15,2,2,4,15049,19595,Chennai, ,win ,2.5,,84774,upiid,,62,22,,,4321,88
1059,5114,Dhoni,CSK,australia,,mal,John Smith,Tennis,05-12-2023,,,911558,144,0,4,0,25185,,, ,win ,4.1,4,81542,credit card,2846,9,11,,9876543210,446,21
1190,5190, ,KKR,,32,Male,Rahul Dravid,,19-04-2022,286,,,83,8,4,5,,1482,,,win ,1.4,,80380,credit card,17591,,24,abc@gmail.com,9876543210,1910,153
1133,5169,Rohit ,Lakers,,31,Mle,,Tennis,31-12-2022,-1505,,,86,0,3,0,24990,8214, ,Sunny,Win,4.8,,81255,upiid,,,27,xyz@,9876543210,3735,132
1159,5050,Hardik,KKR,Sri Lanka,11,female,,Basketball,05-10-2020,,,867139,97,8,5,3,15509,,,Cloudy,DRAW,8.3,6,82298,creadit card,,59,4,xyz@,9876543210,2250,125
1092,5191,Dhoni,,england,56,Female,Rahul Dravid,,05-12-2023,,37,1215370,74,0,2,1,,,,rainy, lose,,7,82240,netbanking,,99,3,abc@gmail.com,9999999999,4770,43
1042,5055,,Lakers,australia,22,female,,Cricket,29-12-2023,,1458,93402,33,1,9,4,26100,,Chennai,Rainy,,,,81658, ,-864,67,12,abc@gmail.com,9999999999,2681,175
1129,5040,Bumrah,KKR,england,13,mal, ,Basketball,24-07-2020,,2426,,160,1,0,5,24761,,,rainy,Draw,6.7,,82984,creadit card,,,17,,,1401,23
1059,5031,Rohit ,CSK,india,53,Female,,Tennis,,513,,343520,25,5,6,1,,11172,Kolkata,,Draw,,,82648,credit card,2160,75,29,,12345,3407,188
1150,5014,Ronaldo,KKR,Australia,66,Other,,Basketball,22-03-2022,1617,,967464,65,6,6,0,34407,18815,Chennai, ,Draw,,4,83958,upiid,9640,94,28,abc@gmail.com,12345,1043,21
1030,5061,Bumrah,Lakers,england,18,male,None,,26-03-2021,,,,124,0,3,4,51671,1080,Bangalore,Rainy,Draw,,,83371,,18525,,11,,,3018,194
1004,5154,Rohit ,Barcelona,sri lanka,13,Male,John Smith,footbal,12-02-2021,1504,177,269134,62,2,8,0,30150,13152,Chennai,Sunny,win ,,5,83429,creadit card,834,,29,,9999999999,391,179
1161,5027,Joe Root,,australia,47,female,, ,27-05-2021,,,,86,1,1,0,50736,19582,,, lose,2.1,4,81580,upi,,,15,,9876543210,4819,143
1009,5063, ,CSK,Sri Lanka,52,Female,None,basktball,07-02-2022,,,969242,40,7,0,2,22260,,Bangalore,Rainy, lose,,,84860,cash,,18,22,user@yahoo,,1285,58
1088,5186, Virat,Lakers,australia,43,female,,Football,31-07-2022,,321,174662,185,8,2,5,,15751,,Rainy,DRAW,6.3,1,82932,upiid,,86,5,abc@gmail.com,12345,4109,26
1129,5185,Rohit ,Barcelona,sri lanka,11,mal,None,Basketball,27-11-2023,-1044,,805797,97,1,6,0,,17421,,,,,,81586,,17691,68,27,abc@gmail.com,,2434,59
1125,5129,Ronaldo,Barcelona,sri lanka,24,femal,,,29-10-2021,2411,,,123,1,8,3,34066,4653,,Cloudy,Lose,,,82112,,13757,,27,,9999999999,641,90
1010,5126,Messi,,Australia,13,femal,,,31-01-2021,1335,2153,1458957,78,9,1,0,,,,Rainy,Draw,,,83637,creadit card,,109,6,user@yahoo,12345,1045,45
1177,5035, Virat,,england,41,male,John Smith,Football,10-03-2020,2309,1649,1289359,9,8,5,4,51447,18140, ,,win ,,7,84561,cash,1589,,23,,,4320,194
1158,5113,Hardik,Barcelona,India,67,mal,John Smith,Football,11-07-2022,,,,14,3,2,3,,11602,Chennai, ,DRAW,2.6,,84983,creadit card,10884,19,8,,9876543210,4037,163
1055,5198,Rohit ,MI,Sri Lanka,24,male,John Smith,Basketball,14-03-2022,,,1213111,41,4,4,0,28474,17945,Bangalore,, lose,2,,82521,upiid,,,9,user@yahoo,,3047,94
1082,5012, Virat,CSK,england,36,Male,None,Basketball,24-04-2023,3280,2967,,92,8,8,3,,9702,Chennai, , lose,5.9,4,83751,credit card,,,4,xyz@,12345,1157,110
1136,5014,Dhoni,KKR,England,17,male,,footbal,08-07-2021,,94,261072,184,5,2,0,56176,1547, ,,Draw,,0,82702,netbanking,,62,26,xyz@,,3249,64
1098,5088,Rohit ,CSK,sri lanka,26,Other,Rahul Dravid,Basketball,31-08-2023,,2579,176957,16,9,0,5,39772,15366,Delhi,Rainy,win ,8.8,,80018,,8036,19,20,,9876543210,3627,84
1148,5187,Bumrah,Barcelona,india,17,female,,Football,08-05-2021,,1139,586295,187,8,4,3,41120,,,rainy,DRAW,6.2,,82569,creadit card,,,3,xyz@,9999999999,1543,77
1072,5021,Ronaldo,Barcelona,Sri Lanka,62,femal,None,basktball,05-12-2023,,2902,,8,8,0,1,,,,Cloudy,win ,6.1,7,80783,creadit card,,16,10,,,791,27
1155,5190,Smith,Barcelona,Australia,35,male,John Smith,Basketball,26-10-2022,1071,,,113,6,7,2,,1377,Chennai,,Draw,9.5,3,81706, ,6385,,18,xyz@,,436,87
1189,5073,Smith,RCB,,25,femal,,Tennis,05-12-2023,1791,1496,896749,35,9,6,3,11367,8162,Chennai,rainy,win ,8.7,,80414,upi,,,28,xyz@,9876543210,3514,159
1114,5024,,,India,63,femal,,Basketball,12-07-2020,3665,,45290,35,8,1,4,,12306,Delhi,rainy,Win,2.1,,80363,upiid,18098,,6,xyz@,,4676,12
1006,5100,,,england,66,female,,,26-12-2020,3261,,,47,4,8,2,250,12315,, ,Lose,1.3,5,82575,creadit card,4599,69,12,abc@gmail.com,9999999999,4782,102
1079,5175,Ronaldo,Lakers,Australia,19,female,John Smith,Football,18-09-2020,3247,,254736,50,4,4,2,,6304,Mumbai,, lose,,,81103,cash,,27,12,xyz@,9876543210,4460,45
1143,5170,Messi,Barcelona,Sri Lanka,22,male,None,Football,07-11-2022,,,150002,96,7,6,0,3586,13423,Chennai,rainy, lose,6.7,,84891,,,57,20,abc@gmail.com,9876543210,3959,128
1096,5116,Ronaldo,CSK,England,34,male,John Smith, ,28-02-2023,,1492,403902,118,9,3,3,,, ,Cloudy,Lose,8,4,81171,credit card,,,22,abc@gmail.com,,4364,32
1003,5165,Dhoni,RCB,Sri Lanka,27,male,,Basketball,,,,,94,3,0,5,,8544,Chennai,,Draw,3.2,,81698,creadit card,18473,45,17,xyz@,9876543210,1716,54
1003,5040,Ronaldo,CSK,,18,Other, ,Tennis,24-08-2021,-1010,1416,,69,8,7,2,37893,,Bangalore,Sunny,win ,8.3,,80442,netbanking,8332,,24,,9876543210,3636,194
1102,5172,Ronaldo,Lakers,india,41,female,,basktball,30-05-2023,,426,,73,6,0,4,22294,,,Rainy,Lose,,,83943, ,15879,3,24,,9999999999,3364,113
1039,5087, Virat,CSK,,12,female,John Smith,,27-01-2020,,861,1217072,79,6,2,5,26397,,,Sunny,Lose,,,84745,cash,,,28,,9999999999,4173,115
1016,5167,,CSK,australia,22,male, ,Tennis,,,1554,,67,2,5,5,,16581,Chennai,Sunny,win ,,,84604,cash,19116,,8,user@yahoo,12345,188,32
1100,5109,,CSK,England,63,Male,Rahul Dravid, ,12-03-2020,,1543,1038162,149,3,7,4,29796,15769,Chennai,,DRAW,,1,84561,creadit card,15201,36,12,abc@gmail.com,,2718,143
1102,5119,Hardik,MI,INDIA,13,Mle,John Smith,basktball,17-10-2021,3216,255,,76,6,7,4,13527,,Bangalore,,,,,82412, ,,35,12,xyz@,9999999999,2405,104
1123,5096,Smith,Barcelona,,47,femal,,basktball,23-12-2023,,,,115,4,1,0,,,Kolkata,Cloudy,,,,82589,,15251,110,4,,12345,3930,55
1051,5144,,RCB,india,11,Other, ,,13-10-2022,2924,2700,,5,2,8,1,23131,,Delhi,Sunny,Win,8.9,,81839,creadit card,16793,,29,user@yahoo,,3165,41
1051,5056,Messi,KKR,india,44,female, ,Tennis,18-03-2023,,,1080946,153,0,3,3,7514,14190, ,rainy,win ,7.2,,81503,creadit card,683,8,25,,9876543210,902,127
1163,5129, Virat,,sri lanka,49,femal,,footbal,07-03-2020,3258,,,74,6,3,2,,,, ,DRAW,5.4,,80722,,,,11,xyz@,,340,40
1123,5095,Smith,RCB,INDIA,58,female,Rahul Dravid,Basketball,07-03-2021,,,1417681,87,5,1,3,,,Chennai,rainy,Lose,3.7,6,80841,netbanking,,86,24,,9999999999,2881,72
1165,5120,Hardik,,Australia,58,male,Rahul Dravid,Tennis,24-03-2023,,1055,,2,9,0,5,,,Mumbai,Rainy,,4.2,7,82347,cash,,,0,abc@gmail.com,,4506,114
1177,5061,Ronaldo,CSK,Sri Lanka,63,female,John Smith,Tennis,05-12-2023,763,2006,1099419,51,6,9,2,46398,4303,Kolkata,Sunny,Lose,,,82221,credit card,,35,17,,9999999999,4993,177
1062,5136,Hardik,CSK,,69,mal,Rahul Dravid,basktball,05-12-2023,-1781,1397,1497868,73,1,6,0,885,,Bangalore,,Lose,,,80645, ,12885,,25,xyz@,,643,38
1115,5067,Smith,MI,Australia,63,mal,John Smith,basktball,18-12-2021,,128,427432,124,3,9,3,12314,, ,Cloudy,win ,8.4,4,80023, ,,,20,,9876543210,20,56
1190,5080,Joe Root,Barcelona,india,68,Female, ,Football,14-01-2023,-396,,1010914,187,1,2,0,9102,15849,Delhi,Cloudy,DRAW,,0,83272,,,61,20,user@yahoo,9999999999,3072,34
1061,5016,Rohit ,CSK,INDIA,55,femal,,Football,24-12-2023,,,394580,190,7,3,0,17078,16721,Mumbai, ,Lose,4.9,,84826,creadit card,-744,80,21,user@yahoo,,677,129
1006,5116,Rohit ,KKR,england,19,Male,Rahul Dravid,Football,31-07-2020,-1146,1715,1141052,64,6,8,3,,, ,, lose,,,80006,netbanking,13022,101,29,abc@gmail.com,,1099,10
1154,5049,Bumrah,Lakers,,26,Other,,Tennis,05-09-2023,1856,,1328660,51,0,5,3,14672,259,Chennai, ,win ,,4,83701,cash,-576,,23,abc@gmail.com,9876543210,2650,168
1091,5111,Dhoni,MI,Sri Lanka,43,mal,,Football,16-05-2023,,148,1277660,75,1,0,2,36745,11050,Chennai,rainy,DRAW,,2,83232,cash,6242,67,27,user@yahoo,,3469,16
1013,5093,,Barcelona,sri lanka,38,Female, ,footbal,29-03-2023,2814,573,,141,1,8,5,,6231, ,rainy, lose,,7,82925,upiid,,16,16,xyz@,,4183,174
1198,5167,Hardik,Barcelona,,68,Male,Rahul Dravid,,01-08-2021,-1112,,,88,3,8,5,,19443,, ,DRAW,,,81271,upiid,19683,83,9,,9999999999,2064,152
1085,5185,Ronaldo,MI,Australia,35,Other,Rahul Dravid, ,,,,174354,71,2,4,4,13799,,Delhi,Sunny,Lose,,0,84261,credit card,14431,,27,,9876543210,3400,14
1132,5084,Hardik,,India,65,Male,,footbal,03-07-2023,,,,67,0,7,0,,,Bangalore,Cloudy,DRAW,5.1,,84523,upiid,,82,8,,9999999999,2871,90
1182,5148,Ronaldo,RCB,Sri Lanka,18,male,None,Cricket,01-02-2024,3657,2435,,155,1,6,5,,15724,Mumbai,Rainy,,4.6,2,82192,upi,,70,19,,9876543210,2430,167
1129,5145,Joe Root,RCB,australia,23,mal,None,Tennis,12-10-2020,116,1329,,198,8,7,1,,, , ,win ,4.4,2,82556,upiid,16958,0,7,,9999999999,2687,18
1061,5182,Joe Root,MI,england,9,Other,None,Basketball,05-07-2022,,-278,570265,137,0,8,2,718,8344, ,,Draw,3.6,4,82954,upi,-878,,27,,,1416,84
1148,5156,Dhoni,,australia,59,Female,,Cricket,08-03-2022,801,1449,,114,8,1,2,,17659,Bangalore, ,Lose,7.7,,81599,creadit card,1680,,14,user@yahoo,12345,4405,169
1078,5151,Messi,,England,69,male,,footbal,12-05-2023,674,-240,,56,6,9,4,,7953,Chennai, ,Win,,5,81666, ,,59,12,abc@gmail.com,,491,56
1148,5073,Smith,Lakers,INDIA,20,female,,Football,30-01-2024,,,717955,65,1,4,4,,6256,,rainy,Win,9.4,,84919,netbanking,,,27,,,759,164
1137,5108,Bumrah,,India,46,mal,John Smith,footbal,25-05-2020,,,,89,1,7,0,36063,,Mumbai,,Win,3.3,,81061,creadit card,2630,,20,user@yahoo,,3501,152
1057,5144,Joe Root,RCB,England,53,Male,, ,26-09-2021,,,216529,49,4,2,2,,18591,, ,Lose,1.7,7,84661, ,12224,35,16,user@yahoo,9876543210,0,90
1119,5017, Virat,Barcelona,,12,Female,None,,07-06-2023,,,862934,13,4,5,2,4691,4509,,Sunny,DRAW,5.4,,83801,netbanking,,57,29,,9876543210,2088,29
1166,5041,Rohit ,Barcelona,,12,Male,None,basktball,22-03-2021,523,,979947,15,3,5,1,,, ,rainy,DRAW,2.2,6,81163,upi,7370,,8,user@yahoo,9999999999,3656,22
1132,5100,,CSK,england,57,Other,,Football,02-10-2023,,,,181,9,6,0,,,Chennai,Sunny,Lose,,,83879,cash,11724,,23,user@yahoo,,4767,11
1064,5044,Ronaldo,KKR,India,14,Female,,basktball,,,-42,1204464,170,9,2,0,47143,6305,,Cloudy,Draw,4.5,,81281,credit card,,,20,xyz@,9999999999,211,41
1012,5081, ,KKR,australia,25,male,John Smith, ,05-12-2023,521,,561794,41,2,7,5,27583,11565,,,Draw,,7,82664, ,,,29,xyz@,9876543210,3722,177
1180,5016,Rohit ,MI,Australia,60,mal,,Football,25-11-2020,2139,,,109,3,7,4,,,, ,Lose,,,82895,credit card,6974,60,10,abc@gmail.com,,3517,139
1081,5072,Joe Root,Lakers,sri lanka,58,Female,None,basktball,22-02-2021,4407,,,21,9,8,5,45837,,Kolkata,Sunny,Win,,,81208,creadit card,,13,29,,12345,1965,52
1172,5013,Joe Root,Lakers,Sri Lanka,19,femal,None,,05-07-2022,-1807,2333,,67,3,7,0,17425,,Kolkata,,Win,9.1,2,80302,upi,18834,,3,xyz@,,303,67
1159,5176, Virat,Barcelona,sri lanka,42,female,None,Basketball,12-05-2023,-959,,,18,1,2,1,24421,,Bangalore,Rainy,DRAW,3.6,,80755, ,,,23,abc@gmail.com,9999999999,4786,85
1163,5156, Virat,KKR,Sri Lanka,15,male,,Basketball,07-12-2020,254,,,65,4,5,0,58338,,Delhi,Sunny,,3.8,3,84259,,,,24,user@yahoo,12345,3772,75
1187,5131, ,KKR,England,57,Female,None,Cricket,14-12-2021,,,,166,4,8,5,2487,, ,Cloudy, lose,,5,81226,credit card,,,6,,,1781,136
1138,5081,Rohit ,MI,,37,Other,Rahul Dravid,Football,02-02-2023,,1627,1623,72,4,0,3,,14919,Chennai,rainy, lose,4,0,81233,netbanking,5711,0,19,,9999999999,3225,159
1190,5147,Dhoni,Lakers,Australia,43,mal, ,basktball,03-08-2020,,462,,146,9,2,3,12299,9956,Delhi,Cloudy,win ,7,,83517,cash,,37,22,xyz@,9876543210,4711,123
1148,5119, ,Barcelona,England,56,Mle,None,footbal,29-04-2022,,2818,,143,0,1,1,,,,Cloudy,Lose,4.4,3,80897,credit card,,83,21,,9999999999,4618,6
1051,5119,,RCB,Sri Lanka,31,Mle,,footbal,08-07-2022,789,672,,53,5,7,4,13603,,Delhi,Cloudy, lose,3.4,,84878,credit card,13196,116,26,,9999999999,2072,81
1182,5046,Rohit ,Barcelona,Sri Lanka,54,mal,,footbal,26-05-2020,3849,397,,152,1,5,2,29734,,,rainy,Draw,,5,83310,,17033,108,27,abc@gmail.com,9999999999,807,199
1116,5106,Joe Root,Barcelona,sri lanka,19,Other,None,Tennis,23-09-2023,5814,-461,755390,111,6,9,0,33375,,,Rainy,win ,,,84822,netbanking,,,2,,9999999999,4120,13
1025,5107,Rohit ,Barcelona,sri lanka,17,female,Rahul Dravid,basktball,09-03-2020,,,957349,17,3,7,5,14961,,Kolkata,rainy,,8.5,,83362, ,11584,86,9,,,1776,6
1195,5008,Ronaldo,Barcelona,india,42,femal,Rahul Dravid,Cricket,05-12-2023,,,933672,150,4,1,4,53787,,Bangalore,Cloudy, lose,8.5,5,82419,creadit card,11049,,2,,12345,3190,195
1033,5078,Dhoni,,india,67,Other,Rahul Dravid,Football,28-06-2022,1435,2798,,116,4,5,5,,, ,Sunny,,2,0,82909,upi,,22,0,user@yahoo,9876543210,4042,155
1051,5154,Joe Root,CSK,england,19,Mle,,Football,09-03-2020,,,,84,4,6,4,,4770,,Rainy, lose,7.1,,81454,upi,6982,39,13,abc@gmail.com,,4203,121
1111,5014,Hardik,MI,india,23,male,John Smith,Basketball,15-01-2021,1697,,,138,1,7,0,,2063,, ,win ,2.1,7,82327,netbanking,18648,,12,,,1353,45
1081,5018,Joe Root,CSK,england,58,male,, ,04-03-2021,1597,2735,,38,4,8,2,48252,7434,Kolkata,,,,,82363,credit card,1112,28,4,user@yahoo,9876543210,179,106
1179,5089,Rohit ,CSK,INDIA,8,female,None,Basketball,28-09-2022,1063,2813,,104,2,4,0,,12303,Bangalore,rainy,win ,2.3,7,82012,cash,10314,78,7,,9876543210,880,26
1156,5179,Smith,RCB,India,28,female,John Smith,footbal,05-12-2023,-1550,2027,,67,3,2,2,,9292,,Cloudy,DRAW,1.1,,81100,cash,6911,,11,abc@gmail.com,12345,1830,4
1165,5025,Hardik,,INDIA,62,male,,,07-05-2023,-683,-276,1497556,24,1,1,5,20268,,Kolkata,rainy,Win,,,80815,,,,5,user@yahoo,12345,4698,37
1041,5153,Bumrah,MI,sri lanka,18,male,John Smith,Cricket,13-02-2022,,1587,322728,190,3,7,1,,, ,rainy, lose,,,84246,credit card,,,23,,,4002,21
1020,5153,Joe Root,KKR,india,57,male, ,footbal,11-08-2022,1192,,,157,8,0,2,53655,,,,Draw,,7,81320,netbanking,,79,22,,,2800,28
1041,5173, ,Lakers,INDIA,25,Male,None,Cricket,31-07-2021,4465,603,,172,7,9,4,42680,16207,Chennai,,Draw,,,84764,cash,,,1,abc@gmail.com,9999999999,4263,32
1140,5091,Messi,MI,Australia,40,Female,, ,13-06-2021,,-69,1341505,122,2,5,1,,,,, lose,7.6,,84502,cash,,50,23,user@yahoo,12345,222,103
1112,5176, ,KKR,Sri Lanka,60,Mle,Rahul Dravid,,05-12-2023,4000,1306,853126,120,0,1,5,53433,, ,Rainy,DRAW,,,82334,upi,,,3,,,4564,181
1104,5081, ,KKR,india,9,Mle,None,basktball,15-07-2022,,-53,77540,60,0,2,3,43751,15733, ,Cloudy,Lose,,,84587,,19202,,26,user@yahoo,9999999999,4373,161
1191,5180,,CSK,India,40,male,Rahul Dravid, ,12-05-2023,,,1195910,99,5,7,1,,469,Delhi, ,Win,,,81032,upi,,,4,,12345,2237,26
1016,5130,Messi,CSK,england,40,femal,, ,31-08-2021,,2760,,50,2,0,2,3303,,Delhi,rainy, lose,,3,81155,netbanking,7094,79,10,,12345,2578,145
1119,5193,Joe Root,Barcelona,Sri Lanka,65,male,,Cricket,27-11-2022,5458,,,97,3,5,1,14331,,Kolkata,,Draw,,0,81100,credit card,8048,,12,,9876543210,1778,184
1136,5041,Bumrah,CSK,INDIA,11,male,None,Cricket,23-10-2021,,1756,,136,0,2,5,,,Delhi,Cloudy,Win,1.6,4,82785,netbanking,,111,7,user@yahoo,,620,116
1168,5018,Smith,KKR,,33,male,None,,21-05-2023,,,87177,1,7,5,1,,12665,,, lose,,3,80996, ,,40,20,user@yahoo,9999999999,1213,93
1128,5016,,RCB,sri lanka,16,femal,None, ,,,,,4,0,2,5,,19103, ,Sunny,Lose,,,81435, ,,101,4,abc@gmail.com,9999999999,4054,30
1129,5160,Hardik,RCB,Sri Lanka,18,mal,Rahul Dravid,,18-01-2022,-963,,,189,4,7,3,37304,15787,Delhi,,Win,,,82545,upi,11391,,5,abc@gmail.com,12345,4313,121
1059,5075,Joe Root,Lakers,INDIA,11,Male, ,Football,29-07-2020,,435,,196,5,4,2,32462,,,Cloudy,Draw,,7,83700,,,17,14,,9999999999,4263,5
1047,5176,Ronaldo,,sri lanka,38,mal, ,footbal,05-06-2022,,2343,,179,1,3,4,,1247, , ,win ,,2,84984, ,18628,,22,,9876543210,2827,118
1028,5183,Bumrah,MI,england,17,male,None, ,20-04-2021,-1409,2130,,85,6,8,1,23321,9105,,rainy, lose,,,80353,upi,,,24,user@yahoo,9876543210,2240,6
1096,5062,Bumrah,Barcelona,england,62,femal,None,,16-10-2021,5417,,53661,132,6,4,0,,,Mumbai,Cloudy,Draw,9.4,,82318,creadit card,,103,15,abc@gmail.com,9876543210,1362,106
1009,5130,Rohit ,Barcelona,India,16,female,None,Basketball,11-05-2022,4556,1651,,186,0,3,4,3655,11926,Bangalore,Rainy,,,4,84527,upi,5501,57,29,,9876543210,2838,124
1057,5106,Hardik,MI,australia,23,femal,Rahul Dravid,Tennis,05-12-2023,4510,2047,,67,3,7,1,,13253,,Sunny,,6.8,,80738,netbanking,,,10,abc@gmail.com,,2502,190
1187,5048, ,,india,63,Male,John Smith,Cricket,12-05-2023,,1637,1028064,8,3,7,4,,,Mumbai,rainy, lose,,,82519,credit card,,,6,abc@gmail.com,,2240,138
1020,5054,Smith,Lakers,england,46,mal,John Smith, ,25-12-2022,,,878549,92,4,7,0,,,,Rainy,Lose,,,84603,upi,6805,,5,,,92,70
1027,5153,,CSK,australia,61,female,John Smith,,18-02-2021,4117,362,,149,0,3,4,56930,16317,Chennai,,Lose,9.9,7,80054,creadit card,,5,11,xyz@,12345,1238,138
1033,5098,,RCB,,31,Other,, ,18-05-2020,436,2076,1256322,154,0,0,4,,2688,Bangalore,Cloudy,,,,82084,upiid,3376,,25,,,4608,106
1007,5199,Ronaldo,Lakers,australia,44,female,None,Football,07-06-2022,,1218,,137,6,1,0,,13463,Mumbai,,Lose,,,80899,netbanking,10755,11,3,xyz@,,3470,44
1186,5051,Hardik,Lakers,sri lanka,58,Female,Rahul Dravid,,12-05-2023,-823,,125215,124,8,3,0,,,Delhi, ,Win,,0,82102,credit card,,,13,user@yahoo,,3235,56
1199,5099,Dhoni,,England,25,Female, ,Basketball,27-05-2022,5746,,674011,60,0,9,0,,19670,Mumbai,rainy, lose,,,80523,credit card,,81,10,xyz@,9876543210,4201,132
1176,5116,Rohit ,Lakers,,37,Male, ,Football,04-09-2021,,,214211,50,1,1,3,,, ,Rainy,Lose,,5,80462,cash,,24,25,xyz@,12345,2764,13
1078,5117,Messi,KKR,England,23,Mle, , ,10-02-2022,,304,,9,5,9,5,40550,,,Sunny,Lose,,,84792, ,,82,11,xyz@,9999999999,3604,122
1144,5006,,CSK,,37,mal,John Smith,Basketball,27-02-2021,580,2647,,133,5,2,5,40460,, , ,win ,7.5,4,81501,,,,1,user@yahoo,12345,2835,19
1187,5045,,KKR,,19,Other,,Cricket,15-05-2021,,1723,,61,1,8,0,28632,,Bangalore,Sunny,DRAW,3.2,,83876,netbanking,16739,,10,xyz@,,3901,198
1086,5045,Ronaldo,MI,INDIA,53,Mle,John Smith,basktball,06-01-2022,1872,,,112,8,8,5,,13477,,Rainy, lose,5.9,,80715,upi,,,12,user@yahoo,12345,3234,90
1087,5099,Hardik,,INDIA,15,Female,,,14-07-2022,,1870,,132,3,8,4,,9555,Bangalore,Cloudy,Draw,2.3,,83297,credit card,,25,10,user@yahoo,,3628,190
1172,5143,Messi,,australia,53,female,Rahul Dravid,Cricket,05-12-2023,,,,121,6,6,0,,11193,Mumbai,Rainy,Draw,1.2,,82779,upiid,,,8,abc@gmail.com,,1768,9
1068,5151,Ronaldo,,sri lanka,23,Male,John Smith,basktball,22-12-2022,,,1248906,197,5,3,1,12235,,,Rainy,,2.2,0,83611,cash,3641,102,25,xyz@,,3509,46
1159,5188,Ronaldo,RCB,,18,Other, ,Football,04-04-2022,897,1464,838034,190,2,0,0,8698,, ,,,,3,80988, ,19681,,26,,,2901,56
1171,5053,Smith,,Australia,48,femal,None,,03-08-2023,,,,122,7,2,0,,,Mumbai, ,Lose,8.8,,81828,netbanking,,79,20,,12345,1541,74
1192,5061,Bumrah,Barcelona,,46,female,,footbal,05-12-2023,3560,,860445,183,6,7,5,10811,2522,Chennai,,,,,80211,netbanking,,,15,xyz@,9999999999,2091,40
1086,5128,Ronaldo,RCB,England,56,Mle,Rahul Dravid,Cricket,24-10-2020,215,,947419,186,8,3,2,,,Mumbai,Sunny,DRAW,5.6,2,83146,creadit card,18485,,4,,,2650,67
1100,5048,Smith,,sri lanka,10,Female,,footbal,24-09-2023,-530,,787917,62,2,9,4,35513,,Delhi,Rainy,Win,,,80753, ,,80,26,,9876543210,1731,113
1007,5024,Hardik,CSK,,12,femal,Rahul Dravid,Basketball,25-11-2020,2057,1902,,110,0,9,5,,16108,,Rainy,DRAW,,,83750,upi,,42,11,,,91,83
1076,5009,Dhoni,KKR,australia,,male,,,18-07-2023,,,63028,88,1,1,4,27454,,Kolkata,Sunny,,3.7,,83689,upiid,,13,2,user@yahoo,,4854,62
1199,5117,Joe Root,RCB,Sri Lanka,32,Male,Rahul Dravid,basktball,28-05-2021,-223,-165,1236630,186,0,7,1,15985,12754,Chennai, ,,,,83222,credit card,10425,18,28,user@yahoo,,730,174
1086,5143,Joe Root,Barcelona,Sri Lanka,16,Female, ,Tennis,03-01-2021,4471,,998080,50,4,6,3,16079,,,Sunny,Win,,2,80435,upiid,,,15,,,4432,134
1042,5185,Bumrah,Lakers,Australia,8,female,,,19-07-2023,,576,,177,9,9,2,,18435, ,rainy,,,,81901,credit card,,,18,xyz@,,3814,29
1128,5199,Smith,Barcelona,England,26,mal, ,basktball,13-02-2023,1747,1303,,131,1,8,1,,,,Sunny,Win,,,84179,creadit card,,98,16,user@yahoo,,699,19
1108,5156,Dhoni,CSK,INDIA,37,male,Rahul Dravid,,19-08-2022,-641,,293087,103,2,1,1,37770,2764,Mumbai,rainy,,,1,81235,credit card,15046,106,27,,12345,3014,114
1178,5091,Rohit ,MI,INDIA,41,mal,John Smith, ,24-11-2023,,1381,,122,7,4,4,,3157,Mumbai,rainy, lose,8.2,2,80778,upiid,,,10,user@yahoo,9876543210,2311,108
1151,5133,Hardik,Barcelona,sri lanka,59,Male,None,basktball,14-03-2023,,-440,529640,47,9,5,2,45666,3748,,Rainy,win ,6,,84929, ,,,20,user@yahoo,,2016,143
1151,5143,Ronaldo,KKR,Sri Lanka,39,Mle,None,Football,,5475,1564,,31,4,1,4,,,Kolkata,rainy,Draw,,,83852,,6656,,18,xyz@,9876543210,3490,57
1016,5147,Ronaldo,Barcelona,India,51,mal, ,Football,13-11-2020,,,,119,3,1,3,39895,,Mumbai,Cloudy,,,,81960,creadit card,16440,,26,abc@gmail.com,12345,977,38
1132,5079,Hardik,,England,56,female, ,,28-07-2021,,,742338,178,4,9,4,32058,12419,,Sunny,Win,,6,84272, ,11268,,17,abc@gmail.com,9999999999,4210,21
1147,5070,Hardik,RCB,england,33,Other,John Smith,Cricket,25-12-2020,,,137089,179,9,3,0,,10573,Kolkata,rainy,Win,8.6,,81806,creadit card,,,26,,9999999999,1258,51
1020,5077,Smith,RCB,INDIA,43,femal,,Tennis,12-10-2020,-1730,218,,98,5,7,4,,12444,Bangalore,Cloudy,DRAW,4.6,2,83230,cash,12718,,8,abc@gmail.com,9999999999,3855,167
1057,5042,Ronaldo,,INDIA,42,mal,,footbal,13-03-2022,,-433,656058,73,6,4,0,26179,4380, ,,Draw,,,81724,,1099,,12,xyz@,9876543210,1297,20
1158,5153,Joe Root,MI,Sri Lanka,54,Female,Rahul Dravid,Cricket,02-04-2023,,,,33,8,8,1,,,,,Lose,,,80185,,172,92,29,,,1978,2
1109,5089,Bumrah,CSK,india,33,femal, ,,24-10-2022,,2786,429964,163,0,3,3,54999,3796,Mumbai,,Lose,8.7,,81494,cash,9610,65,25,xyz@,9876543210,4129,32
1138,5077,Joe Root,CSK,India,64,Mle,Rahul Dravid,basktball,23-07-2021,5826,,1426395,69,3,2,5,57388,18843,Kolkata,,Draw,,,81979,,,,5,xyz@,,1732,111
1179,5198,Messi,MI,australia,41,Other,,Cricket,02-12-2020,5418,148,1069564,170,8,9,0,16482,12870,Chennai, ,,,3,84053,,9205,,2,abc@gmail.com,,2942,92
1142,5160,,RCB,Australia,37,Male,None, ,04-05-2021,-1033,,,109,4,7,3,51589,6740,Bangalore,Sunny,Draw,,,80245, ,925,,22,,,2509,132
1134,5025, Virat,Barcelona,Australia,69,femal,,Cricket,14-04-2020,-1478,2951,-16684,15,7,0,4,,1240,Mumbai,Rainy,Lose,2.9,5,84047,creadit card,4563,51,11,,9999999999,448,7
1027,5120,Dhoni,KKR,india,49,femal,Rahul Dravid,footbal,05-04-2021,,1495,,58,0,8,5,55089,,Kolkata,rainy, lose,,3,80383,upiid,,,8,,9999999999,1237,3
1050,5044,Messi,RCB,sri lanka,68,Mle,John Smith,basktball,20-11-2020,-590,488,508789,180,3,3,4,,17054,Mumbai,,,5.5,5,80284,credit card,,119,8,user@yahoo,9999999999,4500,25
1185,5062, Virat,Lakers,Sri Lanka,41,Female,John Smith,Basketball,25-01-2021,5741,,,18,8,8,1,1765,4974,,Cloudy, lose,3.5,1,83994,creadit card,,62,14,,12345,332,112
1004,5194,Hardik,Barcelona,England,30,male,,Tennis,08-06-2023,2338,,1136452,94,0,7,4,,142,Mumbai,Sunny,Draw,,1,80299,creadit card,,26,0,,9999999999,4323,9
1004,5179,Joe Root,Lakers,india,58,Female,John Smith,Football,01-04-2023,982,,,112,0,2,0,,,Kolkata, ,Win,,,80900,cash,,,17,abc@gmail.com,,165,26
1093,5067,Rohit ,CSK,India,46,femal, , ,17-02-2022,-789,1071,,40,3,2,1,8580,12649,Mumbai,rainy,Draw,6.8,,81459,creadit card,7089,,14,,9999999999,4680,64
1095,5153,Bumrah,KKR,,44,Female,Rahul Dravid,Cricket,,,1720,,80,2,8,3,7345,9919,,,Lose,5.8,5,82921,cash,,,7,,9999999999,4832,18
1007,5001,Ronaldo,Lakers,Sri Lanka,53,mal,John Smith,Football,13-06-2022,747,,372398,174,6,2,1,28722,,Bangalore,,win ,,7,82533,creadit card,,,10,,,4693,91
1063,5141,,MI,,61,Mle,None,Football,05-12-2023,,,,102,2,3,3,18225,,Chennai,rainy,Win,,,80805,upi,,,16,xyz@,12345,4688,2
1137,5107, ,CSK,INDIA,55,Female,,Tennis,20-01-2022,4518,,,53,0,8,2,55330,,Kolkata,Rainy,Lose,,,82228,,15496,117,26,,12345,4027,1
1037,5029, ,RCB,india,33,Female,Rahul Dravid,Football,10-01-2023,1256,,,182,9,3,0,,,Bangalore,Rainy,win ,4.4,3,81921,credit card,4577,30,27,,12345,2774,48
1110,5048,Rohit ,Lakers,England,56,femal, ,footbal,01-03-2022,3154,,1343615,94,1,2,0,42485,18083,Kolkata,Cloudy,,,4,84972,upiid,3825,,26,,,1699,191
1111,5139, Virat,MI,,24,femal,None,,02-09-2021,,,,146,9,6,3,4682,8720,, ,,8,0,84789, ,,13,13,,12345,1413,107
1080,5043,Joe Root,CSK,sri lanka,41,mal,,Basketball,,,1168,,61,3,5,4,11215,17993, ,rainy,Win,,4,82387,upi,,,18,user@yahoo,,1446,164
1135,5160, ,Lakers,Australia,67,Mle,John Smith,,07-01-2023,,943,190308,98,0,0,5,24725,2064,Kolkata,Rainy,Win,,,82538, ,13240,,26,,12345,3482,191
1103,5012,,Barcelona,England,34,Male,Rahul Dravid, ,05-12-2023,1356,,-6185,92,0,9,4,,889,,Rainy,,8.2,,81996,netbanking,,65,22,user@yahoo,12345,4744,75
1152,5077,Hardik,Lakers,,18,Female,John Smith,Cricket,19-01-2023,283,,1280241,186,7,7,2,18931,411, , ,Draw,7.4,,84825,,,,23,abc@gmail.com,12345,1687,26
1072,5125,Joe Root,MI,India,40,mal,, ,26-08-2023,5587,,317626,64,6,0,3,,15059,Mumbai,Sunny,Draw,,5,82503,credit card,7606,,4,,,446,6
1193,5097,Dhoni,Lakers,Australia,62,female,,basktball,22-09-2023,1425,673,,67,7,3,2,49298,14078,,Rainy,Draw,2.7,,80104,upiid,4421,99,29,xyz@,9999999999,3474,26
1177,5025,Joe Root,RCB,australia,39,femal,Rahul Dravid,Basketball,23-03-2022,,,,27,3,5,3,,,Kolkata,Sunny,DRAW,2,,80438,creadit card,-394,,1,xyz@,,96,43
1194,5148,Messi,,australia,16,Other,John Smith,Football,,,2745,353100,17,5,5,2,,, ,Sunny,Draw,,6,81521, ,,65,14,xyz@,,2426,122
1048,5155,Bumrah,KKR,england,59,Other,,Tennis,26-03-2020,,,,25,2,6,3,,,,rainy, lose,9.6,,81351,upiid,13240,112,18,abc@gmail.com,9999999999,2717,129
1035,5047,Rohit ,,,10,femal,John Smith,footbal,12-05-2023,2796,,1003646,103,7,4,0,43959,,Bangalore,Rainy,Lose,,,82698,upi,,4,24,user@yahoo,12345,3257,9
1125,5167,Joe Root,MI,australia,21,male,,Football,07-11-2020,,,1272041,146,3,4,2,22378,,,,Win,4.1,,83612, ,5220,18,15,,9876543210,4726,27
1067,5065,Joe Root,CSK,England,12,Male,John Smith,footbal,05-12-2023,-1544,,853967,54,2,3,2,,5897,,rainy,,,2,80508, ,12437,119,12,user@yahoo,,502,71
1077,5086, Virat,Lakers,,46,Other,,,09-04-2022,,,,118,3,5,3,,,Bangalore,,DRAW,,,84346,,11895,69,26,,12345,4383,117
1104,5078,Dhoni,RCB,england,31,Male, ,Basketball,05-12-2023,,2730,1476227,123,5,6,1,25386,18155, ,,Win,4.8,,84974,upi,,,28,xyz@,,4464,118
1168,5022,Joe Root,CSK,australia,61,male,None,Tennis,29-09-2023,,2015,1497428,184,6,9,1,4948,,Mumbai,, lose,,6,81274,upi,,,25,,12345,64,3
1121,5080, ,MI,sri lanka,27,Male,None,Basketball,17-07-2023,3018,1813,360781,133,6,9,0,16660,10410,Delhi,Cloudy,Win,7.6,,82822,netbanking,,,6,,,4257,189
1118,5047,Joe Root,RCB,sri lanka,15,Mle, ,,05-05-2021,,,,128,3,0,4,,,Delhi,Rainy,Draw,9.2,,80063,cash,,87,28,xyz@,,661,130
1189,5123,Ronaldo,RCB,,46,male,John Smith,Cricket,31-03-2021,,1467,402044,7,7,8,4,14708,,Mumbai,rainy, lose,4.8,1,83921, ,19238,99,16,,9999999999,3489,124
1113,5129,Joe Root,RCB,,65,mal,None,Basketball,13-04-2021,-1404,1095,,50,6,7,0,39493,,Bangalore,Rainy,Lose,3.2,,84415,creadit card,,22,18,,,480,74
1009,5083,Hardik,Barcelona,Australia,34,male,Rahul Dravid,Basketball,,,833,634348,84,1,6,4,55378,1101,Kolkata,Cloudy,win ,,6,80859, ,4954,,24,,12345,4662,81
1148,5019,Messi,KKR,india,32,Male, ,Football,26-04-2021,,2597,1152667,24,7,8,5,17086,13685,Mumbai,Sunny,Lose,4.1,,82827,creadit card,,,6,xyz@,,3261,159
1163,5186,Bumrah,MI,,32,Female,None,,21-10-2020,,1727,464257,174,8,2,5,39717,,Delhi,rainy,Win,,1,81547,credit card,,,11,user@yahoo,,405,65
1139,5045,Ronaldo,MI,INDIA,27,Other,,Cricket,13-10-2021,-1324,-151,706636,182,4,9,5,58730,, ,Sunny,win ,,,82076,,,63,12,,9876543210,4860,122
1090,5130,Dhoni,KKR,india,31,Female,John Smith, ,06-01-2020,,-405,1297524,191,3,3,5,51149,,Kolkata,, lose,9.5,,80436,cash,9743,61,28,xyz@,9876543210,3560,146
1001,5182,Hardik,Lakers,Australia,9,male,None,Tennis,14-06-2023,,,,82,3,6,3,,,, ,Lose,,0,83657,netbanking,,,12,,12345,3383,134
1117,5011,,CSK,australia,28,Female,John Smith,basktball,13-02-2022,1808,1713,641474,92,3,5,1,,19380,,,Win,,4,80762,creadit card,1857,93,13,abc@gmail.com,12345,3667,102
1012,5039,Messi,MI,INDIA,39,male,Rahul Dravid,Cricket,21-12-2021,,-22,,116,5,1,0,,,,,Draw,,,80735,upiid,,,14,abc@gmail.com,,4961,42
1180,5065,Bumrah,KKR,australia,20,Mle,None,Basketball,22-07-2023,1755,,950436,137,3,1,3,,,Delhi,rainy,Lose,,,83664,credit card,10600,,1,,9999999999,1117,111
1159,5099,Bumrah,CSK,,56,Female,None,footbal,24-05-2022,704,,1199631,55,6,9,5,54229,,Bangalore,Cloudy,Lose,,2,84094,cash,3827,47,5,,,2437,196
1094,5077,Messi,Barcelona,india,9,female,Rahul Dravid,footbal,29-04-2022,,,,11,6,6,0,,, ,rainy,win ,6.5,5,84728, ,,3,8,xyz@,12345,3482,104
1143,5015,Hardik,MI,INDIA,21,female,,Tennis,03-05-2020,1387,,1094102,160,4,8,1,,,Mumbai,rainy,win ,,0,81578, ,,,14,,12345,3709,4
1031,5082,Dhoni,Lakers,sri lanka,35,mal, ,footbal,13-01-2020,,2280,869655,119,4,8,4,,14452,Mumbai,Sunny,Draw,,,83729,credit card,674,51,19,xyz@,9999999999,3440,99
1031,5161,Dhoni,Lakers,,57,mal,None,basktball,28-07-2023,4697,351,851148,70,9,6,3,6925,,Chennai,rainy,Win,,6,81076,,10943,96,15,xyz@,9999999999,741,132
1123,5043, Virat,CSK,,48,Other,,footbal,13-09-2023,,,247270,16,7,7,1,37570,387,,Cloudy,DRAW,,,82280,,14410,97,25,user@yahoo,,3239,65
1010,5133,Dhoni,,england,56,Other,,Football,22-07-2023,,-269,,188,6,9,0,,1339,Kolkata,Rainy,Win,7.3,1,81830,,3194,64,1,,9999999999,2921,41
1009,5191,Messi,CSK,England,17,mal,,Cricket,12-01-2024,,2057,1428323,121,6,2,2,58552,16513,Mumbai,Cloudy,Win,,,81898,upi,4551,,2,user@yahoo,12345,1831,171
1014,5099,Joe Root,KKR,,36,Male,None,,01-10-2021,,445,,123,5,0,3,,,Mumbai,Cloudy, lose,8.6,,84295,netbanking,9246,69,22,abc@gmail.com,9876543210,4138,183
1016,5021,Messi,MI,,63,Other,John Smith,Tennis,02-05-2022,,,,9,6,6,0,56276,19029,,Rainy, lose,9.4,6,80673,upiid,8735,,19,,9876543210,910,147
1167,5017,Messi,KKR,,45,female,Rahul Dravid, ,19-01-2023,,,81976,30,6,7,0,,273,Bangalore,,Draw,,,80548,upiid,5784,,22,abc@gmail.com,12345,4012,149
1145,5011,Ronaldo,Barcelona,australia,58,Female,John Smith,footbal,28-03-2021,5146,,123605,59,9,1,1,46073,,Mumbai,Cloudy,Win,,4,80936,upiid,14867,,20,abc@gmail.com,9999999999,4702,186
1182,5179,Rohit ,,,56,male,None,Tennis,,-1304,,1111294,69,1,8,0,,5120,Kolkata,rainy, lose,1.8,,84144,credit card,,16,29,,,1418,158
1152,5122, ,Barcelona,,55,mal,,Football,24-04-2020,,,368260,16,9,3,3,57609,,Bangalore,,DRAW,9.7,0,80895,upiid,,87,7,,9876543210,4814,116
1058,5116,Joe Root,KKR,Sri Lanka,16,Other,, ,14-07-2021,,,,49,1,9,5,,6470,Bangalore,,Lose,,,82569, ,,,7,user@yahoo,9876543210,4309,135
1077,5050,Smith,CSK,Australia,49,Other,,basktball,10-12-2022,3996,1475,425545,36,9,8,3,18897,6908,Delhi, , lose,,4,82087,netbanking,7176,,20,xyz@,9876543210,4038,197
1123,5070,Rohit ,CSK,INDIA,58,female, ,Tennis,04-06-2021,-559,,140348,189,6,2,0,912,,,Cloudy,Win,8.9,,80913,upiid,18765,0,6,,9876543210,3639,64
1113,5047,Bumrah,,India,27,Female,John Smith,basktball,,,2404,329088,117,9,7,1,,,Bangalore, ,,8,,81176,netbanking,4344,109,10,user@yahoo,,3445,2
1021,5018,Hardik,Barcelona,Australia,33,male,None,,08-08-2023,1974,,,199,6,1,3,,,Mumbai,, lose,,0,84771,netbanking,,,21,user@yahoo,12345,131,115
1157,5005, ,CSK,Australia,23,male,,footbal,17-12-2020,4230,,1291863,156,6,2,2,,,Delhi,Sunny,Draw,,3,84865,upi,16775,,12,xyz@,9876543210,2056,195
1171,5083, ,Barcelona,india,17,Other,Rahul Dravid,Tennis,11-12-2020,,,,159,4,0,5,,229,,Cloudy,DRAW,,4,84306,netbanking,11231,,7,abc@gmail.com,9876543210,152,128
1031,5154,Ronaldo,RCB,,9,mal,None,Football,09-12-2021,,2840,714356,79,0,4,4,,,,rainy,Win,1.1,,83273,netbanking,3172,113,8,,,2478,79
1178,5052,Bumrah,KKR,INDIA,65,Male,John Smith,Cricket,21-05-2022,-1066,,179518,10,1,3,1,,9501,Bangalore,Sunny,win ,2.1,,84242, ,17508,,15,,,482,101
1173,5106,Smith,CSK,INDIA,22,Other,,Basketball,,847,,142389,133,8,0,1,,,,,,,,81522,netbanking,10850,43,4,user@yahoo,,304,119
1112,5100,Joe Root,CSK,INDIA,65,femal,John Smith,Football,31-03-2021,,,,122,7,9,4,,16153,Mumbai,Sunny,,8,,82802,credit card,,118,22,abc@gmail.com,,2519,74
1119,5047,Messi,Barcelona,Sri Lanka,36,Other,Rahul Dravid,basktball,20-10-2022,-538,,677479,34,7,8,4,,,Kolkata,,win ,,,83122,upiid,-96,50,13,,,992,9
1148,5134,Joe Root,Barcelona,India,24,mal, ,Cricket,23-03-2023,,14,,32,9,5,3,,5343,,rainy,Win,1.3,2,84590,,10432,,0,,,2237,23
1121,5186,Ronaldo,CSK,England,39,femal,,Football,15-05-2020,5734,,1456133,17,0,5,0,,,Bangalore,, lose,,,82456,upi,,8,26,,12345,2559,14
1031,5068, ,CSK,india,33,female,,Basketball,05-02-2023,4248,-6,52209,164,5,1,0,49604,,Bangalore,Sunny,DRAW,6.7,6,81649,,,101,23,user@yahoo,12345,4438,54
1118,5010,Joe Root,Barcelona,India,37,female,Rahul Dravid,footbal,31-03-2023,-929,,,12,8,6,2,10391,,Chennai,,win ,,6,82320,cash,,78,18,,,714,124
1038,5142,Dhoni,MI,INDIA,53,Mle, ,footbal,05-12-2023,,1995,,89,7,8,5,8736,9664,,rainy,win ,9.3,5,82505,credit card,13182,22,16,abc@gmail.com,,1709,45
1011,5191,Hardik,,sri lanka,37,female,,Football,07-10-2023,,,1037905,109,2,5,0,,,Kolkata,rainy,DRAW,2.9,,81143,creadit card,16790,,21,,9999999999,1057,16
1174,5130,,CSK,Sri Lanka,31,Female,John Smith,Tennis,05-12-2023,,1039,,191,3,7,2,,,Mumbai,Sunny,Lose,,5,83772,upi,13142,,13,abc@gmail.com,,470,102
1017,5121,,KKR,england,64,Female,None,Tennis,,,2867,1296543,0,2,4,2,,,,,,,4,80045,netbanking,13462,,12,abc@gmail.com,9999999999,3465,95
1148,5068,Messi,CSK,,21,mal,None, ,24-10-2023,,799,154717,62,5,1,1,17041,8418,Delhi,rainy,DRAW,,6,83314,creadit card,6986,,7,abc@gmail.com,12345,740,109
1140,5022,Bumrah,Lakers,Sri Lanka,37,femal, ,Cricket,12-05-2023,,,657034,33,8,3,1,17167,16181,Kolkata,rainy, lose,1.9,1,84406,cash,14192,53,26,user@yahoo,9876543210,3566,185
1148,5180,Dhoni,Lakers,England,16,Mle,,footbal,26-01-2023,,,,102,7,0,5,389,,,Rainy, lose,9.3,,82609,upiid,,,2,,,512,136
1125,5036,,MI,australia,34,female,Rahul Dravid,Tennis,19-11-2020,,1809,204977,9,9,0,3,,5139,,Rainy, lose,,,84426,upiid,14903,,0,,9876543210,3393,25
1135,5008,Dhoni,KKR,sri lanka,69,Male, , ,15-11-2021,-675,1958,,127,3,5,4,40529,,Delhi,,,3.9,0,84106,upiid,,,18,xyz@,,3285,169
1045,5014,Dhoni,,india,11,femal,Rahul Dravid,Football,26-04-2020,,224,104984,6,1,1,4,14435,,Chennai, , lose,,,83119,creadit card,,,14,user@yahoo,12345,3837,62
1103,5130,Smith,,Australia,23,male,None, ,30-12-2023,,221,218093,55,7,5,5,16744,18446, ,Rainy,Draw,6.4,1,81400,creadit card,1050,,20,,12345,2192,77
1134,5092,Messi,RCB,sri lanka,68,female,John Smith, ,14-05-2023,4886,,,79,7,0,2,15699,,Bangalore,Rainy,Lose,,7,81591,creadit card,4822,,26,abc@gmail.com,9999999999,4654,146
1150,5197,Smith,CSK,england,17,Female,John Smith,Football,27-08-2021,,,675210,164,5,9,5,38391,,Mumbai,rainy,win ,,6,80007,credit card,-516,,7,abc@gmail.com,,4887,50
1085,5016,Smith,RCB,england,65,male, , ,10-11-2023,,2768,1073236,156,7,2,4,9152,10462,Mumbai,Rainy,Lose,,4,80983,creadit card,,72,8,,,359,169
1149,5153,Hardik,RCB,england,48,Male,None,Cricket,10-12-2020,2794,,,11,8,8,2,,,Kolkata,Rainy,win ,7.5,4,83597,netbanking,13114,97,12,user@yahoo,,284,34
1088,5148,Dhoni,Lakers,Sri Lanka,67,male,John Smith,footbal,07-11-2020,,1458,67130,144,0,1,4,,7318,,,Draw,2.6,,81750, ,,55,11,,,3316,100
1021,5071,Smith,MI,England,14,Female,None,Cricket,16-04-2021,-1610,-363,1167228,47,8,7,3,,,,Rainy,DRAW,5.2,,83511,creadit card,,68,8,abc@gmail.com,,3277,114
1091,5148,Hardik,KKR,australia,26,Female,John Smith,Tennis,06-04-2020,4005,1092,,25,1,5,1,,,,Cloudy,Lose,9.3,,83828,credit card,,87,19,user@yahoo,12345,2631,81
1028,5120,,MI,sri lanka,31,femal,Rahul Dravid,,22-10-2023,1865,,496495,111,0,5,1,27929,14726, ,Sunny,Lose,6.4,3,80565,upiid,,,23,abc@gmail.com,,1757,12
1012,5010,Rohit ,,England,11,Male,, ,15-03-2022,1214,2596,900280,121,7,6,2,1630,,Mumbai,Cloudy,Draw,7.4,,82320,credit card,,24,10,user@yahoo,12345,2774,77
1001,5165,Hardik,KKR,sri lanka,30,femal, ,Cricket,11-04-2023,880,1989,576114,11,7,4,5,,1737, ,,DRAW,,4,80900,credit card,3981,86,4,user@yahoo,9999999999,1522,75
1028,5071,Rohit ,RCB,india,37,Other,None,basktball,,,,1013585,148,3,3,4,,, ,Rainy,win ,8.3,7,82178,credit card,1190,74,18,user@yahoo,,1245,170
1179,5105, Virat,Lakers,,66,mal, ,Football,10-12-2022,,1217,1238957,41,7,5,0,36104,, , ,win ,8.7,1,83592,credit card,5522,,20,abc@gmail.com,9999999999,1412,55
1026,5124,,Lakers,Australia,32,Mle,Rahul Dravid,Basketball,23-02-2020,1133,,,60,6,7,3,,,Bangalore,Rainy,win ,,,82771,creadit card,9874,69,17,abc@gmail.com,,4838,92
1049,5034,Rohit ,Barcelona,INDIA,64,Mle, ,basktball,15-07-2020,2440,690,755682,57,1,3,4,,15400,Kolkata, ,Win,,3,80113,credit card,,99,10,,,1416,187
1094,5118,Rohit ,Lakers,,49,Other,Rahul Dravid,,18-05-2021,,1495,615419,181,4,4,0,,16333,Mumbai, ,,,0,80531, ,8392,,26,,,357,179
1150,5013,Ronaldo,Barcelona,australia,63,Mle,John Smith,Cricket,05-04-2020,,2766,,33,9,6,3,,19798, , ,Draw,6.1,4,81522,,,,10,abc@gmail.com,,3465,88
1087,5013,Smith,MI,INDIA,35,Other,,Tennis,12-11-2021,-46,,1456945,6,3,5,3,,,,Cloudy,DRAW,7.4,4,83410,cash,,,5,xyz@,9876543210,4135,181
1043,5009,,KKR,england,12,Male,,Football,11-07-2021,-1794,-386,,108,2,3,1,,12621,Kolkata,,win ,5.2,7,81044,upi,17209,,0,user@yahoo,,2949,9
1021,5139,Joe Root,RCB,sri lanka,46,Male,,,11-10-2022,-473,,838870,34,0,3,2,,,,,,,1,80032,netbanking,11426,98,21,user@yahoo,,3141,3
1170,5037, Virat,,Sri Lanka,26,Male,,basktball,26-02-2020,,2355,,14,4,9,4,30448,8902,,Cloudy,Win,1.1,1,80132,credit card,16790,,28,xyz@,,2876,118
1164,5107,Smith,Lakers,Sri Lanka,30,male,,footbal,05-12-2023,-1890,-261,1145054,192,9,3,3,31910,10207,Mumbai,Cloudy,Win,,,82967,credit card,,,20,abc@gmail.com,12345,4553,136
1188,5118,Rohit ,MI,australia,60,mal,None,Tennis,13-08-2022,,586,600435,24,7,0,4,45609,12054,Chennai, ,DRAW,,,81726,netbanking,,,28,,9876543210,196,187
1096,5033,Joe Root,,,40,Other,John Smith,footbal,,3398,262,691586,58,8,4,3,3397,,,Rainy, lose,9.7,6,80025,creadit card,,31,8,,9876543210,1874,30
1183,5168,Hardik,MI,india,43,mal,,footbal,05-12-2023,,1804,,78,6,7,5,9085,604,,Rainy, lose,,1,82648,upi,,,28,abc@gmail.com,,937,67
1002,5009,Dhoni,CSK,sri lanka,38,Mle,, ,21-08-2022,5157,1715,683986,85,0,6,1,,,Kolkata,Cloudy,,9.3,0,84640,credit card,,,29,,12345,2194,55
1190,5121,Messi,CSK,england,10,Mle,None,,07-08-2020,3069,1549,854569,133,0,4,2,37987,19740, ,Sunny,win ,,3,81261,creadit card,,105,6,user@yahoo,,3530,162
1117,5144,Rohit ,KKR,,67,mal,John Smith,basktball,19-09-2022,2590,,,179,0,2,0,,,Chennai,,Draw,,5,82065,credit card,9869,90,5,user@yahoo,,4125,123
1018,5144, ,RCB,England,,Other,None,Football,21-01-2020,-77,,1267880,87,1,0,0,,,Delhi, ,win ,,4,83345, ,,,26,,,389,43
1022,5194,,KKR,INDIA,63,mal,Rahul Dravid, ,31-12-2021,1707,,722313,148,0,6,5,,,Bangalore,rainy,,4.4,2,80933, ,15705,,27,,,2926,156
1156,5189,,MI,India,62,Mle,,,29-10-2022,169,,461410,70,3,2,1,49575,,Delhi,Rainy,Win,,,81050,,18896,19,22,,9999999999,346,165
1029,5114, ,Lakers,England,38,Other,None, ,21-12-2022,3588,1601,,120,9,3,3,,,,Rainy,win ,,1,80816,credit card,,,9,abc@gmail.com,12345,2844,158
1038,5000,Dhoni,KKR,Sri Lanka,12,Other,Rahul Dravid, ,23-09-2022,,-394,,92,8,4,1,55231,,,,Lose,,3,84203,upi,,,4,user@yahoo,,118,71
1107,5011,,CSK,,30,Mle,John Smith,,23-07-2021,,,8326,95,3,7,2,53694,,Bangalore,Rainy,Lose,,4,80737,netbanking,790,90,0,,9999999999,4615,62
1110,5102,Dhoni,RCB,England,29,Female,,Cricket,11-01-2020,4750,,995077,31,3,6,0,57240,,,Sunny,win ,6.5,,82914,credit card,19202,52,14,,9999999999,1238,110
1024,5003,Rohit ,,england,20,mal,,Cricket,14-02-2022,2086,-295,,52,6,8,4,,,,rainy,win ,,2,83602,netbanking,,0,24,xyz@,12345,2780,29
1127,5169,Rohit ,KKR,Australia,27,female,None,,20-08-2022,2741,,,58,8,2,0,,,Bangalore,,Win,9.8,,80792,netbanking,2945,,4,,,2127,115
1110,5140,Hardik,,,67,mal,,basktball,,3168,-171,546525,68,6,9,2,17663,13955,Delhi,,,1.3,,83175,netbanking,,55,19,user@yahoo,,2466,2
1135,5097,Hardik,CSK,sri lanka,40,femal,John Smith,footbal,,,,,189,0,0,3,3531,,Delhi,Rainy,DRAW,2.9,2,81355,credit card,,,5,xyz@,9876543210,583,90
1105,5105,Ronaldo,RCB,Australia,18,mal,,basktball,,,,,131,0,0,1,4347,, , ,Draw,9.8,6,81385,creadit card,,40,4,abc@gmail.com,,2759,105
1185,5084,Rohit ,KKR,england,8,Male, ,Tennis,23-10-2022,,1672,1041147,85,3,9,0,,, ,rainy,win ,,,83992,,3464,71,16,abc@gmail.com,12345,1708,57
1143,5120,Rohit ,,England,14,Mle, , ,28-09-2020,130,741,,17,3,0,0,,,Delhi,,win ,7,,84384,upi,,,17,user@yahoo,9999999999,2704,185
1071,5131,Hardik,CSK,INDIA,17,femal,Rahul Dravid,footbal,14-04-2023,,,,80,0,1,4,31169,,,,Win,,1,81060,upi,7338,22,3,xyz@,,4837,42
1128,5081,Bumrah,Barcelona,India,55,Male,John Smith,Football,05-12-2023,4073,1526,976479,113,5,1,1,,,Kolkata, ,Win,,4,81371,upiid,13150,,23,xyz@,,671,49
1107,5196,Hardik,,Australia,53,Male,John Smith, ,17-01-2022,3003,,967543,183,9,6,4,,5066,Bangalore,Rainy,DRAW,,,84138,upi,,,20,user@yahoo,,1771,185
1004,5018,Bumrah,KKR,Sri Lanka,43,mal,,footbal,12-05-2023,3971,,,23,1,8,4,,1696,,rainy,Win,,,81149,cash,,,22,,,1685,199
1002,5129,Rohit ,KKR,England,25,female, ,Cricket,22-12-2023,,-221,,65,4,7,3,,,Bangalore,,DRAW,2.9,5,83202,,750,83,1,user@yahoo,12345,2077,18
1192,5011,Hardik,CSK,sri lanka,11,femal,John Smith,footbal,03-02-2022,3988,,,140,7,3,0,8904,,Chennai,Sunny, lose,,,83353, ,,,7,abc@gmail.com,,2485,198
1131,5080,,Barcelona,Australia,9,femal,None,footbal,07-05-2022,,,,61,2,1,5,54828,,Chennai,,win ,,7,82942,,-721,,4,xyz@,9876543210,1696,27
1103,5073,Ronaldo,KKR,India,40,female,,Basketball,15-04-2020,,934,129564,53,8,2,1,,16370,Delhi,,DRAW,3.2,,84628,,6989,,3,xyz@,12345,3601,118
1063,5097,Smith,,,21,Other,John Smith,basktball,25-05-2022,-576,,,142,6,9,3,,,Delhi,rainy,Lose,8.8,0,83448, ,,32,24,abc@gmail.com,9999999999,4158,54
1105,5005, Virat,KKR,australia,48,female,,,22-05-2020,,,196873,196,8,4,5,54518,6534,Bangalore, ,Lose,,,83047,cash,,55,21,user@yahoo,,1453,152
1097,5135, Virat,,England,41,Male,, ,,3011,,577814,130,0,8,3,,,Kolkata,, lose,,2,82710,,,88,13,,,3206,162
1009,5124,Hardik,Lakers,india,31,mal,John Smith,Tennis,05-12-2023,,,49201,36,4,7,3,,18787,Delhi, ,Win,,,81500,creadit card,11674,64,3,xyz@,,4252,150
1148,5050,Smith,KKR,England,9,Mle,None, ,28-02-2022,5538,,,36,2,2,2,,,,Cloudy,Lose,4.4,,80068,netbanking,19725,17,7,user@yahoo,9999999999,2990,63
1127,5010,Joe Root,CSK,australia,36,mal,Rahul Dravid,basktball,,3445,2096,,130,3,8,2,53402,,Mumbai,Sunny,,4.9,6,81866,cash,,95,2,,,4872,164
1045,5190,Joe Root,MI,sri lanka,33,male,John Smith,Tennis,09-06-2023,2829,,,190,3,9,3,,,, ,DRAW,4,5,81948,credit card,,30,13,abc@gmail.com,,2301,92
1154,5184, ,CSK,India,29,Other,,Football,02-07-2023,2913,-277,1089250,34,6,2,2,,18374,Mumbai,Rainy,win ,,4,83901,netbanking,5988,,28,xyz@,12345,3258,84
1065,5126,Hardik,KKR,,59,Other, ,Cricket,12-05-2023,152,,1029853,179,9,9,1,,1108,,Sunny,Lose,9.5,4,83508, ,10123,,25,,,1350,61
1168,5139,Bumrah,CSK,australia,47,Female, ,basktball,24-03-2022,3119,989,,123,7,7,0,58255,,Delhi, ,win ,4.5,,80300,upi,15367,114,17,,12345,4101,82
1111,5072,Messi,KKR,India,37,Female,,basktball,09-12-2021,,,1104833,155,9,0,5,,6809,Mumbai, , lose,2.5,5,84122,upiid,,17,22,,,3949,42
1012,5001,Bumrah,MI,,30,femal, ,Cricket,18-02-2023,3924,,,17,4,3,1,31144,,Chennai,Rainy,Lose,,,82977, ,,,29,user@yahoo,,1279,96
1136,5007,Ronaldo,,australia,47,male, ,basktball,17-08-2021,1584,174,,121,9,3,0,8525,,Mumbai,rainy, lose,4.8,,82600,cash,,,11,user@yahoo,9999999999,820,161
1163,5138, Virat,KKR,,28,mal,, ,,,,,163,6,5,2,47597,10872,Chennai,Sunny,,2.1,,82153,netbanking,5495,,14,user@yahoo,,1343,74
1085,5123,Messi,KKR,Sri Lanka,26,female,Rahul Dravid,footbal,18-05-2023,697,,1248646,160,2,1,5,20800,,Kolkata,,DRAW,5.8,,84681,upiid,7424,,19,xyz@,12345,2295,137
1089,5052,Ronaldo,,england,31,femal,,Football,21-07-2022,,-307,,191,2,6,1,,,Bangalore,Sunny,Lose,,3,84905,creadit card,3632,,19,user@yahoo,9999999999,3,119
1057,5009,Dhoni,KKR,India,11,female,,Football,29-09-2022,,,,153,2,4,4,,15376,Chennai,rainy,Lose,,2,84729,upi,,,25,xyz@,9999999999,2560,25
1053,5111, ,KKR,australia,59,Male,None,Tennis,09-07-2022,,2027,,47,3,9,3,,12242,,Sunny,Win,2.4,3,84018,credit card,,46,8,,,2553,141
1011,5007,Joe Root,MI,australia,41,femal,,,,2002,2440,,167,5,5,0,,,Mumbai,,Lose,1.8,,83082,credit card,,,1,abc@gmail.com,,30,47
1013,5035,Joe Root,Barcelona,,45,Other,John Smith,Cricket,22-03-2020,4531,2211,,16,4,5,0,35944,1566, ,Rainy,Lose,,3,84754,upiid,10766,80,0,abc@gmail.com,9876543210,1652,122
1120,5105,Bumrah,CSK,India,15,Male,,Tennis,29-12-2022,,2634,604012,167,7,5,4,,2770,Delhi,, lose,2.4,7,81239,upiid,2367,25,14,xyz@,9876543210,1298,173
1161,5013,,RCB,,64,male,,basktball,08-03-2022,-530,1445,,134,4,9,4,21004,19724,Kolkata, ,Lose,2.6,2,82933,cash,2361,15,22,,9999999999,4804,133
1180,5181, Virat,CSK,India,36,femal,John Smith,Basketball,08-09-2022,5337,,621032,56,4,7,3,1652,,Mumbai,Sunny,Lose,4.8,6,82368,upiid,5636,31,14,abc@gmail.com,,885,31
1120,5085,,CSK,Sri Lanka,56,femal,None, ,27-02-2022,,,,7,9,9,2,,,Kolkata, , lose,,,80459,upiid,,,27,user@yahoo,9999999999,1200,159
1019,5148,,Barcelona,,39,Female, ,Cricket,20-09-2023,853,789,,127,1,3,1,,, , ,,8,,84028,upiid,5778,,7,,9876543210,3358,98
1074,5049,Rohit ,Barcelona,,35,male,, ,13-02-2020,,512,1242846,116,4,9,1,,,Chennai,rainy,Win,9.7,2,82626,upiid,10616,,2,,,1979,199
1143,5166, Virat,Barcelona,Sri Lanka,56,male,,Tennis,02-04-2022,-1589,,,55,6,7,1,4261,,Delhi,Cloudy,DRAW,,,83763,creadit card,1042,108,1,user@yahoo,,4843,169
1069,5019,Ronaldo,KKR,Sri Lanka,40,Other,,basktball,03-04-2023,1214,1735,,125,1,8,2,,,Kolkata, ,win ,,,82801, ,,,3,,9999999999,4038,115
1055,5086,Ronaldo,Lakers,INDIA,10,mal,None, ,,4367,,,158,5,3,3,32228,19459,Chennai, ,DRAW,,,84255, ,,88,17,user@yahoo,9876543210,2126,174
1100,5134,Ronaldo,CSK,Sri Lanka,50,female,John Smith,,12-08-2020,,,180852,58,6,0,1,,,Bangalore,Rainy, lose,,,80463,creadit card,,31,11,,,2290,52
1185,5136,Hardik,,,57,mal, ,Football,04-10-2021,,,1478578,57,4,2,0,33589,1264,Mumbai,,,,1,80997,upiid,,97,17,,,3894,107
1131,5128,Dhoni,MI,sri lanka,43,Mle,Rahul Dravid,Football,15-03-2021,-1209,108,1100428,139,8,0,0,46236,3367,Mumbai,rainy,DRAW,,,83006, ,,,20,abc@gmail.com,,4596,86
1110,5153,Rohit ,Barcelona,india,54,female,,Football,26-11-2020,,,,175,3,6,0,9712,15811,,Cloudy,Win,,6,81678,cash,16929,,9,abc@gmail.com,,204,133
1124,5165,,CSK,India,55,Female, ,Cricket,26-10-2022,770,,,158,9,0,4,53066,12366,Chennai,Cloudy,,,6,80864,creadit card,14579,78,20,abc@gmail.com,9876543210,1483,12
1131,5037,Rohit ,,England,44,femal,, ,17-09-2023,1457,1630,,107,0,3,4,,3471, ,,,3.6,,81190,credit card,,,7,xyz@,9876543210,2770,21
1019,5188,Smith,CSK,India,40,Mle,Rahul Dravid, ,12-05-2023,,1808,687111,190,7,0,2,55913,,Kolkata,,,,,82697,,,,24,,9876543210,4428,9
1137,5043, Virat,KKR,,12,femal,,,26-03-2023,,,1183406,73,7,1,1,,15170,Delhi,,DRAW,7.2,3,82374,upiid,,114,17,abc@gmail.com,12345,2650,93
1023,5085,Dhoni,MI,INDIA,69,mal,,basktball,02-11-2022,,,,166,6,0,4,46922,,Kolkata,, lose,3.8,,80864,cash,16105,7,16,,,4261,91
1153,5043,Ronaldo,RCB,INDIA,17,femal, , ,21-05-2021,5198,325,,147,7,4,0,31468,,Chennai,,Lose,9.6,,82576,upi,9181,91,18,xyz@,9876543210,2208,145
1036,5073,,CSK,INDIA,67,Mle,John Smith,Tennis,,-159,,166673,100,1,6,4,52348,14681,Bangalore,,Draw,6.5,,83915,upi,-306,,5,user@yahoo,,5,104
1053,5118,Messi,,india,60,mal, ,basktball,10-11-2021,,,,47,2,2,0,43550,18059,Delhi,Sunny,DRAW,,,82926,upiid,,73,13,user@yahoo,12345,531,152
1102,5189, ,MI,england,32,mal,,Tennis,02-01-2024,1490,,,70,8,7,1,24549,4183,Delhi,rainy,Draw,,5,84429,cash,10807,78,4,xyz@,9876543210,2092,155
1148,5121, Virat,RCB,india,29,female,,,14-08-2020,,,28920,115,0,4,2,39302,19315,Mumbai, ,DRAW,1.9,,82397,,,55,7,,9876543210,4552,136
1037,5133,Hardik,,India,50,Mle,,Tennis,04-09-2022,,-447,149645,181,7,4,3,,15192,Mumbai, ,win ,,3,82221,credit card,,89,7,xyz@,,226,172
1173,5144,Rohit ,MI,Sri Lanka,53,femal,Rahul Dravid, ,16-05-2020,651,1380,198955,121,7,4,3,,,Chennai,,win ,,6,81782,creadit card,,,17,,9876543210,2099,62
1003,5050,Joe Root,RCB,,36,Mle,None,Basketball,,,1411,,77,6,7,0,29745,,Chennai, ,,7,,83998,upi,10360,30,29,abc@gmail.com,12345,4566,29
1187,5037,Joe Root,MI,India,54,Mle,Rahul Dravid, ,06-12-2020,,195,,198,4,1,4,10505,,,,Lose,1.7,,82803, ,12974,,8,abc@gmail.com,,896,83
1056,5151, ,KKR,England,54,female,John Smith,Basketball,01-07-2023,,,,28,3,1,4,9634,18858,Delhi,Rainy,Lose,,,84167,creadit card,-752,40,13,,9999999999,1320,74
1172,5050,Dhoni,Lakers,india,48,Mle,Rahul Dravid,Basketball,21-01-2022,-1462,623,,92,9,7,0,15991,6413, , , lose,,,84547,,10612,20,13,abc@gmail.com,,2661,152
1019,5009,Bumrah,KKR,sri lanka,25,Mle,,,,2194,,1376574,72,9,8,1,26433,,Kolkata,Cloudy,DRAW,,1,82958,credit card,19614,,19,,12345,2559,34
1016,5119,Rohit ,Lakers,australia,17,Female,John Smith,footbal,07-04-2023,-262,,1178781,99,9,9,0,,11305,Kolkata,,win ,3.5,0,81778,credit card,16223,105,13,user@yahoo,,1664,60
1118,5199, Virat,CSK,Australia,17,Mle,John Smith,basktball,22-02-2020,3393,,102543,175,9,9,1,,,Bangalore,,Draw,,7,80825,upiid,,11,16,,12345,1525,104
1070,5148,,Lakers,,56,Female, ,Tennis,12-01-2024,1714,,,73,5,1,2,18853,19469,, ,,6.5,,83661,credit card,4870,79,29,,12345,3750,159
1003,5069,Bumrah,RCB,,66,mal,None,basktball,21-02-2023,-417,-397,,183,0,3,2,25876,,Kolkata,Cloudy,,,,83369,cash,,,1,abc@gmail.com,,3654,115
1013,5084,Hardik,MI,India,20,female, ,Cricket,30-01-2021,2775,1937,,94,4,7,0,11050,,Bangalore,Rainy,,,6,83095, ,,,13,abc@gmail.com,9999999999,2567,132
1002,5056, ,Lakers,England,13,female,,footbal,17-12-2023,,,82012,16,3,1,2,59983,2460,Chennai,rainy,Lose,,7,82157,cash,3168,44,26,abc@gmail.com,9999999999,4769,137
1079,5125,,KKR,,47,Mle,None,Cricket,02-05-2022,,,1251094,136,3,3,4,,15757,Delhi,Rainy,Lose,,,80051,upiid,,35,21,,12345,1096,90
1185,5038,Rohit ,,England,32,Mle,None,basktball,24-01-2022,,,849572,96,6,9,1,9871,3355,Mumbai, ,Lose,,,83361,creadit card,11348,37,20,,9999999999,3098,77
1054,5032,Smith,,INDIA,25,Other,John Smith,,14-02-2020,5048,,,161,8,0,3,20473,3199,,Cloudy,Win,,4,83515,upiid,,,11,,12345,3240,121
1131,5186,Messi,,,33,Mle,None,Tennis,,,,,172,7,1,3,42966,14554,, ,Lose,,,84562, ,,,22,abc@gmail.com,,2822,182
1119,5017,Rohit ,Barcelona,England,22,female,,,06-06-2021,5678,,,8,7,6,2,,,Delhi,Sunny,Lose,,4,83330,credit card,560,,24,xyz@,,2927,1
1023,5183,Joe Root,MI,sri lanka,10,Mle,John Smith,Cricket,14-07-2020,,1837,,134,4,0,1,,,Delhi,Cloudy,Win,,,81674,,17664,51,15,,,4993,189
1161,5056, ,,India,10,mal,John Smith,,10-01-2020,5419,2809,,143,5,0,4,,,Kolkata,Sunny,,,,82865, ,,,21,abc@gmail.com,9876543210,3614,73
1157,5095,Smith,Barcelona,,27,Mle,John Smith,,15-03-2020,,1702,,18,1,1,3,,12036,Delhi,Sunny,Draw,3.7,,81361,upi,18069,41,5,,9999999999,847,159
1081,5047,Ronaldo,CSK,england,8,Male,Rahul Dravid,Basketball,02-04-2020,,,1064018,133,2,3,4,,,Mumbai,,DRAW,4.5,,80786,netbanking,,15,17,xyz@,,3616,88
1146,5041, Virat,Barcelona,england,69,male,,,08-09-2020,,,,113,4,6,4,,2073,Kolkata,Cloudy,Draw,9.8,6,80555,netbanking,,71,6,abc@gmail.com,,2704,45
1158,5026,Bumrah,Barcelona,,16,male, ,Football,23-03-2020,909,-361,755174,138,1,3,3,31529,12134,Mumbai,,DRAW,3.8,1,82039,cash,14571,37,1,,,3893,60
1187,5073,Smith,KKR,,20,female, ,footbal,22-09-2022,,52,,124,2,4,3,1616,16403,,,Win,5.9,,81762,creadit card,,,12,abc@gmail.com,9999999999,3381,86
1059,5109, ,Lakers,India,34,Male, ,Basketball,26-11-2020,,960,,60,3,3,2,46446,,Chennai,,,,4,82112,cash,,,22,,9876543210,3071,103
1146,5179,Joe Root,MI,india,44,femal,,,17-09-2023,,,,41,5,3,1,,,,Cloudy,DRAW,7.5,6,82210,creadit card,15030,,7,,,2994,87
1048,5169, ,CSK,Australia,20,mal,, ,17-09-2021,1325,,,12,4,8,0,,,Mumbai,rainy,Win,4.4,,81701,credit card,5569,,11,,,4742,119
1062,5031,Ronaldo,CSK,sri lanka,34,male, ,Cricket,01-07-2021,4067,,1361901,139,9,5,1,,,Kolkata,Cloudy,,,4,82086,credit card,,,0,,,4533,42
1109,5025,,Barcelona,INDIA,59,Other, , ,21-09-2022,-871,,531736,84,3,2,0,,,Bangalore,rainy,win ,4.1,,82712,creadit card,1182,31,8,,12345,1500,155
1149,5024,Hardik,RCB,australia,60,female,, ,01-11-2020,,2046,1199502,19,1,5,3,,16961,Bangalore,rainy,,,6,82407,upi,,30,7,abc@gmail.com,12345,2442,186
1151,5074,Messi,MI,india,64,Mle,, ,07-08-2023,,1713,,49,4,6,4,15416,,Delhi,Sunny, lose,2.5,3,82316,creadit card,18254,,8,abc@gmail.com,,1725,197
1108,5022,Ronaldo,CSK,INDIA,17,Female,Rahul Dravid, ,03-02-2021,3622,,,163,4,6,1,42363,,Bangalore,Sunny,Win,,,81610,netbanking,2165,2,4,user@yahoo,,1565,81
1075,5056,Smith,RCB,Sri Lanka,35,female,,Tennis,20-10-2021,,1104,1404222,91,6,7,4,40913,,Bangalore,,win ,3.5,0,84352,credit card,18522,7,12,xyz@,9999999999,1743,162
1029,5179, Virat,RCB,India,43,male,John Smith, ,20-01-2022,,1443,,87,0,3,1,8102,,Mumbai,Rainy,Win,,0,84705,upi,,,13,abc@gmail.com,,325,10
1057,5125,Hardik,Lakers,australia,44,Female,John Smith,Cricket,21-02-2023,3461,,266647,68,3,0,5,,,Bangalore,,,,6,81127,credit card,14121,84,3,xyz@,,4417,123
1116,5086,Messi,,,24,Male,John Smith,footbal,28-01-2024,,,,36,4,5,1,2700,14747,Kolkata,,,,,80904,cash,18263,116,16,user@yahoo,,2230,194
1158,5030,Rohit ,CSK,Australia,66,Other,Rahul Dravid,,17-05-2020,,2246,460425,139,7,7,4,34312,8145,Mumbai,,Win,,0,80163,upi,18378,,8,user@yahoo,12345,2666,111
1099,5063, Virat,RCB,sri lanka,21,male, ,Basketball,22-10-2021,5977,,1171634,98,7,4,5,54257,,,Rainy,Win,,,81136,cash,,1,29,,9876543210,1209,25
1191,5198,Ronaldo,Barcelona,england,8,Male, ,,26-11-2023,431,1983,669217,124,0,2,2,,,,Cloudy,,1,4,84710,netbanking,,34,19,user@yahoo,,4361,3
1018,5032,Joe Root,Barcelona,INDIA,12,male, ,footbal,23-04-2023,,,388300,167,4,3,3,829,16763,,rainy,DRAW,,3,82025,,18316,,14,user@yahoo,9876543210,841,162
1175,5001, Virat,,,18,Female,, ,11-10-2022,,,223046,53,9,7,2,,,Bangalore,, lose,9.2,3,80105,upi,4940,44,19,abc@gmail.com,,4424,71
1172,5017,Messi,,India,62,Other,, ,03-02-2021,-382,-232,671453,129,0,5,2,,2771,Mumbai,Sunny,Win,,,84794,creadit card,,2,3,,,3901,28
1093,5174, ,Lakers,australia,10,Male,John Smith,Basketball,,,,,177,0,4,1,,5144,,,win ,7.7,,84459,upi,,,1,xyz@,9876543210,3436,137
1182,5160, ,RCB,australia,24,Other,Rahul Dravid, ,04-04-2021,,,,40,1,8,3,,,,Sunny,DRAW,6.1,,83092, ,,,27,xyz@,,4778,11
1112,5083, ,MI,sri lanka,54,femal,Rahul Dravid,Football,19-11-2020,,323,,44,1,9,5,,,,rainy,,,5,82021,,,,26,,9876543210,2071,93
1182,5034,Ronaldo,RCB,England,38,Mle,,Football,30-04-2020,-789,,,102,8,2,1,5729,8466, ,,,9.6,4,81152,upi,5729,24,12,,9999999999,1284,118
1145,5178,Messi,CSK,india,58,femal,,Cricket,,-812,,645855,105,3,6,0,,,Bangalore,Cloudy,Draw,7.9,,80698,cash,,57,3,abc@gmail.com,,1378,124
1062,5113,Rohit ,KKR,England,12,female,None, ,23-03-2022,5027,-75,337715,136,2,8,1,,,Bangalore,Cloudy,Draw,5.5,,83867,upiid,3096,30,17,,,2658,167
1115,5145,,RCB,Sri Lanka,22,Mle,None,footbal,29-10-2020,,,152765,189,0,3,5,,15427,,Cloudy,Win,1.1,,83270,cash,5256,,23,user@yahoo,9999999999,3561,93
1112,5109,Bumrah,CSK,,37,mal,,Tennis,15-06-2022,-926,,,127,1,9,4,,14998,Chennai,Cloudy,,9.4,,80746,credit card,186,,15,,9876543210,1887,141
1046,5087,Dhoni,Lakers,india,66,femal,John Smith,Football,12-05-2023,,,,85,5,9,1,,, , ,win ,2.1,3,80960,cash,,26,22,,,4012,99
1056,5071,Dhoni,MI,,,femal,,Basketball,18-12-2023,-429,,1004448,46,8,2,0,59274,,Bangalore,rainy,Win,4.4,0,83491,netbanking,2981,3,26,abc@gmail.com,9999999999,1978,11
1117,5124,Joe Root,RCB,Sri Lanka,18,Other,,,18-06-2022,3473,,,4,4,0,1,9422,, , ,Draw,8,,83297,upiid,,48,9,user@yahoo,,4727,35
1044,5029,Messi,RCB,india,67,male,,Basketball,29-10-2021,5510,,731124,0,3,8,5,,,,,,3.1,1,82977,cash,14893,,1,user@yahoo,,4416,8
1160,5171,Hardik,CSK,india,51,male,Rahul Dravid,Basketball,28-08-2021,,1707,,43,4,0,0,,8117,Mumbai,Rainy,,,5,80208,cash,,13,13,xyz@,,4298,7
1144,5052,Ronaldo,Lakers,india,39,Male,,Cricket,18-11-2020,-329,,,149,8,1,3,39957,,,,Lose,6.6,,83316,,-57,44,1,,,3161,69
1197,5137,Ronaldo,MI,INDIA,15,female,John Smith,,18-02-2020,,1609,1464118,37,6,8,5,,,Chennai,Rainy,,,,81891,creadit card,,,17,,,2224,70
1003,5086,Smith,KKR,india,13,Male,None,Basketball,26-01-2023,-1174,,,18,7,4,1,,,Kolkata,Cloudy,Win,,4,81176,creadit card,9840,68,0,abc@gmail.com,12345,4722,185
1147,5179,,,INDIA,50,Male,,basktball,13-01-2024,3420,851,518237,158,3,3,0,,,Delhi,Rainy, lose,,,83506,upi,4589,109,12,user@yahoo,,2079,115
1046,5176, ,Lakers,England,37,Mle,,footbal,09-12-2020,,,1050899,114,7,8,5,26852,11484,Kolkata,Cloudy,Lose,3.8,,82039, ,16998,,5,user@yahoo,,4822,124
1142,5138,,Lakers,,59,Mle,John Smith,Basketball,21-10-2020,2427,,894757,194,5,8,3,,7339,Bangalore,Rainy, lose,7.7,2,83289,netbanking,14113,38,21,user@yahoo,9999999999,953,163
1197,5193,Ronaldo,Lakers,,65,mal,None,footbal,27-05-2020,,,95812,86,4,1,4,5892,,Delhi,rainy,Lose,,,81452,,9473,,16,abc@gmail.com,9999999999,2867,11
1046,5185, Virat,,India,29,Mle,,footbal,20-04-2021,-1880,295,280058,169,6,2,2,,15369,Delhi,Sunny,Draw,,3,84761, ,,,26,,12345,2290,166
1077,5163, ,KKR,INDIA,47,mal,None,footbal,24-09-2021,-74,,282951,122,5,2,0,19833,, ,Cloudy, lose,,,83860,netbanking,,32,16,,,69,91
1123,5160,Bumrah,Lakers,India,54,Female,Rahul Dravid,Cricket,15-09-2022,1882,,648379,81,2,4,4,41435,4189,Chennai,,,9.2,3,81617,upiid,,67,21,user@yahoo,9999999999,1094,85
1074,5174,Joe Root,MI,Australia,,male,,Basketball,02-08-2021,,,828355,153,4,2,3,58188,11735,Bangalore,,Lose,,,80434,netbanking,7677,56,10,xyz@,9999999999,4253,49
1102,5012, Virat,KKR,,31,female,,footbal,15-11-2022,572,,,140,8,9,4,12861,9132,Bangalore, ,win ,,4,82327,creadit card,16509,,5,xyz@,9876543210,548,35
1136,5039, Virat,MI,England,62,Male,,footbal,28-10-2023,,,,57,6,5,1,23606,13307,Kolkata,Rainy,DRAW,,3,81646,creadit card,,78,19,xyz@,9999999999,1839,157
1089,5088,Bumrah,Barcelona,Sri Lanka,38,Male,,basktball,11-03-2022,-1283,,,145,3,1,2,,4597,,rainy,Lose,7.7,4,83163,upi,17377,,2,,9999999999,1951,88
1143,5067,Smith,RCB,india,69,male,None,basktball,05-12-2023,,,,66,6,5,0,,10681,,,win ,,,84762,credit card,13331,54,13,,12345,1058,169
1068,5041,Ronaldo,,Australia,69,femal,None,,05-12-2023,3995,,,121,4,5,5,,12672,,Sunny,Draw,6.4,0,81440,creadit card,,5,24,user@yahoo,,3551,109
1060,5146,,Lakers,australia,24,Female, ,Cricket,12-05-2020,,,,86,1,1,3,11965,,Kolkata, ,Win,9.6,4,84443,,,81,5,xyz@,,2507,134
1137,5093,Smith,RCB,,44,male,John Smith,,,-156,1761,,130,5,5,2,,11153,Delhi,Sunny,win ,,7,84860,credit card,,120,16,user@yahoo,9999999999,3907,10
1049,5018,Ronaldo,CSK,,43,Female,John Smith,Cricket,23-08-2022,,,,54,6,5,3,,,Bangalore,Cloudy,win ,1.1,7,80933,credit card,19112,,2,,,4981,84
1002,5185,Messi,RCB,Australia,43,female,Rahul Dravid,,12-11-2020,5889,,,88,7,5,4,1137,16964,Mumbai, ,,7.3,7,84278,upiid,17666,,16,,9876543210,3490,85
1106,5022,Messi,KKR,INDIA,64,Other,John Smith,basktball,29-12-2023,2959,2583,12954,57,5,4,3,,6347,Delhi,rainy,,3.7,3,82555,cash,9591,,18,,,4606,151
1112,5053, Virat,KKR,australia,65,femal,John Smith,footbal,11-04-2022,,,,62,7,6,3,,16445,Mumbai,Rainy,Lose,,,81146, ,7582,,17,user@yahoo,9999999999,4463,174
1093,5064, Virat,,India,60,mal,John Smith,Cricket,09-01-2020,-114,,,90,6,4,4,55798,16302,Chennai,Cloudy,DRAW,,7,83996,cash,7364,35,4,,9999999999,2959,140
1117,5139,Rohit ,KKR,england,55,femal,,,01-01-2021,,762,,51,1,0,4,246,, ,Sunny,Draw,,,80380,,1195,63,14,user@yahoo,9999999999,882,55
1197,5023,Bumrah,KKR,australia,29,mal,Rahul Dravid,Tennis,28-08-2023,,,,125,5,8,2,55960,,Chennai,rainy,DRAW,,6,80824,cash,6490,,2,xyz@,,2625,141
1080,5033,Dhoni,RCB,INDIA,48,female,,Basketball,03-03-2023,3146,,1216145,23,8,2,0,,,Kolkata,rainy,DRAW,3.1,,81538,upi,,,22,user@yahoo,,4764,74
1108,5052,Messi,KKR,australia,50,femal,,footbal,07-12-2023,,,1361742,71,5,1,4,,17280,Kolkata,,Lose,,,83375,credit card,6930,,7,abc@gmail.com,,2153,135
1050,5135,Bumrah,Barcelona,INDIA,28,femal, ,Tennis,08-06-2022,,1359,,8,3,9,2,53114,9473,Kolkata,Sunny,Draw,1.9,6,81637,upiid,,84,6,user@yahoo,9999999999,4761,140
1146,5017, Virat,Barcelona,,41,Other,, ,25-09-2023,5088,,207308,109,6,5,3,,,Chennai,Rainy,Lose,3.5,7,84287,netbanking,,,17,xyz@,,3566,61
1169,5056,Smith,RCB,England,17,Male,John Smith,,18-05-2020,-9,,-3247,164,2,7,3,30496,, , ,DRAW,4.8,,80524,credit card,9273,,9,user@yahoo,9876543210,259,153
1034,5111, Virat,Lakers,england,50,mal,Rahul Dravid,Tennis,06-03-2020,,,1014908,93,4,1,5,29312,,Delhi,rainy,DRAW,4.6,,83107,netbanking,,,25,,9876543210,1508,130
1045,5004,Smith,Barcelona,Australia,51,Female,None,Basketball,17-01-2021,,1142,144270,116,0,3,1,,16019,Kolkata,Sunny,Win,9.2,,81093, ,,,22,abc@gmail.com,,312,26
1153,5153,Ronaldo,MI,Australia,61,female,John Smith,basktball,27-06-2022,,1711,,82,9,1,4,46378,4134,Mumbai,Rainy,Lose,,1,80104,upiid,11420,,9,,12345,2678,179
1068,5157,Dhoni,Barcelona,australia,53,Female,Rahul Dravid,Football,31-08-2023,2460,,128759,180,2,8,2,6635,19442,Mumbai,rainy,Draw,2.7,6,81739,cash,,97,18,abc@gmail.com,,1844,69
1092,5181,Hardik,KKR,Australia,45,Mle,None,Basketball,11-11-2021,3647,,1219460,79,7,9,5,46187,,Chennai,Cloudy,win ,,,82360,credit card,,58,22,user@yahoo,,2584,62
1063,5012,Hardik,Barcelona,INDIA,41,femal,,Tennis,,,2808,,151,8,1,2,41460,,Mumbai,Sunny,Draw,1.1,3,83126,upiid,,99,0,abc@gmail.com,,4014,167
1164,5082,Hardik,Barcelona,australia,51,Mle,John Smith,footbal,02-03-2020,5561,-392,871901,148,8,9,0,14777,,, ,Draw,,,81676,upi,,73,1,,,3251,116
1048,5028,Ronaldo,MI,australia,25,female,Rahul Dravid, ,13-12-2021,,,,99,9,1,5,10730,,Mumbai,rainy,DRAW,,,82354,creadit card,,63,27,,9999999999,1533,115
1148,5002, Virat,RCB,Sri Lanka,59,Mle,John Smith,Cricket,18-01-2020,793,,736020,39,1,4,2,43751,, ,Rainy,Draw,2.9,7,84916,,,,25,user@yahoo,9999999999,4769,139
1073,5089,Rohit ,Lakers,australia,46,femal,John Smith,Cricket,29-06-2023,,475,1082731,102,3,4,4,,,Bangalore,Cloudy,,1.2,,84131,upi,,,0,,,1423,192
1191,5103, Virat,RCB,india,57,mal,None,,12-05-2023,,,,61,4,6,2,,,, ,DRAW,,5,82934,creadit card,9596,,8,xyz@,,2020,102
1004,5122,Messi,Barcelona,Sri Lanka,65,mal,None,basktball,30-06-2021,,,,197,2,0,1,14765,,Kolkata,Rainy,DRAW,,0,81872,netbanking,9106,99,28,,9876543210,1691,42
1099,5185,Hardik,Barcelona,England,23,female,John Smith,basktball,05-12-2023,2693,,,68,0,1,3,,4151,,rainy,,,,81042, ,,,28,xyz@,9876543210,1728,10
1069,5075, Virat,KKR,,22,Female,John Smith,Tennis,11-10-2023,4197,,142259,141,5,5,3,,,Mumbai,Rainy,,,,83434,netbanking,10173,61,14,abc@gmail.com,,327,123
1089,5129, ,Barcelona,England,60,Female,,basktball,01-12-2023,1499,,,108,9,1,5,20981,,Mumbai, ,win ,,2,81441,credit card,,81,17,,,1588,19
1003,5107, ,RCB,England,9,female,, ,20-12-2020,,1810,1424752,169,1,3,2,,3294,Delhi,Rainy, lose,,3,81845,upiid,1610,58,17,abc@gmail.com,,3753,4
1125,5155,Messi,,,35,femal,,Tennis,24-03-2022,2889,158,,177,8,9,2,,,,Rainy,Lose,2.2,,83501,upiid,,120,21,,,2894,3
1038,5081,Ronaldo,Barcelona,sri lanka,38,Male, ,footbal,19-05-2021,,,,188,0,5,2,26256,6252,Bangalore,,Win,7.4,,81541,credit card,3556,102,6,,9876543210,97,142
1162,5076,Rohit ,CSK,Sri Lanka,25,female,,Football,12-05-2023,639,847,1183109,3,8,6,2,51920,,Bangalore,Cloudy,Lose,5.7,,80466,upi,,,13,abc@gmail.com,12345,4754,10
1128,5001,Bumrah,MI,,29,Mle,John Smith,Football,16-11-2021,,1610,1258061,71,6,9,1,,2457,Delhi,Rainy,Win,2.3,0,82944,cash,1551,,28,user@yahoo,,2347,6
1023,5126,Ronaldo,,,68,male, ,Cricket,,774,2472,,16,9,4,4,,,Delhi,,Draw,3.8,,84294,upi,,,17,xyz@,,1097,31
1056,5134,Ronaldo,CSK,INDIA,40,female,John Smith,basktball,17-04-2023,-360,428,1103247,113,1,7,1,57919,,,,Draw,4.8,4,81591,upiid,3381,31,29,xyz@,12345,4734,31
1099,5025, Virat,Lakers,India,27,mal,None,Basketball,13-01-2022,,578,,84,5,5,1,56066,16302,Mumbai,Sunny,Win,7.1,,82815,creadit card,,25,19,user@yahoo,9876543210,84,176
1069,5087,Hardik,KKR,,39,male,John Smith,Tennis,30-08-2022,-1091,2165,102265,56,7,4,1,,,,Sunny,,,6,84072,credit card,-493,115,18,abc@gmail.com,9999999999,1277,9
1040,5015,Joe Root,MI,england,,male,John Smith,Tennis,16-11-2021,,,,106,1,3,3,14549,,Chennai,Sunny, lose,,,83572,upi,16607,50,28,,,2711,108
1181,5150, ,RCB,INDIA,54,Male,,basktball,19-12-2020,,,623572,47,4,5,1,,6881,Kolkata, ,win ,6.5,4,84336, ,19171,,4,xyz@,9876543210,518,124
1173,5167,Hardik,MI,sri lanka,33,female,,Basketball,05-12-2023,,1867,555843,171,5,5,2,,,Mumbai,Cloudy,Draw,5.9,,81193,cash,,67,8,xyz@,,3523,154
1059,5187,Smith,Lakers,,11,female, ,Cricket,15-11-2021,,1554,,172,2,5,1,12329,4256,Bangalore,rainy, lose,,,80293, ,9171,48,17,abc@gmail.com,9999999999,183,130
1107,5072,,KKR,Australia,68,Mle,John Smith,Tennis,,,2552,,116,1,0,2,,, ,rainy, lose,4.5,,80921,creadit card,2949,39,12,xyz@,9876543210,972,4
1187,5031,Ronaldo,RCB,england,45,Other,Rahul Dravid,footbal,05-10-2022,4766,,1224834,160,5,5,5,,, ,,Win,9.1,,81338,credit card,7540,2,4,user@yahoo,,3385,6
1056,5014,Smith,Lakers,England,27,Mle, , ,05-12-2023,,,,30,2,0,4,,, ,rainy,win ,,,83198,cash,19396,,23,user@yahoo,9876543210,2388,30
1030,5140,Smith,Barcelona,,59,male,Rahul Dravid,,03-05-2022,-26,818,929046,111,1,4,3,,,Chennai,,Draw,6.2,,84563,netbanking,289,7,21,xyz@,,4322,183
1083,5004,Bumrah,Barcelona,,63,Mle,,basktball,31-10-2023,1708,,,46,0,6,4,47514,,Delhi, ,Win,2.3,3,82414,,,,19,,9876543210,4932,156
1151,5073,Bumrah,RCB,australia,24,mal,,Basketball,04-12-2023,1965,,,133,7,0,5,,16822,,Cloudy,Win,,,84853,credit card,,75,14,,12345,3827,61
1035,5051,Bumrah,Barcelona,Australia,14,female,,Tennis,17-11-2021,,2358,1410293,107,0,0,4,45831,,Kolkata,Cloudy,Draw,,,83475,,11935,,25,user@yahoo,,2311,77
1157,5076,Dhoni,Lakers,England,60,Female,Rahul Dravid,Tennis,18-09-2020,-1360,-357,,71,4,5,3,,9502,,,win ,,,81541,cash,6709,,23,user@yahoo,9876543210,2497,183
1151,5168,Smith,Lakers,sri lanka,17,Male, ,Cricket,09-07-2022,,-413,1200190,70,5,6,2,38266,,Bangalore,,Draw,,0,82498,,,35,18,user@yahoo,9876543210,3479,110
1107,5180, Virat,,sri lanka,43,Mle, , ,13-07-2020,1963,2958,388260,161,2,5,5,38144,7627,Kolkata,Rainy,win ,7.5,0,80907,,14976,,19,user@yahoo,9876543210,4265,36
1105,5109,Smith,Lakers,australia,22,female,John Smith,,05-12-2023,,-500,,107,6,4,5,,4266,Bangalore,rainy,Win,2.1,0,82493, ,,,10,xyz@,9999999999,565,133
1157,5177,Ronaldo,Barcelona,india,62,Other,, ,09-08-2020,5891,-420,1070121,52,1,5,2,,,Delhi,,Lose,4.6,,82127,upiid,2672,,8,abc@gmail.com,9876543210,1935,157
1085,5142,Bumrah,MI,sri lanka,58,mal,,,28-05-2020,4591,,318733,141,6,2,2,41387,19619,,Sunny,Win,7.1,0,83088,creadit card,-362,52,20,user@yahoo,9999999999,826,100
1134,5105,Ronaldo,MI,Australia,22,mal,Rahul Dravid,Cricket,30-03-2020,-574,,,15,1,8,3,,, ,,DRAW,2,5,84647,creadit card,,,21,,,4701,140
1162,5126,Bumrah,CSK,australia,64,Male, ,Basketball,10-09-2023,,2977,,170,4,4,1,4670,16770,,,win ,,,83990,creadit card,,,27,,9876543210,3117,122
1182,5006,Dhoni,Barcelona,Australia,69,Male,Rahul Dravid,Cricket,10-09-2021,5014,1410,,115,6,1,0,34887,14511,Mumbai,,,,,83751,upi,13475,,15,abc@gmail.com,12345,349,150
1013,5039, Virat,Lakers,Sri Lanka,23,femal,,footbal,19-08-2023,,,,72,2,9,1,,2337,Kolkata,rainy,win ,2.2,,82097,,-748,,10,,9999999999,98,59
1119,5155,Messi,CSK,australia,37,male,,Basketball,01-09-2020,,,-12993,73,3,9,1,,, ,,Lose,8.8,,83174,upi,,,1,xyz@,9999999999,1769,110
1137,5159,Bumrah,MI,India,65,Mle,John Smith,Basketball,21-11-2022,,763,236953,80,0,6,4,,3913,Mumbai,,Draw,,1,80387,upi,-818,99,24,user@yahoo,12345,1804,167
1079,5098,Joe Root,KKR,india,17,mal,Rahul Dravid,Football,16-05-2023,1656,1103,805548,11,2,2,0,48006,3019,Chennai,Rainy, lose,,5,80298,credit card,,,7,,9999999999,1060,130
1143,5142,,CSK,sri lanka,67,Male,,footbal,03-12-2022,4996,,,127,8,0,2,,7358,Delhi,Sunny,Draw,,4,84434,cash,4930,,22,user@yahoo,,3509,14
1181,5084,Dhoni,CSK,,14,male,None,Football,14-01-2023,235,,1339309,69,9,2,1,42264,7048,Kolkata, , lose,5.9,6,83460,netbanking,,,24,abc@gmail.com,12345,3056,138
1105,5197, ,Barcelona,,52,Female,, ,25-01-2020,,915,,146,4,8,3,41084,2738,Mumbai,,,,,84061,upi,10866,79,20,user@yahoo,12345,4170,176
1069,5064, ,,INDIA,42,Other,Rahul Dravid,Cricket,06-11-2022,-610,,,40,7,4,1,4161,,,Sunny,Win,9.7,7,80473,cash,,,4,,9876543210,2105,64
1043,5131,Joe Root,KKR,Sri Lanka,40,Other,John Smith,Football,,-1467,2631,834548,180,1,6,2,36696,,Delhi,,Draw,4.3,,84711,netbanking,,,10,,12345,3090,131
1072,5010,Dhoni,MI,INDIA,31,Mle,John Smith,Tennis,05-12-2023,,951,1260965,156,2,2,1,,,Chennai, , lose,,,84887,upiid,,43,10,xyz@,9999999999,401,72
1044,5107, Virat,Barcelona,Sri Lanka,34,Female,Rahul Dravid,,21-02-2020,,2604,,197,6,3,5,,11126,,Cloudy,Draw,,6,83213,upi,,,8,,,187,188
1183,5025,Smith,CSK,,55,Other, ,,,,131,,58,9,0,4,,,Delhi,Rainy,Draw,5.3,,84108,cash,9377,,10,,9876543210,3984,196
1106,5188,Bumrah,RCB,England,33,Mle,John Smith,footbal,08-04-2020,,2829,71497,88,3,2,4,,,Delhi,Rainy,,6.3,,80448,cash,,80,4,user@yahoo,9876543210,138,21
1083,5164,Rohit ,MI,England,34,female,,Basketball,25-12-2023,,980,445209,191,8,6,1,688,12520,Mumbai,,DRAW,,4,82221,cash,1930,,8,,12345,142,94
1081,5150,Ronaldo,,,44,Male,John Smith, ,27-11-2022,,1009,,23,6,3,4,21021,9952,Bangalore,Rainy,Draw,,6,81982,creadit card,1375,1,0,,,4203,147
1106,5084,Messi,Barcelona,england,29,Mle,John Smith, ,26-04-2023,-1884,,,143,0,1,3,47062,16658,Bangalore,rainy,Win,,4,83611,credit card,14031,5,25,,9876543210,220,79
1184,5167, ,KKR,,27,female,,Basketball,04-08-2020,2976,1898,742478,179,3,4,0,,, ,Rainy,Lose,,7,82642,,10312,,9,,9876543210,4240,20
1020,5150,Ronaldo,KKR,,13,femal,, ,18-07-2020,,1470,146381,79,9,4,1,,,,,win ,,2,81920,netbanking,,99,26,,9999999999,4605,58
1195,5122,Messi,MI,India,23,Male,,footbal,13-09-2021,822,,,133,5,1,3,,,Chennai,Sunny,Lose,9.2,7,82316,,9916,22,7,abc@gmail.com,9999999999,2423,42
1177,5143,Dhoni,KKR,England,18,male,Rahul Dravid,Football,27-07-2023,5184,,202757,164,5,5,5,,16753,Bangalore,Cloudy,win ,,7,81274,netbanking,10404,,18,user@yahoo,9999999999,4100,94
1160,5188,Messi,CSK,india,47,female,John Smith,basktball,18-08-2021,,,,131,9,9,3,52141,2905,Chennai,Cloudy,Lose,8.2,1,84868, ,,,15,,9876543210,4028,138
1006,5067,Ronaldo,RCB,,38,femal, ,Basketball,14-05-2022,672,,261969,91,5,3,3,59416,, ,Cloudy,Lose,4.2,,81615,cash,11326,,12,,9999999999,387,151
1069,5103,,Barcelona,England,68,Male,Rahul Dravid,basktball,,,58,936274,165,4,0,5,,,, ,DRAW,,,84983,upiid,,,23,xyz@,12345,3838,88
1126,5079, ,RCB,India,67,male,,Tennis,05-12-2023,4864,370,1430895,168,2,2,2,,3363,Chennai,rainy, lose,7.6,,83618,upiid,,,4,user@yahoo,,3031,140
1142,5158,Smith,RCB,INDIA,50,male,,,24-01-2021,1559,-52,,91,1,8,1,,,Kolkata,Sunny,Lose,,,82306,creadit card,6210,,17,,,559,9
1159,5052,Bumrah,MI,england,12,Mle,Rahul Dravid,Basketball,12-05-2023,416,,,80,2,9,1,39755,,Bangalore,Cloudy,DRAW,,,80259,credit card,,4,8,xyz@,12345,1839,79
1147,5105,Messi,Barcelona,Sri Lanka,57,mal,,Football,01-07-2021,,2294,,141,8,6,1,,,Kolkata,Rainy,win ,,7,83206,,,,3,xyz@,,3234,157
1142,5152, ,KKR,England,28,mal,, ,23-06-2021,-1600,,,70,2,5,0,,7345,Mumbai,Rainy, lose,4.8,4,81512,credit card,15486,,13,abc@gmail.com,12345,1771,82
1175,5043,Joe Root,RCB,England,67,femal,,,19-10-2021,,,,178,2,0,3,33454,18412,Bangalore, ,win ,9.7,0,84738,creadit card,,,29,abc@gmail.com,,364,148
1198,5139,Dhoni,KKR,,64,male,John Smith,basktball,07-03-2022,,,,64,0,8,1,6871,,Mumbai,Cloudy, lose,,,82128,,12886,,6,user@yahoo,,416,193
1148,5089,Messi,Lakers,india,11,Other,Rahul Dravid,basktball,01-01-2020,,-420,365079,51,1,8,4,,, ,Cloudy,win ,2.4,,83438,creadit card,,,11,xyz@,12345,1635,3
1169,5100,Smith,Barcelona,INDIA,35,femal,Rahul Dravid,Football,05-12-2023,,,1331691,29,2,0,2,24819,17809,Kolkata,,Win,,,82176,cash,,,23,xyz@,12345,2068,136
1153,5096,Ronaldo,,England,33,male,Rahul Dravid,,26-01-2022,,586,,184,1,5,5,54605,14542,Chennai,Cloudy,DRAW,,,84507,upiid,,33,6,user@yahoo,9876543210,516,39
1119,5008,Messi,MI,australia,60,female,,Cricket,11-10-2022,4705,,,98,7,6,5,,,,Sunny,DRAW,6.4,,83508,credit card,9635,,10,abc@gmail.com,12345,4031,64
1127,5011,Bumrah,RCB,INDIA,35,female,John Smith,footbal,09-05-2022,,,,157,5,1,0,,8470,Chennai,,Lose,9.6,,84710,,,96,21,xyz@,,1220,31
1141,5068,,KKR,Sri Lanka,17,male, ,footbal,15-11-2022,,1742,,97,6,9,5,,,,,Win,,,84994,creadit card,,56,14,abc@gmail.com,,660,111
1056,5181,Dhoni,Barcelona,sri lanka,34,male, ,Basketball,07-08-2021,,-111,,41,0,7,2,59340,, , ,win ,,,83080,creadit card,,37,29,,9999999999,3416,123
1164,5181, ,,INDIA,38,female,,Cricket,27-04-2020,5649,339,134510,138,5,7,3,,,Delhi,rainy, lose,,,80231,cash,18036,7,27,xyz@,,329,150
1057,5027,Joe Root,,India,,Male, , ,12-03-2023,,,145040,26,1,5,5,,3169,Mumbai,rainy, lose,8.2,,80729, ,18815,1,6,,9999999999,377,96
1020,5055,Messi,,Sri Lanka,9,male,John Smith,Cricket,22-08-2023,1213,2997,,151,5,8,5,20215,16879,Kolkata,Cloudy, lose,,,83012,creadit card,1422,,19,user@yahoo,9999999999,3282,5
1081,5098,Ronaldo,CSK,,29,Male,John Smith,Cricket,21-03-2020,1347,,,166,2,2,4,48725,14195,,rainy,DRAW,,,82929,credit card,,,25,,12345,159,58
1068,5196,Bumrah,MI,Sri Lanka,68,male, ,Tennis,,,1045,,71,6,1,3,55172,,Chennai,rainy, lose,,7,80317, ,4789,,16,user@yahoo,12345,4753,105
1130,5109,Ronaldo,MI,,31,femal,,Football,24-01-2021,,,,17,2,1,1,58909,11402,Bangalore,rainy, lose,6.6,6,81530,credit card,12710,78,4,,9876543210,1263,63
1086,5076,Messi,Lakers,,15,mal,John Smith,Cricket,05-12-2023,-686,674,1383365,76,8,5,2,,,Delhi,Sunny,,,3,81110,netbanking,8146,,7,,,4174,61
1164,5102, Virat,KKR,england,27,Female,John Smith,Basketball,17-02-2020,-445,2114,234190,44,2,6,5,23922,15384,,rainy,win ,,,80715,cash,1783,104,9,xyz@,,2199,52
1048,5105, ,CSK,england,23,female, , ,05-12-2023,5704,2939,117068,114,6,5,4,53983,,Bangalore,Cloudy,Win,5.4,1,81341,upi,,112,5,abc@gmail.com,,2564,108
1146,5108,Joe Root,Lakers,Sri Lanka,39,female, ,basktball,05-02-2023,,,,86,3,2,2,,,Bangalore, ,Lose,7.7,0,83404,upiid,5485,,20,xyz@,9999999999,2430,101
1114,5111, ,,Australia,64,Male,None,Tennis,11-07-2020,1982,,1081993,139,7,4,0,51936,7767,,, lose,,,83312,credit card,,,1,,,4788,33
1088,5057,Hardik,MI,australia,39,female,,Football,21-03-2021,,,1219177,176,1,7,4,31842,11060,,,Lose,8.6,,83120,upiid,19985,114,25,,,2037,22
1084,5077,Smith,Lakers,England,67,Male,John Smith,Basketball,13-01-2022,,,334042,158,7,5,0,,,Delhi,,DRAW,,7,83087, ,13677,,27,abc@gmail.com,9876543210,2399,51
1127,5074,,Lakers,,69,female,,Cricket,23-03-2022,,,,91,8,1,5,,16722,,Sunny,win ,7.6,,80201,cash,13984,,4,abc@gmail.com,9876543210,1224,11
1139,5041,Hardik,KKR,England,33,female,,Basketball,09-11-2023,3059,1663,,21,7,6,4,56625,2098,Mumbai,,Lose,,0,82140,upiid,18295,,9,xyz@,9999999999,1988,127
1188,5165,Rohit ,KKR,Sri Lanka,45,Mle,,Basketball,26-03-2023,,,350037,171,5,7,1,7469,9460,Delhi,Cloudy,Win,3.8,0,81672,upi,4493,98,27,user@yahoo,,865,186
1168,5067,Dhoni,CSK,,21,mal,None,Cricket,15-03-2020,,2260,,91,9,3,2,28526,4694,Chennai,Rainy,,1.4,,81056, ,11924,,2,xyz@,,390,50
1160,5180,Joe Root,Barcelona,england,33,Other,John Smith,Football,21-07-2023,1352,2153,156677,191,0,0,2,,16420,Mumbai,,DRAW,,4,83671,netbanking,10867,,12,,,1408,198
1177,5032,Dhoni,KKR,australia,35,Other,, ,15-10-2020,,,,76,6,1,3,28153,8197,Kolkata, ,,,7,80418,upiid,13686,,15,xyz@,12345,4915,17
1116,5070,Bumrah,KKR,India,62,Female,Rahul Dravid,Tennis,22-12-2022,,-369,38117,24,0,3,4,11135,8195,Chennai,,,,,82598,creadit card,,83,14,abc@gmail.com,,4030,174
1195,5055, Virat,KKR,Australia,23,Female, ,basktball,10-11-2022,3763,,,107,6,6,4,,,Delhi,Sunny,Draw,,,80625, ,,2,1,xyz@,9999999999,4435,44
1126,5104,Ronaldo,Lakers,sri lanka,26,mal,,Tennis,12-05-2023,,,,178,1,1,0,15098,7695,Delhi,,,9.8,,84940,creadit card,,,29,,9876543210,1554,185
1070,5199,,Lakers,india,23,Other,None,basktball,02-02-2022,,,,134,7,5,4,,7449, ,Sunny,Lose,,,83830, ,,56,2,xyz@,9876543210,4047,133
1085,5100,Dhoni,,england,47,femal,Rahul Dravid,Football,05-12-2023,,,1248293,108,1,1,2,55480,3532,Kolkata,Sunny,Lose,,5,81878,creadit card,,3,19,abc@gmail.com,,131,39
1032,5050,Smith,Barcelona,england,59,Male,,,09-05-2023,,2185,1017207,133,2,6,4,7779,,Bangalore, ,win ,5.9,,81944,netbanking,18814,36,17,,,3679,186
1080,5073,,Barcelona,australia,18,Other,,basktball,12-05-2023,,-222,,23,2,1,3,18126,18114,,,win ,,,82929,upiid,4823,,29,xyz@,9999999999,3076,137
1151,5170,Bumrah,KKR,,29,mal,None, ,30-11-2020,1319,-229,,18,0,2,3,19488,,Mumbai,Sunny,,7.9,5,82767, ,2360,,19,,12345,4472,23
1060,5120,Joe Root,,england,18,male,,Basketball,28-04-2021,,,,82,4,8,2,49222,,Delhi,rainy,DRAW,2.4,5,83383,creadit card,19204,7,19,,,4735,175
1060,5142,Bumrah,Barcelona,,46,Other,John Smith,Football,05-12-2023,-1206,,373278,114,4,3,2,20553,16463, ,,Lose,,7,83540,cash,10764,58,14,abc@gmail.com,,1521,164
1097,5165,,RCB,India,28,femal,John Smith,Cricket,04-06-2021,1780,,,8,9,4,2,,,,Rainy,Draw,,0,80393, ,-240,,21,user@yahoo,9876543210,3269,31
1027,5142,Smith,RCB,INDIA,45,femal,,basktball,28-05-2023,,,926967,111,4,8,4,27475,,Bangalore,Sunny,Draw,,,82856,cash,14465,,27,user@yahoo,9999999999,440,84
1185,5004,Ronaldo,,sri lanka,32,female,John Smith,,25-11-2021,1038,469,,163,8,6,4,,,Delhi, ,Win,6.7,3,82919,upi,,,4,,9876543210,1741,23
1042,5082,Ronaldo,Lakers,INDIA,62,Male,,,22-02-2023,,,,101,5,7,1,7581,15410,Kolkata,,win ,9.4,,82618, ,18335,32,22,,,1203,184
1168,5181, Virat,RCB,australia,13,male, ,Basketball,08-03-2020,,,,167,5,2,5,,,Bangalore,Rainy,win ,,1,80631,credit card,3076,42,10,xyz@,9876543210,240,199
1166,5050,Dhoni,KKR,,14,Mle, , ,01-10-2020,843,,,151,2,3,5,31579,,Chennai,Rainy,Draw,,1,82856,,14279,,22,xyz@,,3391,174
1085,5009, ,,sri lanka,13,femal,None,Tennis,12-05-2023,,,977443,47,4,6,0,,,Kolkata,,,,,80321,netbanking,7125,,2,xyz@,9999999999,3721,58
1176,5139,Dhoni,CSK,Australia,13,female,None,Cricket,20-10-2023,,,,190,9,3,4,19607,, ,Cloudy,Lose,7.8,6,83506,netbanking,16621,,8,,,4118,164
1016,5003, ,CSK,,58,Male,,Football,01-03-2023,4609,,,68,6,1,1,,,Kolkata,,win ,1.6,,84669,creadit card,,76,6,,9876543210,1203,196
1097,5094,Ronaldo,Lakers,INDIA,55,Female,,Tennis,06-02-2020,,2276,124772,180,2,9,1,53925,16311,Delhi,rainy,win ,4.4,2,81693,credit card,,,22,,,1887,88
1197,5145,Hardik,MI,INDIA,8,male,Rahul Dravid,Basketball,16-03-2023,2116,,1119708,181,1,5,3,17907,,,Rainy,,,1,81063,,12964,23,1,xyz@,9999999999,4270,188
1197,5079,Hardik,KKR,,17,female,,,17-01-2022,,105,,169,4,8,4,,, ,rainy,DRAW,8.8,0,83111,netbanking,,87,14,,,197,142
1097,5035,Ronaldo,CSK,England,42,Mle,, ,08-08-2023,,-482,,118,2,1,1,,19693,Delhi,Rainy,win ,6.9,,81476,cash,903,,11,xyz@,,3525,25
1064,5024,Hardik,CSK,India,35,Other, ,basktball,29-05-2020,-72,-347,,44,4,0,3,,,, ,,,0,82917, ,,14,15,user@yahoo,9876543210,4194,199
1073,5097,Rohit ,KKR,india,39,male,,basktball,03-05-2021,,,,124,8,7,0,,9224,Kolkata,,win ,,5,83261,creadit card,,,25,,9999999999,744,172
1084,5163,Messi,Barcelona,australia,65,female,Rahul Dravid,Basketball,,3766,,,13,9,0,3,,3791,Mumbai,rainy, lose,5.7,,82793,netbanking,1629,,15,xyz@,12345,452,46
1004,5100,Hardik,,INDIA,13,Male, ,Cricket,19-09-2023,,-202,368561,156,0,0,0,,548,Delhi,,,6.4,,83086,upiid,14224,70,15,,12345,3262,141
1001,5194, ,KKR,England,67,female,,footbal,19-03-2023,,,,133,3,2,5,16435,5413,Bangalore,,win ,4.6,,83811,netbanking,,41,18,,9876543210,3021,62
1021,5008,,CSK,Sri Lanka,,Mle, ,,14-05-2022,,,427085,134,9,4,5,46142,1580,Delhi,Rainy,Win,,4,83970,upi,,,2,,9876543210,498,19
1111,5060, Virat,KKR,england,58,male,Rahul Dravid,Cricket,10-06-2021,2754,38,,36,4,8,2,52242,2712,Delhi,Sunny,Lose,7.8,,83351,,,94,27,user@yahoo,12345,3687,140
1056,5052, Virat,,INDIA,59,Male,None, ,05-10-2020,,78,64120,52,1,9,2,,,Delhi, ,Win,,7,80958,cash,,,28,abc@gmail.com,9876543210,3262,112
1065,5145,Joe Root,RCB,Sri Lanka,52,male,None,Tennis,18-07-2020,5474,2795,630700,17,1,1,3,,,Mumbai,Cloudy, lose,5.8,5,84143,upiid,17048,,21,user@yahoo,12345,140,90
1073,5170,,CSK,India,49,Mle,None,basktball,27-08-2021,,,,37,0,0,2,,12861,Bangalore, ,Lose,6.4,,81582,upiid,11740,78,19,,,1714,48
1097,5162,,Lakers,,17,Other,,footbal,27-05-2021,5349,,,186,7,0,4,,4381,Mumbai,,DRAW,3.2,6,83176,creadit card,,22,3,,9876543210,2820,161
1143,5062,Messi,CSK,INDIA,11,Female,Rahul Dravid,footbal,16-02-2023,157,,964419,128,1,7,3,16576,10967,,,Lose,8.4,,82416,,7977,,0,,9999999999,2222,165
1111,5120,Smith,,Australia,8,Male,,Cricket,,5460,948,326496,195,2,9,1,,445, ,,,,,80459,,12916,,21,user@yahoo,9999999999,2467,134
1178,5104,,KKR,INDIA,38,Female,None,Tennis,04-07-2022,,-169,,43,1,9,4,53212,6048,,Sunny,Draw,4.7,,82294,creadit card,,,7,,,675,123
1124,5003, ,Barcelona,australia,19,Other,, ,25-06-2023,539,,466439,46,3,9,3,,3409,,Cloudy,DRAW,,,82311, ,16236,,23,user@yahoo,12345,3505,117
1166,5092,Rohit ,RCB,australia,10,male,,Basketball,20-01-2021,,,782933,34,0,1,5,49416,11636, ,Cloudy,,,,81229,cash,2422,67,14,,,3602,81
1085,5168, ,MI,india,16,male,Rahul Dravid,footbal,01-08-2021,,,1105696,59,2,8,0,40791,,Bangalore,,Lose,,,81530,creadit card,2794,80,23,abc@gmail.com,12345,917,171
1075,5172,,CSK,INDIA,26,male,None,footbal,26-04-2023,,,778263,89,4,8,2,59428,11749,Mumbai,,win ,,4,84625,cash,,,20,user@yahoo,,1822,100
1087,5177,,KKR,Australia,,Mle, ,,01-10-2020,5452,,546149,51,9,1,2,,859,,Cloudy,Draw,8.2,6,81387,upi,6414,,25,,12345,3822,178
1167,5027,,KKR,Australia,61,Male,,Cricket,05-10-2022,,,,7,0,2,2,56775,19225, ,Rainy,win ,7.6,,82797,cash,,100,21,xyz@,,2603,174
1037,5169,Ronaldo,,england,31,femal,Rahul Dravid,,22-07-2022,,,,106,3,1,3,,,Delhi,rainy,Lose,5,,81363,,9252,,4,,12345,4803,73
1187,5079,Messi,Barcelona,india,51,Male,John Smith,Cricket,13-10-2023,,2829,,168,5,5,4,59676,4353,Bangalore,rainy,Lose,8.7,,84502,cash,,34,19,user@yahoo,,1730,28
1058,5075,Ronaldo,Barcelona,Australia,51,Other,,Football,,,248,650923,130,3,6,0,11472,8059,Mumbai,rainy,Lose,2.1,,80452, ,,,11,,,3428,195
1137,5115, Virat,Barcelona,INDIA,66,mal,John Smith,basktball,03-12-2022,,2028,246681,196,6,5,2,18105,,Bangalore,, lose,3,5,83904,creadit card,,,19,xyz@,12345,4656,11
1098,5068,Rohit ,KKR,,60,Mle,John Smith,Tennis,09-07-2020,,,1191176,141,6,2,4,,,Chennai,Cloudy, lose,3.7,,84909,upi,,,19,abc@gmail.com,12345,4154,148
1191,5097, Virat,,sri lanka,52,Other,, ,13-12-2022,5606,,,95,5,2,1,41699,,Delhi,Cloudy,Win,3,7,80577,creadit card,18022,25,3,,9999999999,3718,87
1062,5000,Bumrah,Barcelona,England,30,Female,,Basketball,10-04-2021,,660,,25,8,1,5,,,Delhi,rainy,Draw,1.6,3,83919,upi,,35,29,,,1624,158
1048,5166,Joe Root,,India,50,Other, ,footbal,05-12-2023,,1384,1253461,110,1,1,1,19406,6573, ,Sunny,DRAW,7,,83012,upiid,1093,,21,user@yahoo,,1806,101
1191,5095,Hardik,Lakers,Sri Lanka,44,Other,John Smith,Basketball,22-03-2022,,,,197,9,4,0,34885,5224,Kolkata, ,win ,7.2,1,83264,upiid,,,14,,,4358,36
1031,5016,Hardik,MI,INDIA,13,femal,None,,15-01-2023,5650,,,122,7,7,2,17466,,Kolkata,,win ,3.4,,81931,,1403,,5,,9876543210,1454,100
1134,5111,Hardik,MI,England,10,Mle,, ,27-12-2020,,379,1055281,185,7,5,1,26778,51,Bangalore,Rainy,win ,5.6,7,84242,,17907,,4,abc@gmail.com,9876543210,353,119
1020,5090, ,,india,18,mal,None,Football,05-12-2023,,2039,,167,9,8,5,57788,1795,Mumbai, ,Win,,0,84501,upi,4917,98,27,,12345,2933,98
1019,5087, ,Barcelona,Sri Lanka,65,Female,None,basktball,10-11-2023,,,599799,50,3,4,4,55639,,Delhi,,Draw,,5,80182,credit card,11868,,10,xyz@,9876543210,940,196
1153,5162,Joe Root,,sri lanka,27,male,Rahul Dravid,Tennis,21-02-2023,625,2588,119963,122,5,9,4,21095,12896, ,rainy,,,,83177,creadit card,12447,,13,abc@gmail.com,12345,3945,88
1126,5173,Dhoni,Barcelona,,29,Mle,None,Football,01-05-2023,3464,1407,,4,5,3,1,,11769, , ,win ,6,,80235, ,7843,96,10,,,4142,36
1067,5169,Messi,,england,14,Male,None, ,24-04-2020,2774,,,76,4,8,2,,9954,Kolkata,,,6.2,,80637,creadit card,,,8,,9876543210,4848,58
1109,5166,Ronaldo,Barcelona,Australia,10,mal,John Smith,Cricket,19-01-2024,,,75755,159,0,9,5,58377,11119,Kolkata,,win ,,,83005,credit card,,,23,,12345,229,28
1115,5089,Dhoni,Lakers,Sri Lanka,45,femal,John Smith,Football,29-12-2020,4279,80,866364,0,2,4,0,9289,,Delhi,Sunny, lose,2.1,7,84274,creadit card,12845,,9,,9999999999,3482,39
1142,5048,,,,13,female, ,Tennis,14-08-2023,,869,866120,181,6,0,2,12989,11767,Kolkata,Cloudy,Draw,,,82479,upiid,17265,,5,,9876543210,4852,66
1119,5189, ,MI,england,10,Other,Rahul Dravid,Cricket,05-12-2023,,,,10,7,4,3,9012,6960,Kolkata,,DRAW,8.8,,83472,upiid,,4,10,xyz@,9999999999,4857,171
1078,5037,Hardik,KKR,Sri Lanka,47,male,Rahul Dravid,Football,15-06-2020,-611,,1008464,180,1,4,1,,,Kolkata, ,Win,,,80524,netbanking,10246,105,8,user@yahoo,9999999999,237,5
1115,5150,Smith,KKR,Australia,8,Other,None,,12-12-2023,,992,1052023,7,2,4,3,56261,1515,,Sunny,Draw,,0,82790,creadit card,7771,,4,,,3772,141
1091,5149,Messi,CSK,india,60,male,Rahul Dravid, ,16-08-2021,,,,152,3,1,1,56555,19005,Kolkata,Cloudy,Lose,3.5,,82370,,,2,9,xyz@,9999999999,4173,9
1013,5131,Rohit ,MI,england,67,femal,None, ,13-08-2023,3950,,,167,4,5,0,38522,, ,Sunny,Win,3.4,,81284, ,,,19,,9876543210,2781,103
1154,5176,Dhoni,CSK,INDIA,20,Female,,Basketball,19-05-2020,227,-405,,31,2,4,2,52247,1537,Delhi,Cloudy, lose,10,6,81635,,8244,30,13,xyz@,9876543210,2606,57
1124,5058, Virat,RCB,England,58,male,Rahul Dravid,Cricket,24-11-2022,3833,754,332455,27,4,1,5,36977,19623,,Cloudy,win ,5.8,5,81723,upi,11878,,5,user@yahoo,,1984,27
1167,5067,Bumrah,Barcelona,INDIA,18,male,,Basketball,28-04-2022,2088,2357,,130,7,9,2,,,Bangalore,Sunny,DRAW,,7,82446, ,3310,,3,xyz@,9999999999,3095,189
1057,5198,Ronaldo,Lakers,england,65,femal,,Tennis,05-12-2023,2205,,56795,127,7,7,1,32901,,Bangalore,Rainy,,1.6,,84432,cash,,39,23,,,1052,103
1027,5129, Virat,Barcelona,England,33,Male,Rahul Dravid,Football,28-10-2021,2616,1100,,61,1,5,4,,,Kolkata,rainy, lose,2.8,,84214,upi,,84,22,abc@gmail.com,9999999999,350,178
1025,5048, Virat,KKR,australia,60,femal, ,Basketball,29-07-2023,-861,1392,,26,5,9,3,,1058,,Rainy,Lose,3.3,,81581,creadit card,,92,20,xyz@,,912,82
1112,5125,Smith,,,39,mal, ,Cricket,03-10-2020,2813,,,44,3,2,5,,,,Rainy,,,,82460,upiid,,51,9,,,4445,162
1190,5158,Messi,CSK,england,14,mal,,Football,,,904,,104,8,8,5,48615,9045,Bangalore,Cloudy,Draw,,,80579,credit card,15879,,21,,9999999999,1304,85
1065,5110,Bumrah,RCB,,25,Mle,None,Basketball,16-06-2022,-1279,1737,,91,9,3,2,,3747,Bangalore,Cloudy,,2.5,0,83941,cash,,,10,user@yahoo,,2523,65
1152,5167,Messi,Barcelona,england,45,Mle,Rahul Dravid,Tennis,11-11-2021,3064,,,24,1,2,2,26545,,,Sunny,Draw,,1,80195,upiid,,107,15,abc@gmail.com,9999999999,291,173
1130,5047,Dhoni,MI,sri lanka,26,male, ,Basketball,,-1965,384,1269356,188,7,6,1,56119,,Kolkata, ,Draw,,1,80332,creadit card,11666,,6,abc@gmail.com,,1212,87
1199,5050,Joe Root,CSK,india,47,female,,footbal,13-03-2021,,,,43,0,7,4,33971,8717,Delhi,,win ,6.9,0,83091, ,,31,17,,,467,34
1043,5042,Hardik,,England,61,Other,John Smith,footbal,08-10-2020,-1634,2623,708163,173,5,6,3,21265,,Chennai, ,,,,84718,,10368,114,24,user@yahoo,9876543210,3277,100
1096,5097,Dhoni,Barcelona,Sri Lanka,41,female,,Basketball,,4414,,628773,141,9,0,4,52622,,Bangalore,Cloudy,DRAW,8.9,,80657,upi,6085,,6,,9999999999,2525,136
1041,5182,Messi,MI,,12,female,Rahul Dravid, ,24-12-2021,,,1444541,135,0,0,5,,,Delhi,rainy,win ,,3,80703,credit card,,,23,abc@gmail.com,,3575,94
1005,5176,Dhoni,Barcelona,,61,Other,None,Cricket,28-06-2023,,2712,,175,1,4,4,25702,2776,, ,Lose,8,1,84978,,,49,29,,9876543210,3199,48
1166,5123, Virat,KKR,India,47,Female,,basktball,13-03-2023,-555,745,,141,2,7,1,,,,Rainy, lose,,6,81449,,2276,113,20,,,4325,164
1179,5079,Dhoni,RCB,Australia,26,male,,footbal,08-07-2023,,1365,,192,8,9,4,24718,14877,Delhi,Cloudy,Draw,3.2,,81252,creadit card,,44,14,abc@gmail.com,9999999999,1064,100
1022,5184,Dhoni,CSK,,16,Female,John Smith, ,03-10-2020,,2557,1221648,79,4,2,3,,5426, ,Rainy,,,,80523,upi,13374,,18,user@yahoo,,4888,82
1088,5110,Messi,CSK,INDIA,12,male,John Smith,Tennis,13-08-2023,-964,449,,81,9,7,5,,7710,Bangalore,,Win,,5,82264,,3175,94,17,abc@gmail.com,9876543210,3463,194
1122,5142, Virat,Barcelona,Australia,37,Female,Rahul Dravid,Basketball,18-07-2020,1945,,1129652,134,9,2,0,31149,11347,, ,Lose,2.3,5,82422,creadit card,8463,45,14,abc@gmail.com,12345,4919,117
1177,5026,Bumrah,RCB,England,46,Female,,Football,12-05-2023,3687,,585070,87,1,3,5,49217,,Mumbai,,,7.2,,80035,creadit card,,,17,user@yahoo,,1693,11
1170,5195,Rohit ,Lakers,England,62,Male,Rahul Dravid,Tennis,05-05-2023,,,,176,9,9,0,,3151,Bangalore,Cloudy,Win,,,80775,upiid,,72,2,,9999999999,4931,52
1146,5191, Virat,CSK,England,24,Female,John Smith,Tennis,,,988,998171,126,4,6,3,58319,19219, ,,DRAW,6.3,,80027, ,,34,0,abc@gmail.com,9876543210,2394,164
1196,5157,Rohit ,Barcelona,sri lanka,18,Other,,Tennis,24-10-2021,,519,,54,4,2,5,,15659,Bangalore,rainy,Draw,,6,80085,,,19,0,xyz@,9999999999,2057,31
1050,5163,Messi,KKR,India,49,Male,,Football,,,,482754,140,0,3,5,,,Mumbai,,win ,5.6,7,82235, ,,,6,abc@gmail.com,9876543210,86,24
1010,5194,,Barcelona,,57,female,,Football,28-03-2020,,,,183,2,7,5,15825,,Mumbai,rainy,win ,8.2,,82352,upiid,,51,9,xyz@,,2592,149
1011,5112, Virat,MI,,52,femal,John Smith,,20-07-2020,322,,1232997,55,4,3,5,,12978,Delhi,Rainy,Lose,7.1,0,83493,creadit card,,9,11,,9876543210,4042,96
1073,5085,,KKR,england,40,mal,,footbal,29-01-2020,,2347,1368065,14,8,8,1,41856,4808,Bangalore,Rainy,Draw,,,84281, ,16187,,26,,9876543210,2920,158
1007,5113,Smith,,india,14,Male,John Smith, ,05-12-2023,-101,-248,1209420,184,9,3,2,,3772,Delhi,rainy,Lose,1.7,6,84653,upiid,,0,7,,9876543210,3,121
1151,5123,Joe Root,,,39,Female,Rahul Dravid,Football,24-12-2021,-274,,1226135,57,0,3,5,42983,,Kolkata,Rainy,Draw,3.7,,82556,upiid,11020,65,21,abc@gmail.com,,3094,72
1040,5048,Hardik,,Australia,46,Other, ,basktball,10-01-2021,,-70,303144,162,7,4,1,59709,19619,Kolkata,Rainy,DRAW,2.2,7,84312,cash,5960,,22,xyz@,,1521,97
1163,5075,Smith,KKR,INDIA,22,Male, ,Basketball,17-09-2022,,2834,1033223,87,0,0,3,59741,16472,,, lose,6.9,,80256,netbanking,1408,,16,,9999999999,2948,115
1084,5054,Hardik,Lakers,Sri Lanka,52,Other,,Cricket,23-08-2021,806,2335,,96,8,6,5,,8694,Mumbai,,Draw,4.3,,83806,credit card,,,13,,9876543210,3857,64
1071,5055,Smith,,Australia,26,Mle,None, ,21-04-2023,2675,,562953,143,5,8,4,44623,5086,Bangalore,Rainy,Win,5,4,81447,upiid,,,16,user@yahoo,9876543210,1977,127
1054,5195,Messi,KKR,India,10,Male,,Tennis,12-12-2023,,386,,7,0,8,5,,16803,, ,Win,9.2,,84419, ,8074,,24,user@yahoo,,1474,117
1136,5094,Hardik,Barcelona,Australia,33,female,None, ,23-11-2022,2599,,508536,172,7,0,5,57301,,Chennai,,Draw,1.5,,82244,netbanking,5402,,20,xyz@,9999999999,1130,39
1046,5043,Ronaldo,Barcelona,australia,62,male,None,basktball,05-12-2023,4487,2627,,39,4,5,0,,, ,rainy,Draw,2.7,7,84599,cash,295,109,22,,9999999999,880,129
1142,5158,Dhoni,KKR,england,29,femal,,Football,,2580,1891,,181,6,2,4,,,Chennai, ,Draw,,,83343, ,19017,,5,xyz@,,1401,97
1175,5185,Joe Root,MI,india,50,Female,John Smith,basktball,14-11-2020,413,2848,424536,13,6,3,5,16040,4027,Delhi,Sunny,Win,3.1,0,80693,,2685,80,19,abc@gmail.com,9876543210,1975,170
1103,5086,Ronaldo,RCB,England,18,Mle,None,Basketball,05-12-2023,-293,,,186,6,7,5,48028,9492, ,rainy,Lose,,0,82065,netbanking,9690,17,16,xyz@,,1750,77
1041,5180,,RCB,england,52,femal,None,basktball,08-06-2021,,,786245,52,5,3,5,,9172,Kolkata,Sunny,,6.9,,83600,credit card,,,19,,,1,5
1059,5083,Smith,Barcelona,,38,male,, ,01-11-2021,4509,2354,1303790,126,7,7,1,,,Delhi,Rainy, lose,8.9,,84220,creadit card,,,25,xyz@,,1144,140
1197,5150,Smith,KKR,INDIA,59,femal,,footbal,03-02-2022,,,,154,8,3,3,32802,6124,,Cloudy,,,,80482,cash,,37,25,user@yahoo,12345,1638,157
1011,5155,,RCB,england,36,Female,John Smith,,16-10-2022,,,973825,174,1,8,0,43611,,,,Draw,,,83665,cash,6915,54,7,,12345,148,3
1129,5015,,MI,INDIA,30,Other,None,Basketball,19-01-2024,4590,,,79,6,5,5,31120,2550,,rainy,win ,,6,83075,netbanking,,49,12,user@yahoo,9999999999,4247,61
1006,5164,Ronaldo,,australia,68,Female,Rahul Dravid,,05-12-2023,,,553442,114,1,0,3,,11544, ,,Lose,5.8,,82674,upi,,39,15,user@yahoo,9876543210,2353,179
1079,5148,Ronaldo,CSK,australia,40,male, ,Basketball,14-09-2022,3233,,,133,5,9,0,,15582,Delhi, ,,,,82398,creadit card,19627,30,11,xyz@,12345,2043,164
1130,5144,Rohit ,Lakers,england,27,male,,Tennis,22-05-2020,,136,341205,54,1,1,0,,,,,win ,8.9,1,80350,,,,26,xyz@,,1702,111
1108,5036, ,,,26,male,,Football,23-04-2023,5596,939,,43,9,6,0,,11864,,rainy,Lose,,5,80648,,13959,,28,user@yahoo,9999999999,2929,75
1002,5076,Joe Root,,Sri Lanka,49,Other,,footbal,,,,,17,5,9,5,,,Bangalore,rainy,win ,2.9,,83870,creadit card,19289,4,16,,,4570,130
1026,5146,Dhoni,Barcelona,India,53,mal,None,Football,04-09-2022,,,292969,15,1,6,1,,18465,Kolkata,, lose,8.4,2,80227,upi,,92,17,abc@gmail.com,9999999999,1387,29
1113,5157, ,,australia,60,Mle,Rahul Dravid,Basketball,09-07-2023,4056,,1325685,11,0,2,5,,,, ,,,7,82063,upi,,102,7,user@yahoo,,4902,41
1106,5044,Ronaldo,,england,33,female,Rahul Dravid,basktball,25-04-2022,,,,147,6,0,5,33862,,,,DRAW,7.9,3,80424,upiid,14507,,17,abc@gmail.com,12345,1663,29
1039,5145,Ronaldo,RCB,INDIA,34,female,, ,26-03-2023,3884,,475046,44,2,7,3,,7488,Delhi,Cloudy,DRAW,,,82511,upi,15984,39,10,,9876543210,2080,100
1160,5061,Rohit ,,INDIA,59,Other, , ,25-06-2021,5661,,,191,3,9,2,,5621,Kolkata,Rainy,Draw,1.8,4,84819,,,93,12,,,1996,64
1128,5163,Joe Root,Lakers,england,67,male, ,footbal,20-12-2023,,776,72270,186,5,9,2,7318,2454, ,Cloudy,DRAW,,0,81821, ,,112,11,abc@gmail.com,,3692,58
1007,5099,Joe Root,,,23,male,John Smith,,15-10-2022,-1091,1881,357957,92,4,6,2,31572,,Bangalore,rainy,DRAW,,,84889,,,5,14,abc@gmail.com,9999999999,3230,138
1100,5051,Bumrah,Barcelona,sri lanka,58,Male,None, ,06-11-2020,4815,,,21,3,9,3,48594,1082,Kolkata,,Draw,,2,84272,upi,,,25,xyz@,,1250,11
1159,5018, Virat,RCB,india,62,femal,, ,03-07-2020,3124,897,,96,8,7,4,6860,,Mumbai,,Draw,5.5,,82590,upi,,,24,,,4462,135
1123,5108, ,RCB,Sri Lanka,27,Mle, ,Basketball,14-12-2020,,-146,,46,5,0,3,27695,4849,Delhi,Cloudy,,3.8,,82556,credit card,-726,,2,user@yahoo,,2036,77
1175,5043, Virat,Barcelona,india,50,male,,basktball,09-03-2022,3493,,,28,5,2,0,26014,, , ,win ,9.2,,81585,,10464,,2,abc@gmail.com,9999999999,537,108
1106,5006,Hardik,,England,28,male,John Smith,basktball,16-05-2021,,,1086604,44,1,1,5,,7297,Bangalore, ,DRAW,,4,81678,creadit card,1332,,5,xyz@,9876543210,1554,189
1100,5171,Smith,Lakers,,21,Female,,footbal,22-03-2021,3448,,,76,5,0,4,,19363,,Sunny,win ,2.7,,84659,cash,681,,2,abc@gmail.com,,2152,194
1003,5116,Messi,CSK,india,23,mal, ,basktball,03-03-2022,2661,,1388154,8,6,4,0,,3459,Chennai,,Win,9.9,7,82280,creadit card,,4,8,xyz@,,790,94
1197,5067,Messi,RCB,,37,male,Rahul Dravid,footbal,19-03-2023,5877,63,937088,23,7,2,5,,, ,Rainy,win ,7,0,83749,upiid,7079,,10,xyz@,,1948,86
1109,5033,Joe Root,Lakers,england,17,mal,None,Tennis,05-12-2023,,2625,33118,14,7,9,5,,5004,,,,,5,82538,creadit card,8778,14,7,abc@gmail.com,,4143,181
1018,5193,Dhoni,,India,53,femal,John Smith,basktball,01-07-2022,1779,,1061173,163,8,7,0,,,Chennai,Cloudy,Draw,9.1,4,81016,,7518,25,3,,,4755,65
1031,5068, Virat,Lakers,INDIA,17,Mle,, ,29-09-2022,3530,1078,1486443,12,9,5,3,17985,,Bangalore,rainy,Lose,4.5,4,80443,cash,285,111,21,abc@gmail.com,12345,1435,27
1136,5054,Bumrah,Lakers,England,10,mal,None, ,29-08-2022,3418,,586035,90,2,9,2,,15116,Kolkata,Cloudy,Win,5.3,,82067,upi,17525,,23,abc@gmail.com,,3249,135
1011,5009,,KKR,INDIA,13,female,,Basketball,23-04-2020,2456,215,567139,171,9,8,4,11628,5603,Bangalore,,Lose,4.4,3,83682,upi,15796,104,19,,,2848,65
1138,5041,Dhoni,RCB,,11,female,,,05-12-2023,-737,1585,,100,6,8,5,,1507,,Cloudy, lose,8.7,,83798,credit card,17856,65,14,,,113,58
1045,5040,Hardik,Barcelona,sri lanka,45,Male, ,Tennis,01-09-2021,5523,,,70,6,5,1,,,Mumbai,Rainy,Win,,,83627,,18872,34,28,,9876543210,2343,25
1118,5196,,Lakers,england,64,female,John Smith, ,02-07-2021,,,,199,0,1,5,20746,10052,Delhi,Cloudy,DRAW,,,80110,creadit card,13248,,4,,12345,4533,48
1015,5121,Messi,Barcelona,,15,female,,Football,21-10-2023,,243,756999,121,7,8,2,,1102,Bangalore,,,,,82534, ,,66,6,,12345,161,4
1128,5137, ,,Sri Lanka,17,Mle,,Tennis,12-05-2023,5453,2494,268075,75,3,1,5,8288,3404,Chennai,rainy,DRAW,,,80088,creadit card,,,7,abc@gmail.com,9999999999,3912,136
1062,5009,Ronaldo,MI,India,14,Mle, ,,,4310,,292378,163,4,2,1,41909,,,rainy, lose,,7,83390,creadit card,12271,85,6,xyz@,9999999999,503,115
1108,5101, ,KKR,Sri Lanka,36,Mle,,basktball,29-05-2023,,,1279367,115,5,5,3,,13231,Delhi,rainy,,,,81941,credit card,,54,7,,,2634,196
1118,5187,Ronaldo,RCB,,16,Other,,footbal,29-04-2021,,1340,,60,2,1,5,50703,,Mumbai,, lose,7,6,83310,,5040,,3,,9876543210,2505,188
1020,5127, ,Barcelona,,17,Male, ,Cricket,26-12-2020,,-8,528908,167,4,4,4,17615,14808,Chennai,,Win,9.2,,80071,upiid,6525,,0,user@yahoo,9876543210,1394,4
1157,5178, Virat,,england,54,Mle,Rahul Dravid,Basketball,14-11-2021,,538,35682,125,9,1,3,5654,, ,rainy,Win,,,80821,credit card,6035,64,21,xyz@,9876543210,1509,136
1012,5148,Messi,KKR,england,12,Other,John Smith,Cricket,01-04-2021,215,687,1261373,154,4,3,1,7248,,, ,,,3,83470,cash,,6,4,xyz@,12345,2319,90
1161,5135,Messi,KKR,India,26,femal,,footbal,09-04-2023,5401,,,0,0,2,0,37921,16822,Bangalore,Rainy,DRAW,6,,80815,credit card,,96,10,,9999999999,3250,16
1003,5192,Dhoni,CSK,australia,57,Male,John Smith,basktball,20-11-2021,2962,2413,,161,2,4,5,22664,,Chennai,rainy,Lose,,,80403, ,3290,,3,xyz@,,479,147
1155,5091, ,KKR,england,29,Mle,,Cricket,21-03-2021,,1036,,67,2,5,3,,,Mumbai,Sunny,,,,81698,,11373,74,1,,,4254,129
1101,5112,Smith,RCB,australia,52,Other, ,basktball,12-05-2023,,2590,,87,0,6,5,,8870, , ,Win,,,84346,upiid,7037,,16,,9876543210,754,101
1058,5077,,RCB,,28,Male,,Basketball,24-10-2020,3684,,,20,6,9,4,48152,, ,Cloudy,,,,82916,netbanking,2386,108,24,,9999999999,3999,162
1127,5084,Bumrah,Lakers,india,45,male,Rahul Dravid,basktball,,,,,160,0,7,5,43908,13810,Mumbai,Rainy,Draw,,,82042,upiid,,,11,,9876543210,1836,112
1026,5029, ,MI,,23,Male, , ,07-06-2020,,335,621551,134,6,8,3,,,Bangalore, ,win ,,0,81953,upiid,5991,,1,xyz@,9876543210,203,45
1068,5048, ,,Sri Lanka,53,femal,John Smith,,,,,,192,3,3,2,20891,, ,rainy,Draw,,,84963,upiid,,12,8,,9999999999,2842,63
1024,5008, Virat,KKR,sri lanka,38,mal,Rahul Dravid,Cricket,29-12-2023,4613,,,2,8,3,3,42619,16574,Kolkata,Rainy,win ,3.4,,83293,upiid,16814,,5,abc@gmail.com,12345,3349,94
1130,5144,,CSK,England,35,femal,None,Cricket,05-12-2023,3435,,,50,6,6,1,,5401, ,Rainy,Lose,6.2,,83702,cash,,,28,xyz@,9999999999,3214,134
1096,5068,Smith,Barcelona,Sri Lanka,34,Female,John Smith,Cricket,23-10-2022,,,1158922,78,4,9,3,45992,7671,Bangalore,Sunny,win ,1.1,,83253,creadit card,,13,5,,12345,3591,36
1195,5057,Messi,RCB,England,15,femal,None,basktball,01-09-2023,5928,391,323049,94,6,9,4,,,Kolkata, , lose,8,1,84991, ,,79,17,,9999999999,4607,121
1024,5184, Virat,RCB,sri lanka,67,female,,Cricket,04-02-2021,-1529,,,181,8,8,3,23465,,Mumbai, ,Win,,3,83801,netbanking,12091,108,21,abc@gmail.com,12345,4211,103
1147,5061,Joe Root,KKR,England,49,Other,,Football,02-09-2022,,,1097757,122,9,1,3,,,Bangalore,Sunny,Draw,9.5,3,80255,credit card,9361,52,2,abc@gmail.com,,391,66
1161,5051,Bumrah,Barcelona,india,50,Other,None,,16-07-2023,,1586,,186,5,5,4,51352,9667,Bangalore,,win ,1.3,,81931,cash,,107,14,,9999999999,3414,119
1153,5188, Virat,Barcelona,INDIA,68,Mle,,Tennis,23-11-2020,3103,,,5,0,9,3,26238,,,rainy, lose,,,81111,upiid,,,6,,9876543210,3444,8
1125,5039,Smith,CSK,england,50,male, , ,30-11-2020,,,,156,5,9,4,,, ,Rainy, lose,,6,80872,netbanking,1563,100,12,,9876543210,2773,195
1132,5165,Messi,KKR,sri lanka,43,mal, ,footbal,04-04-2023,-1918,,1317793,16,0,7,1,,18041,,,DRAW,,,84587, ,3747,,9,xyz@,,2416,27
1188,5170,Smith,MI,england,54,mal, , ,01-08-2022,2927,2047,,116,3,4,4,,,,,Lose,9.3,0,81561,creadit card,,39,3,,9876543210,1238,34
1008,5062,Hardik,Barcelona,,45,female, ,,05-12-2023,3364,,173716,59,7,4,1,55103,,Delhi,rainy,,,,84728,cash,,,15,,9876543210,2948,28
1115,5146,Ronaldo,,india,27,male,None,Basketball,28-04-2023,,397,1226205,149,4,7,1,,,,rainy,DRAW,,,84457,credit card,4367,11,8,abc@gmail.com,9876543210,740,159
1177,5049,Ronaldo,KKR,INDIA,67,femal,Rahul Dravid,basktball,29-08-2022,,2122,140106,151,4,0,4,27472,17929,,Rainy,,,,80893,creadit card,14679,,20,xyz@,,3883,145
1133,5160, ,Lakers,India,53,mal,,Basketball,,,,,124,9,5,3,,, , ,Lose,4.3,,82684, ,,32,27,xyz@,,4132,108
1059,5140,Smith,MI,England,21,female,,,25-02-2022,3043,,432111,80,7,9,5,,,Mumbai,rainy,,,3,81246,upiid,5976,,9,xyz@,9876543210,2843,123
1171,5077, ,RCB,,65,Mle,None,,15-07-2020,,1660,,84,7,8,2,,12388, ,Sunny,win ,8.7,,80746,creadit card,9415,,18,,,1535,183
1120,5096,Ronaldo,CSK,australia,38,male,Rahul Dravid,Basketball,09-01-2021,-71,,,50,0,5,5,8815,,,Sunny,Win,2.3,,84053,credit card,,44,16,,9876543210,368,9
1138,5189,Ronaldo,Barcelona,Australia,49,Other,John Smith,Basketball,20-01-2020,,2111,,177,4,6,4,,,Mumbai, ,Draw,6.3,6,84085, ,,40,0,user@yahoo,9876543210,2271,57
1193,5042,Smith,Lakers,sri lanka,10,Other,None,Tennis,05-12-2023,,1821,,138,4,3,3,2947,,Mumbai,Rainy,win ,1.1,4,81006,upiid,16471,,12,,,1957,45
1174,5176,Dhoni,Barcelona,,31,Other,,basktball,25-11-2023,-145,,909445,183,7,9,1,45128,,Delhi,Cloudy,win ,1.8,,82740,credit card,,47,3,xyz@,9876543210,4909,134
1107,5035,,,Sri Lanka,18,femal,,Basketball,20-09-2020,-255,1178,,70,0,0,0,25230,13736,Chennai, ,Draw,,4,84310,cash,-918,,14,abc@gmail.com,9999999999,1098,142
1107,5121,Hardik,Lakers,england,33,male,None,Cricket,22-08-2022,,2056,,169,6,8,2,1569,,Mumbai,rainy,Draw,,,84322,creadit card,,,25,,,2771,159
1130,5107,,Barcelona,India,20,male,John Smith,footbal,16-11-2020,,,,38,6,5,5,,5715,Mumbai,,,,2,80890,cash,,,9,xyz@,,1391,182
1075,5009,Smith,CSK,Sri Lanka,30,femal, ,,21-01-2023,4717,,1284593,68,8,2,3,,,Chennai,,Lose,9.4,1,82491,,,52,19,,,1647,11
1029,5094,Hardik,RCB,australia,12,male,John Smith,footbal,06-01-2022,,1121,1347816,47,1,3,2,,2493,Bangalore,Cloudy,Win,9.9,,82876,upi,2196,,8,abc@gmail.com,,2031,69
1020,5005,Smith,Lakers,India,11,Male,,Cricket,05-12-2023,2425,,462331,124,2,9,0,,,Kolkata,,Win,,,81631,upi,,,7,user@yahoo,9876543210,1678,95
1155,5056,Dhoni,Barcelona,india,10,mal,,Football,18-05-2020,5037,,,56,3,5,0,28476,,Delhi,rainy,Lose,,4,83703,cash,,100,19,abc@gmail.com,9999999999,2146,130
1189,5128,Bumrah,Lakers,Sri Lanka,61,Female,Rahul Dravid,basktball,05-12-2023,,990,809351,20,0,5,0,38379,17559,Delhi, , lose,,2,82026,cash,10701,,5,abc@gmail.com,,2824,103
1160,5070,Smith,MI,Sri Lanka,62,mal,,Cricket,,,,,81,6,8,5,3222,,Mumbai, ,DRAW,3.4,4,84107,credit card,,23,22,,9999999999,3296,17
1162,5185,Smith,RCB,England,59,femal, ,Football,27-04-2022,1204,724,686249,98,9,3,4,,,Mumbai,Sunny,DRAW,,5,83322,creadit card,,,9,,12345,4170,110
1179,5020,Messi,Barcelona,India,24,Female,None,Tennis,26-09-2023,,,236678,147,2,4,2,26430,1736,Chennai,Rainy,,2,1,80741,,,101,23,abc@gmail.com,12345,3781,36
1033,5091,Dhoni,MI,,32,male,None,Basketball,16-02-2023,,,,14,2,4,4,,,,rainy,Draw,2.6,,83008, ,,,19,abc@gmail.com,9876543210,2231,131
1040,5126, ,KKR,,19,male,, ,05-12-2023,,-73,217488,68,2,2,0,,5922,Kolkata,rainy,win ,,6,81976,cash,19723,51,16,xyz@,12345,3364,191
1050,5079,Rohit ,CSK,England,60,Male,,footbal,22-09-2020,4054,1024,1462680,178,7,1,3,,18043,Kolkata,Rainy,Lose,,2,83662,creadit card,6655,,4,,12345,3128,43
1174,5055,Messi,Barcelona,australia,39,femal,,Football,01-10-2022,-1778,,526053,75,8,7,0,,,Bangalore,rainy,DRAW,5.3,,83800,upi,15838,79,13,abc@gmail.com,12345,1272,93
1081,5115,Rohit ,KKR,england,37,male,None,Football,14-06-2022,-1987,,143663,61,9,9,4,,,Kolkata,Cloudy,Lose,,2,83571,upi,,,16,,9876543210,1979,33
1057,5147,Dhoni,CSK,England,50,male,, ,05-11-2020,,2915,905082,118,1,8,0,47521,15754, ,Sunny,Win,1.8,4,82911,cash,5111,,10,,12345,3697,102
1074,5181,Smith,RCB,,69,Mle, ,Basketball,01-01-2024,,,1368060,36,9,9,0,6895,,,rainy,,,,83084,,,35,26,,,2187,29
1184,5024,Joe Root,RCB,australia,33,Female,,Basketball,27-04-2021,,-468,29550,133,9,8,4,,13235,Bangalore, ,,5.9,,80773,cash,,,3,abc@gmail.com,9876543210,2406,151
1022,5155,Ronaldo,MI,India,58,Female,Rahul Dravid,,12-05-2023,,2486,257448,198,0,4,4,,,,Rainy,,,0,82144,credit card,,,22,abc@gmail.com,9876543210,1576,187
1175,5004,Hardik,RCB,sri lanka,53,femal,None,basktball,16-10-2022,2024,1198,,25,8,8,3,57757,,Mumbai,Rainy,win ,2.3,,80992,upiid,,0,22,,,3479,81
1127,5119,Hardik,MI,australia,63,mal,,Football,01-02-2021,,2128,459226,7,5,3,4,,,Chennai,Sunny,win ,,1,81838,cash,,,16,,12345,3545,177
1149,5020,,CSK,INDIA,28,female,,basktball,21-08-2023,220,,,3,8,1,3,,,Delhi, ,DRAW,,5,83813,upi,,,24,abc@gmail.com,12345,1469,183
1016,5017,Dhoni,MI,australia,36,Male,John Smith, ,16-11-2020,1001,,,20,5,2,1,,1792, ,Cloudy, lose,,,84907,netbanking,,,1,abc@gmail.com,9999999999,979,75
1068,5174,Ronaldo,Lakers,England,16,male,None,Tennis,18-10-2022,,262,,158,1,0,1,11827,,Chennai,Sunny,win ,,7,83321,creadit card,,,20,abc@gmail.com,9999999999,1255,156
1107,5197,,RCB,england,60,femal,John Smith,,07-01-2022,-1886,1098,,148,0,4,4,39861,,Kolkata,rainy,Draw,7.2,,83842, ,,99,21,,9999999999,3688,199
1138,5056,Dhoni,KKR,India,28,femal,None,Cricket,05-11-2020,3558,1033,863321,24,7,0,0,,3525, ,Cloudy,win ,5.9,0,83253,cash,,35,0,abc@gmail.com,,1641,109
1093,5092,Ronaldo,Barcelona,Sri Lanka,55,mal,,Cricket,21-01-2020,-607,2686,,142,2,0,2,11037,8202,,,win ,7.1,2,81875,upiid,10149,71,29,,,299,104
1014,5018,Dhoni,,England,69,female,Rahul Dravid,Football,,,,,162,0,6,0,,,,,win ,4.9,2,83237,upi,,,27,user@yahoo,12345,4521,72
1090,5127,Dhoni,Lakers,australia,53,mal,,basktball,26-01-2024,,1209,,176,7,1,4,41884,13272, ,Sunny, lose,7.7,2,80003,credit card,9276,47,17,user@yahoo,9999999999,3042,25
1162,5096,Smith,Lakers,,35,female,,Basketball,10-04-2020,3040,,,42,0,7,3,,9961,,Sunny,,,4,80164,cash,,114,6,xyz@,,400,135
1032,5192, Virat,,India,50,Other,None,footbal,05-04-2022,,,,168,7,5,0,22380,,,rainy,Lose,1.5,,84439, ,9773,,21,,,1280,121
1124,5130, ,Lakers,,28,male,,footbal,19-12-2021,,2628,1155893,36,0,3,1,,,Delhi,,win ,,1,81897,,19095,,5,xyz@,,4836,75
1015,5169,Rohit ,,india,69,mal,John Smith,Tennis,24-11-2021,4129,,1188309,184,8,8,5,41698,,Bangalore,Rainy,DRAW,,,83240,upiid,16259,118,5,,12345,861,162
1161,5020,Joe Root,Barcelona,England,66,male,Rahul Dravid,basktball,17-10-2021,2703,1759,,41,8,9,4,,18000, , ,DRAW,6.9,,82567,cash,17700,17,13,user@yahoo,9876543210,4589,150
1065,5039,Bumrah,RCB,India,56,Mle,, ,,-1787,2508,1184087,174,8,7,0,6573,,,Rainy,Draw,2.2,5,83507,netbanking,11201,,29,,12345,2573,67
1167,5066,Rohit ,CSK,sri lanka,44,male,Rahul Dravid,basktball,12-02-2023,-559,,161218,91,2,9,5,,,,rainy,DRAW,,4,82559,netbanking,19574,91,22,user@yahoo,9999999999,2784,178
1155,5152,Bumrah,KKR,england,63,Male,,Basketball,23-09-2022,,,,60,3,2,0,,16610,Bangalore,Rainy,Win,2.6,6,81338, ,,,25,abc@gmail.com,9999999999,4185,176
1046,5126,Joe Root,KKR,Australia,52,mal,Rahul Dravid,Basketball,16-06-2021,-1134,-158,1200234,141,4,2,3,9450,3675,Bangalore,Sunny,DRAW,,,84637,upiid,11145,86,11,xyz@,9876543210,4159,104
1166,5054,Hardik,KKR,INDIA,19,mal,None,footbal,19-04-2023,,2336,1083146,67,5,3,3,31019,2167,,Rainy,Draw,1.5,6,80612, ,,111,13,xyz@,,1111,119
1197,5179,Bumrah,,india,8,Female,Rahul Dravid,Tennis,03-02-2024,-925,2228,650735,52,8,8,3,,17892,Chennai, ,,3.4,,84995,cash,,29,13,,,1056,70
1147,5171,Smith,KKR,sri lanka,63,femal, ,,01-02-2021,-1552,,1172408,83,3,8,5,,,Chennai,Sunny,Draw,,6,81884,upi,15921,57,11,abc@gmail.com,,1095,57
1123,5108,Dhoni,KKR,india,58,Mle, ,,28-08-2021,,2392,,33,5,4,2,,,, ,Draw,,1,84024,creadit card,,103,8,,,2300,153
1000,5097, ,Lakers,INDIA,18,Male,Rahul Dravid, ,25-03-2021,,,754062,75,0,8,5,19724,,Mumbai,Rainy,DRAW,2.5,,83134, ,6400,94,8,user@yahoo,9876543210,3991,66
1199,5183,Dhoni,KKR,INDIA,69,femal,John Smith, ,25-06-2022,,2701,,96,1,5,4,,,Kolkata,Rainy,Draw,1.3,6,81055,netbanking,,75,1,,9876543210,513,144
1086,5182,Hardik,MI,,24,Female,,Football,13-04-2021,,,,151,7,7,4,,,Kolkata,Sunny, lose,8,7,81622,credit card,13587,,17,,12345,4231,58
1127,5111,Hardik,CSK,Sri Lanka,34,female,Rahul Dravid,Tennis,29-10-2020,5246,,,147,3,7,1,16229,9200, ,,Lose,1,2,83282,credit card,11712,,4,,9999999999,2676,117
1190,5197, Virat,KKR,england,13,female,,footbal,19-11-2023,,2053,380802,196,9,9,1,18029,13360,,Sunny, lose,5.3,3,82610,netbanking,,,25,xyz@,9876543210,120,169
1066,5114, ,,australia,39,Female,John Smith,Cricket,25-10-2022,,-7,95724,29,6,6,4,6865,17204,Mumbai,,,9.8,,83069,,11776,21,22,user@yahoo,9876543210,1501,51
1003,5116, Virat,MI,England,64,female,John Smith,Basketball,07-12-2021,-1543,483,488576,87,3,3,0,,,Chennai,rainy,,,2,81255,,,32,11,,,2847,21
1185,5086,Bumrah,Barcelona,Sri Lanka,29,Male,Rahul Dravid,Basketball,17-08-2021,,2805,,6,8,3,4,,19352,Chennai,Sunny,DRAW,3.2,7,82660,,11216,96,13,user@yahoo,12345,4919,79
1152,5080,Hardik,MI,,17,Male,,,18-10-2022,4308,725,393524,35,8,5,2,45523,4625,,Rainy,,6.1,4,84224, ,5061,,27,user@yahoo,,1117,56
1046,5065,Messi,RCB,Australia,10,Mle,None,Basketball,12-04-2020,-298,,340009,37,3,8,1,,16254,Kolkata,Sunny,Lose,,4,81042,upi,10997,88,12,user@yahoo,,504,98
1037,5018,Hardik,RCB,sri lanka,64,female,Rahul Dravid,basktball,,4527,,,51,7,6,1,,677,,,DRAW,5.9,1,84452,cash,,,2,user@yahoo,9999999999,2991,47
1142,5134,Rohit ,KKR,,16,male, , ,16-10-2021,,2775,1257430,142,5,4,5,,14623,,,win ,6.9,,81442,credit card,10971,4,14,xyz@,,1623,118
1190,5117,Dhoni,MI,Sri Lanka,23,Female,None,footbal,12-05-2023,,,,173,0,4,1,30001,5945,,Cloudy,win ,,,83677,,,51,14,user@yahoo,9999999999,2238,171
1020,5190,Hardik,RCB,India,40,Female,None,,12-05-2023,,63,,150,6,7,4,47286,19171,,,Draw,,5,84176,upiid,14156,110,2,abc@gmail.com,,2433,84
1056,5041,Joe Root,RCB,india,46,male,,Tennis,12-05-2023,1579,2519,1411503,139,0,5,1,,,,Rainy,,,0,83686,upiid,,,19,user@yahoo,,802,108
1116,5041,Ronaldo,RCB,England,39,male,,Cricket,06-08-2023,-1033,,,171,2,0,1,,11365,Chennai,Sunny,Draw,2.2,2,81904, ,12259,101,18,abc@gmail.com,,4373,31
1180,5058, Virat,MI,England,69,Female,,Cricket,,,,,142,7,0,5,,,,rainy,Win,6.9,7,82713,,18078,53,14,user@yahoo,9876543210,1471,15
1045,5019,,CSK,India,25,male,,footbal,18-04-2023,1423,358,,92,8,8,4,24384,,Chennai,,Win,,0,81877,cash,9946,82,18,,,826,176
1141,5072,Joe Root,Barcelona,INDIA,66,Female,Rahul Dravid,Basketball,19-04-2022,-1192,2737,,106,2,7,0,,15523,,,Lose,3.1,,80790,netbanking,,,7,,,1428,62
1144,5016,Bumrah,RCB,,20,femal,,Cricket,11-10-2021,,,1248910,125,0,5,1,20784,, ,Cloudy,Win,,,80224,,18752,25,22,user@yahoo,,2443,70
1038,5026,Rohit ,,,54,Mle,John Smith,Cricket,09-07-2020,,,,48,0,0,1,,1647,Kolkata,rainy,win ,3.6,,83034,cash,,4,12,xyz@,9876543210,4874,131
1136,5174,Dhoni,RCB,india,19,Female,None,Cricket,15-01-2024,2601,-434,,20,6,1,1,,15236,, ,Draw,,1,84875,creadit card,,119,22,,,4306,166
1098,5001,Bumrah,CSK,england,34,femal,John Smith,,23-02-2021,,,1157455,14,4,9,2,,17542,Bangalore,,Lose,4.7,7,84232,upi,,2,29,,12345,4985,87
1076,5062,Messi,CSK,sri lanka,10,male, ,basktball,15-12-2022,,1689,887080,13,0,2,4,49002,, ,Rainy,Lose,2.8,,80225,creadit card,,4,9,xyz@,12345,3781,58
1114,5061, Virat,Barcelona,india,57,mal,, ,05-09-2021,,932,88593,41,5,9,1,,, ,Rainy,Draw,1.9,,83405,upi,,,1,,,2025,195
1133,5099,Dhoni,MI,England,8,mal,,,24-10-2023,1258,,,14,5,2,2,,,Kolkata, ,Draw,8.4,,83179,upiid,,,10,,9876543210,2317,45
1150,5018, Virat,KKR,,48,Other,,Football,11-01-2022,-1477,,934882,62,3,1,0,43885,,Bangalore,,Draw,,3,80811, ,7579,,24,user@yahoo,12345,1006,172
1186,5016,Joe Root,MI,australia,31,mal,None,basktball,17-07-2023,,981,397562,195,6,1,0,59168,19328,Mumbai,Cloudy, lose,5.9,5,82492,credit card,19338,87,28,,,1637,8
1090,5068,Joe Root,MI,england,53,Mle,Rahul Dravid,basktball,21-06-2021,4922,-53,,26,6,5,5,,11090,,Rainy,win ,,0,84102, ,4978,,21,user@yahoo,,844,127
1097,5166, ,KKR,england,29,Male,,Basketball,15-05-2023,,410,64026,92,8,6,5,47924,,,rainy,win ,,,84223,credit card,1128,,29,xyz@,,4493,66
1119,5116,Messi,RCB,India,59,Female, , ,12-05-2023,,,,104,0,3,5,,,Kolkata,,,1.3,,84066,upiid,4743,,18,user@yahoo,12345,3287,71
1045,5198, ,KKR,INDIA,47,Female,John Smith, ,02-03-2023,,,1364325,52,4,0,2,46473,,,,,,,84362,cash,,,8,,12345,3503,189
1037,5080,,RCB,australia,31,femal,,footbal,28-05-2021,,,1161127,51,9,5,0,,10724,Chennai,Cloudy,Win,8,,84309,cash,,,8,,12345,2861,17
1141,5038,Ronaldo,RCB,,29,Mle, ,Tennis,30-04-2021,5524,,,62,2,6,5,,1799,, ,Draw,4.9,6,80246,upiid,,,5,abc@gmail.com,9876543210,638,71
1099,5035,Smith,Barcelona,india,8,Male,John Smith,Tennis,05-12-2023,,2871,,180,6,3,3,,,Kolkata,Rainy,Draw,,,81618, ,,6,28,xyz@,,492,97
1071,5167, ,Barcelona,england,14,mal,,basktball,15-07-2021,1502,,494159,56,3,5,5,,,Kolkata,Sunny,,,6,81827,creadit card,,,9,,12345,2998,36
1189,5172,Smith,MI,india,38,Mle,None,Cricket,24-02-2022,,2167,,119,3,8,0,22876,,Delhi, ,DRAW,,0,83445,creadit card,17969,101,21,user@yahoo,9876543210,3657,68
1034,5131,Joe Root,MI,Australia,57,Mle,,basktball,,4232,,425994,51,0,3,3,49729,,Kolkata,Rainy,Draw,2.4,,80420,,11607,,23,user@yahoo,,2175,108
1146,5152,Joe Root,Lakers,,60,male,,Basketball,,,2336,191481,106,0,9,2,,4457,Bangalore, ,win ,,3,82764,netbanking,7848,,7,xyz@,9876543210,1485,21
1029,5196,Rohit ,Barcelona,australia,,Male, ,footbal,29-11-2022,,,1286855,42,9,3,3,,5737,Mumbai,Cloudy,DRAW,3.4,,81371,cash,10603,37,14,xyz@,,4543,46
1077,5157, ,Lakers,australia,40,Male, ,Football,28-04-2023,,,,134,1,9,0,,14923,Kolkata,Sunny,Draw,6.7,,84238,creadit card,,,5,,,558,174
1083,5195,Messi,CSK,,20,mal,Rahul Dravid,,28-03-2021,,,318257,116,1,4,1,,9008, , ,win ,2.2,3,82188,upiid,12853,26,6,xyz@,9999999999,3748,92
1112,5028,Hardik,Barcelona,sri lanka,21,male, , ,,,2333,,169,0,2,3,,,Mumbai, ,Lose,,,82612,upi,7015,,19,xyz@,,969,107
1024,5195,Bumrah,MI,sri lanka,17,Other,,Basketball,,,,,3,7,9,0,57705,8431,,,Win,9.8,0,82080, ,17611,88,16,abc@gmail.com,9876543210,4009,124
1167,5050, ,Lakers,Australia,29,Other,,Cricket,24-10-2021,,,49744,196,5,1,5,,,Kolkata,rainy,win ,,,84324,upiid,1427,12,3,,9876543210,85,16
1087,5151,Hardik,Lakers,India,51,Other,None,,19-12-2021,,1745,,132,5,8,1,,,,,DRAW,,,82735,credit card,5144,119,7,xyz@,9876543210,4972,150
1013,5013,Smith,RCB,England,50,female,, ,16-02-2022,,276,290967,79,9,0,2,,,,Cloudy,,5.1,1,80829,upiid,16878,26,27,abc@gmail.com,,3128,134
1153,5068,Messi,,,62,femal,Rahul Dravid,Tennis,07-03-2020,1982,,1474049,40,9,4,2,,486,Delhi,rainy, lose,7.7,,83058,upiid,16655,,12,,9876543210,4301,184
1101,5145,Bumrah,RCB,Sri Lanka,55,femal,John Smith,basktball,16-03-2023,634,,123805,131,8,4,4,,,,Rainy, lose,5.2,,80849,,9706,81,23,xyz@,12345,2195,45
1149,5169,Bumrah,MI,Australia,55,mal,,footbal,13-01-2021,,1764,1322262,1,4,7,2,55562,,Mumbai,Rainy,,,5,82780,creadit card,,5,13,,9999999999,4886,186
1175,5056, ,Lakers,england,40,mal,,footbal,12-05-2023,,,62240,194,3,5,4,,4570, ,rainy,,,4,81153,creadit card,16511,1,17,,,4053,156
1082,5011,Bumrah,KKR,australia,25,Mle,John Smith,basktball,05-12-2023,5709,2902,738944,148,5,5,2,1030,,Delhi,Cloudy,DRAW,,,84940,cash,6800,67,22,abc@gmail.com,12345,946,145
1109,5016,Hardik,CSK,INDIA,41,mal,,footbal,05-12-2023,,2699,,197,7,5,2,36573,,Kolkata,,Lose,4.3,,83829, ,11191,82,28,,9876543210,3208,164
1178,5029,,MI,australia,33,Mle,,,23-04-2020,,,,42,0,3,2,,,Mumbai,Sunny,DRAW,,,82682,cash,16003,,16,,9876543210,1993,12
1130,5087, Virat,CSK,sri lanka,64,Female, ,Cricket,19-11-2021,,,,81,6,0,4,,, ,Rainy,DRAW,4.9,,83079,netbanking,12645,80,17,,9999999999,3440,50
1169,5098,Smith,MI,,41,mal,Rahul Dravid,basktball,02-02-2021,,,,107,7,2,5,48361,,Bangalore,Sunny,,3.8,4,80402,netbanking,,9,13,,,1545,59
1018,5022,Ronaldo,Lakers,India,45,male,John Smith,Tennis,25-08-2022,-1455,,1398299,196,8,9,4,,,Mumbai, ,Lose,,1,82975,netbanking,,107,23,xyz@,12345,4652,104
1027,5128,Rohit ,Barcelona,,47,female, ,footbal,13-04-2023,1064,,570364,136,7,5,3,47296,,Mumbai,rainy,Draw,,4,81602,cash,,,10,,9876543210,3507,12
1172,5078,Bumrah,RCB,england,67,Mle,,Basketball,12-05-2023,564,-279,1447249,155,6,4,0,223,10104,Chennai,rainy,win ,,7,84722,credit card,14168,,9,,,29,190
1070,5031,,Lakers,INDIA,47,male,,Tennis,16-11-2020,,41,,25,2,9,0,,8365,Mumbai,Cloudy,Draw,1.9,2,80980,cash,9196,66,12,xyz@,9876543210,1471,40
1062,5008,Smith,Lakers,,20,Female,,Basketball,02-09-2020,,,,81,1,0,5,,,,Sunny,Draw,,2,82294,creadit card,,,28,xyz@,,1409,93
1072,5014,Smith,MI,australia,35,male,, ,11-12-2022,,1051,,82,2,4,0,,16212,Kolkata,, lose,5.3,6,82384,creadit card,,,19,user@yahoo,,3760,130
1123,5155,Joe Root,,australia,57,mal,Rahul Dravid,footbal,12-07-2023,5148,30,874918,130,3,1,2,1704,7076,Kolkata, ,Win,,1,83352,credit card,,75,15,,9876543210,3679,93
1118,5151,Smith,KKR,India,68,male,John Smith,Tennis,27-08-2023,,1769,195079,72,3,0,5,,,Kolkata,,Lose,,,84128, ,5453,16,13,user@yahoo,12345,528,108
1120,5187,Messi,Barcelona,england,54,male,, ,12-05-2023,,,,99,5,3,0,,2193,Mumbai, ,DRAW,8.2,,80798,credit card,,,2,abc@gmail.com,9999999999,125,153
1018,5162,Joe Root,,Australia,59,Female,,footbal,10-08-2022,,1486,680604,48,6,5,4,14655,,Bangalore,Sunny,win ,3.8,0,82595,credit card,,68,29,abc@gmail.com,,4908,85
1174,5026,,KKR,India,10,female,,footbal,07-04-2020,-1621,875,,144,3,6,3,,,Mumbai,,Draw,5.7,,81366,creadit card,,103,17,abc@gmail.com,,3856,74
1141,5108,Ronaldo,Barcelona,england,37,male,,Football,25-03-2021,,1337,272783,62,9,8,1,41824,,Bangalore, ,win ,,,82938,upiid,,,26,user@yahoo,,3258,127
1119,5075,Dhoni,KKR,,69,Male,,footbal,24-01-2024,,,,54,5,4,3,18501,,,rainy, lose,,3,81262,creadit card,7405,108,5,,12345,653,31
1165,5147,Smith,MI,INDIA,54,Mle,Rahul Dravid,footbal,27-02-2022,1336,,665833,150,8,7,0,23669,,Bangalore,Cloudy,,,4,82776,upi,,100,19,xyz@,12345,4233,175
1180,5064, ,Lakers,australia,45,Female,Rahul Dravid,Cricket,08-09-2023,,937,,33,5,7,5,,4398,Delhi,,Lose,4.3,5,83248,,13943,82,2,user@yahoo,9999999999,740,188
1060,5176,,KKR,australia,43,Male, , ,29-10-2021,-195,2417,,104,2,8,0,49706,9312, ,Cloudy,Draw,,,80303,credit card,,114,18,abc@gmail.com,9999999999,2261,105
1163,5108,Bumrah,,Sri Lanka,26,Mle,None,footbal,23-04-2020,,,989978,104,0,2,4,48623,7624,Delhi,Cloudy,Draw,2.2,6,81693, ,10848,,25,user@yahoo,9876543210,290,98
1167,5128,,CSK,,42,male,,basktball,15-01-2022,,,,68,9,2,3,9369,6627,Chennai, ,Draw,,,82316,upiid,,24,2,user@yahoo,9999999999,2991,103
1029,5009,Ronaldo,CSK,,56,Mle,,Tennis,14-10-2020,,2124,,14,9,8,4,16205,,Kolkata,Cloudy,DRAW,2.4,,84495,cash,,46,11,,,3641,41
1008,5046,Ronaldo,Barcelona,England,37,female, ,footbal,,,-233,772764,174,4,6,4,,, , ,DRAW,2.6,,80921,cash,16184,2,7,xyz@,12345,2577,178
1063,5122,Dhoni,Barcelona,india,10,Female,None,footbal,02-02-2024,705,2984,391143,2,9,3,1,15895,,, , lose,3.1,,80420,upiid,3827,,24,,9876543210,2739,151
1160,5058, Virat,Lakers,Australia,26,Mle, ,Cricket,25-02-2020,5036,,,155,9,0,4,7948,,Chennai,,Lose,,,82178,creadit card,,,24,user@yahoo,12345,1693,12
1119,5095,,MI,Australia,29,Other,Rahul Dravid,Basketball,12-05-2023,-1774,,761056,2,2,6,4,,13340,Kolkata,,,6.5,,83809,upi,,,4,user@yahoo,12345,4644,71
1051,5189, Virat,KKR,India,9,Female, ,footbal,26-12-2023,,709,,101,7,9,1,,,Kolkata,,win ,5.3,,81166,creadit card,101,17,16,,12345,1319,96
1088,5102,Ronaldo,RCB,England,34,Female, ,,08-04-2022,-569,,,3,9,5,2,50607,8960,Kolkata,,Draw,3.1,3,84673,creadit card,14006,,9,abc@gmail.com,,2821,22
1141,5123,Hardik,Lakers,Australia,45,Other, ,basktball,20-11-2020,-490,-79,1059176,87,0,2,2,,,,Sunny,Lose,6.6,,80539,netbanking,,,20,xyz@,12345,3662,56
1052,5085,Bumrah,KKR,india,48,Other,,Football,02-02-2020,2596,,,158,1,4,5,7100,,,Cloudy,Draw,3.4,3,83499,,,,16,,9999999999,3229,16
1186,5145,Messi,,,69,male,,Basketball,09-06-2020,,,,44,2,2,1,,,,rainy,Win,8,,81460,,11052,,8,abc@gmail.com,9999999999,1395,186
1077,5111,Dhoni,RCB,australia,58,mal, ,Basketball,04-09-2020,,,1198650,186,2,7,5,1267,18616,,rainy,Win,2.3,,84687,upiid,3881,22,12,abc@gmail.com,12345,2967,179
1040,5173,Dhoni,CSK,,12,Mle,None,basktball,20-02-2021,5199,604,850709,44,7,4,5,,17435,Bangalore,,Lose,,,84739,netbanking,5988,,9,,,3961,134
1195,5159,Messi,MI,Sri Lanka,38,Female,John Smith, ,24-01-2024,,2822,,74,4,9,4,,11462,Bangalore, , lose,,,80327,credit card,18056,,28,user@yahoo,,2614,2
1067,5026, ,KKR,,61,male,John Smith,basktball,23-07-2021,1096,1384,,164,7,9,5,,,,rainy,DRAW,,,82859,creadit card,,,7,,9876543210,1544,62
1007,5017,Rohit ,RCB,england,64,female,John Smith,Cricket,04-07-2020,655,882,,192,5,5,0,,,Chennai,Rainy,DRAW,2.3,7,82093,netbanking,,,6,xyz@,,3901,123
1001,5166, Virat,MI,,34,Female,Rahul Dravid,Tennis,06-02-2023,,,,8,1,1,3,,,,,Lose,4.5,,82131,creadit card,615,,1,abc@gmail.com,,4497,42
1104,5176,Dhoni,,,67,Male,Rahul Dravid,footbal,,,,448699,144,3,7,0,8666,12557,,Sunny,DRAW,,2,82841,,,51,1,xyz@,9999999999,1780,117
1124,5081,,KKR,England,37,Male, , ,14-09-2021,,,996918,117,8,8,0,25203,15837,Bangalore,Cloudy, lose,,,80351,credit card,,,29,abc@gmail.com,,2150,117
1109,5171,,CSK,sri lanka,66,female,,Basketball,07-10-2021,3161,,955486,64,3,2,4,,,Chennai, ,Draw,5.4,,84732,,,,3,,12345,4882,43
1085,5071,Messi,CSK,england,64,mal,,Cricket,05-01-2020,581,1630,,130,4,5,3,,,Kolkata,rainy,Lose,,,83908,upiid,,104,8,xyz@,12345,4468,52
1168,5053, Virat,Barcelona,Sri Lanka,46,mal,,footbal,24-11-2021,,179,,25,4,5,5,33003,,,Cloudy,win ,,0,80233,,,50,29,abc@gmail.com,,4433,123
1119,5161,Hardik,CSK,sri lanka,44,mal,John Smith,footbal,14-06-2022,,861,,180,9,1,3,58262,,,Rainy,,,,83122,credit card,,,24,abc@gmail.com,9876543210,1056,186
1126,5070,Ronaldo,,India,22,Male, ,Tennis,29-01-2022,4175,878,1092832,158,7,9,5,55106,19299,Chennai,,win ,,,84876, ,3294,90,13,xyz@,9999999999,1445,148
1182,5163,Joe Root,Lakers,England,67,male,,Cricket,30-11-2023,,254,824845,25,5,7,2,49283,5947,Mumbai,Cloudy,Draw,,7,82728, ,,31,23,user@yahoo,9876543210,1968,56
1015,5145,Ronaldo,MI,England,28,Male,,Tennis,23-01-2021,-169,,1237701,22,9,4,1,22952,13387,Bangalore,Rainy, lose,4.9,,80932, ,13763,,10,,9876543210,1096,67
1061,5037,Joe Root,,England,61,Male,None,Football,30-04-2022,,,910963,29,6,7,4,,,Kolkata,rainy,DRAW,,4,81823,upiid,4714,55,20,xyz@,,1881,59
1112,5186,Dhoni,CSK,England,45,Male,John Smith,,05-12-2023,2673,2120,194441,9,5,7,5,,11776,Kolkata,Rainy, lose,,6,83500,cash,10712,,29,xyz@,,1204,48
1175,5136,Bumrah,Lakers,Sri Lanka,22,femal,,Cricket,12-10-2021,,288,1056546,71,4,2,5,9884,13310,Bangalore,Cloudy,,5.5,4,84073,upi,,,6,,9999999999,1920,35
1157,5199,Messi,RCB,INDIA,36,female,Rahul Dravid,Basketball,10-07-2022,,,-7622,63,4,4,3,,8728,,,DRAW,5.9,,83345,upi,,73,27,abc@gmail.com,12345,3583,136
1011,5178,Bumrah,MI,Sri Lanka,24,male,Rahul Dravid,footbal,10-01-2021,,1515,,149,2,6,4,,,Kolkata,Sunny,,,0,80860,creadit card,430,,24,xyz@,,3139,76
1034,5034,Messi,MI,Sri Lanka,27,femal,,Basketball,14-11-2021,-828,,906213,142,6,4,5,55552,,Mumbai,Cloudy, lose,5.8,7,81230,cash,14940,,18,user@yahoo,,3974,32
1010,5081,Hardik,,Australia,65,female,,Tennis,14-02-2023,,,343447,122,9,5,2,15411,,Kolkata,Rainy, lose,3.5,,82195,,13230,57,3,,9999999999,3419,45
1063,5132, ,CSK,sri lanka,49,mal,John Smith,Football,,,,,104,4,1,0,,13832,,Cloudy,DRAW,,,84395, ,,,1,xyz@,9999999999,2038,85
1049,5141,Smith,,INDIA,62,female,Rahul Dravid,Cricket,,-1352,,,183,6,7,5,,9536,Delhi,Rainy,Lose,9.1,2,81476,credit card,7311,,24,,,1732,123
1148,5157, ,,,10,Female,None, ,30-07-2020,-1943,,265801,73,1,4,3,30643,,Bangalore,Sunny,Win,,6,82023,cash,,,22,,9999999999,31,195
1068,5003,Dhoni,MI,england,60,Male, ,Football,12-05-2023,-1462,75,553711,147,8,5,2,25759,3830, ,rainy,,5.5,,82596,netbanking,5148,106,21,,12345,1968,102
1047,5166,Messi,CSK,australia,22,femal,,Tennis,05-03-2023,,247,1356930,104,7,0,4,,,,Cloudy,,,3,82430,cash,9148,7,20,abc@gmail.com,12345,2974,27
1019,5191,,Lakers,england,50,Male,None,Tennis,31-01-2022,,2978,,46,4,9,5,,,,rainy,win ,3,4,83689,cash,14964,76,27,user@yahoo,,3330,119
1100,5152,Rohit ,CSK,India,65,femal,None,Tennis,,43,2463,254993,86,1,1,2,,672,Delhi,rainy,Lose,,,80533,cash,7943,,22,,,3568,3
1194,5155,Rohit ,KKR,,45,male,, ,24-10-2022,-997,,,52,5,3,2,10021,8415,Kolkata,rainy,,6.8,,81256,credit card,11431,,18,,9876543210,2925,57
1171,5193, Virat,KKR,,24,Mle,Rahul Dravid,Cricket,22-11-2022,,-450,139672,180,7,8,2,39257,2865,,rainy,Draw,7,,81657,cash,,,20,abc@gmail.com,,2222,193
1160,5149,,,india,33,female,None,basktball,27-11-2020,-44,,,128,6,5,2,,,Mumbai,Sunny,Win,8,,81152,netbanking,16414,,17,xyz@,9876543210,3438,148
1188,5158,Dhoni,CSK,,24,female,None,Cricket,19-11-2021,1470,44,,1,7,7,2,20018,19725,Kolkata,Rainy,,,,83893, ,,44,20,xyz@,12345,14,199
1136,5022,Rohit ,RCB,Sri Lanka,8,Male,Rahul Dravid,basktball,12-05-2023,2624,268,275949,57,3,1,2,,18126,,Sunny,DRAW,,6,81752, ,10094,60,6,,9876543210,3122,121
1067,5047, Virat,KKR,sri lanka,41,femal,John Smith,Basketball,30-01-2022,5612,,,146,2,9,1,45141,,Bangalore,Rainy,Lose,5.9,7,81683,upi,2635,,10,abc@gmail.com,9876543210,106,169
1034,5147,Smith,MI,England,22,male, ,Basketball,29-12-2021,576,2123,,189,6,4,4,29212,,Kolkata,Sunny,Draw,6.1,7,82978,,15309,84,9,,9876543210,3793,1
1064,5124,Dhoni,MI,india,10,mal, ,basktball,31-10-2021,,,,71,1,0,0,54418,,Kolkata,,Win,,,84332,upiid,-897,71,10,abc@gmail.com,,4564,74
1007,5165,Dhoni,Lakers,Australia,22,male, ,Tennis,14-10-2021,,1027,,139,4,3,4,13693,, ,rainy,Lose,,7,83653,netbanking,14807,109,22,,,201,109
1044,5054,Rohit ,,sri lanka,68,Male,None,,02-10-2023,3202,970,,153,6,9,3,,15821, , ,Draw,,,83013,upiid,,,8,user@yahoo,9999999999,1794,132
1086,5067,Ronaldo,MI,England,60,Male,Rahul Dravid,basktball,11-09-2023,,2751,206556,26,0,0,3,,18768,,Sunny,DRAW,,,80700,creadit card,7198,59,2,xyz@,9999999999,1408,71
1174,5087,Joe Root,KKR,australia,36,Other,,Football,24-08-2021,,13,729025,28,3,8,4,28682,3181,Delhi,Sunny,DRAW,,0,84670,,19720,,23,,,916,10
1167,5000,Smith,Lakers,australia,23,mal,None,Football,27-12-2022,-1496,,,14,1,1,2,,4582,Kolkata,,,,3,83064,upi,1611,,4,,,4431,127
1075,5134,,MI,England,33,mal,,Basketball,27-01-2023,,482,,173,5,6,1,,,Chennai,Cloudy, lose,,,84866,cash,18988,,22,abc@gmail.com,12345,1684,157
1181,5184,Bumrah,Barcelona,Sri Lanka,8,male,None,Tennis,17-10-2021,,,341708,128,0,2,0,,,Mumbai,rainy,,9.3,,81764,credit card,,,0,,,3166,15
1075,5094,Smith,Lakers,,35,Other,,Tennis,05-11-2020,1006,,,59,6,1,5,,6138, ,rainy,,,,84318, ,,,0,,9876543210,64,19
1173,5139,Bumrah,MI,Sri Lanka,11,mal,None,Football,20-08-2021,,2121,471790,106,2,3,5,,1958, ,rainy,win ,6.1,,81122,upiid,17574,,19,user@yahoo,9999999999,4648,186
1046,5105, Virat,KKR,India,69,female, ,Basketball,12-07-2023,,,1443975,184,0,6,2,,442,,Rainy,,,,83830,netbanking,10924,,4,user@yahoo,9999999999,4319,110
1014,5132,,KKR,INDIA,12,female,,Tennis,09-11-2020,-624,,502046,2,7,6,4,26908,19638,Chennai,Sunny,,,1,82958,,6277,,28,,9999999999,3650,181
1104,5107,Messi,Barcelona,,59,male,Rahul Dravid,footbal,05-12-2023,,,,114,6,8,5,,15303,Delhi,,DRAW,1.3,0,82320,credit card,,94,25,,,2015,46
1146,5177,Bumrah,KKR,,59,female,Rahul Dravid,Cricket,,-666,2024,,145,1,2,4,37280,17640, ,,Lose,,,81422,,,71,18,user@yahoo,12345,1321,18
1025,5041, Virat,Barcelona,INDIA,25,mal,John Smith, ,12-09-2021,,,885845,51,6,6,1,,4367,Chennai,,Win,,1,81540,netbanking,,68,5,abc@gmail.com,,4024,106
1051,5101,Messi,MI,,42,female,,Football,12-05-2023,4665,,,59,2,5,1,,,,Cloudy,,6,3,84525, ,,26,2,,9999999999,612,3
1092,5123,,KKR,England,60,female, ,Football,,5179,2989,,33,8,9,4,31844,, ,Rainy,,,,80522,upi,11889,,20,user@yahoo,9999999999,651,70
1149,5139,,CSK,,65,Other,,footbal,25-10-2023,,2939,,95,7,6,2,29959,,,,Draw,,7,83007,netbanking,-48,,26,,12345,4813,22
1020,5102,Smith,CSK,england,42,mal, ,Tennis,05-12-2023,,,212664,88,4,6,2,44619,,,Rainy,,,5,82498, ,2439,22,12,,,1387,55
1050,5145,Rohit ,,england,68,Female,,Cricket,13-06-2022,2671,,,59,6,9,2,,12004,Bangalore,Cloudy, lose,,3,82089,upiid,1771,117,16,abc@gmail.com,,2866,118
1037,5193,Ronaldo,,India,34,femal, ,Tennis,04-02-2020,,,,153,2,4,5,25794,,Kolkata,rainy,Lose,6.1,3,81738,,14932,,2,xyz@,,2120,192
1019,5073,,KKR,australia,9,Female,Rahul Dravid,footbal,02-09-2023,,514,220189,199,0,8,0,,2343,Bangalore,,DRAW,,7,84189,upiid,2312,16,22,user@yahoo,,4763,41
1156,5107,Bumrah,MI,sri lanka,40,mal,John Smith,basktball,05-12-2023,,,,18,0,6,0,13234,,,, lose,,,82533,cash,,,2,,12345,3195,110
1178,5121,Joe Root,Barcelona,Sri Lanka,63,male,John Smith,basktball,08-09-2021,694,,,110,1,6,2,,16139,,Rainy,,7.8,4,82564,netbanking,3879,,20,xyz@,9999999999,4109,117
1131,5016,Ronaldo,,Australia,68,mal,None,Football,17-04-2023,,,,21,7,2,4,19982,9183,,Sunny,Draw,,0,82764,cash,,72,22,,12345,3828,136
1054,5195,,Lakers,england,54,Other,, ,17-02-2020,546,,,160,0,0,1,31599,,Mumbai,rainy,win ,4,6,80498,upi,,,12,,,3128,65
1198,5070, Virat,Lakers,sri lanka,58,Female,,Football,29-06-2023,740,,,165,4,4,3,52545,16218,Mumbai,,Lose,,0,82418, ,,,1,user@yahoo,,4866,131
1091,5061, Virat,CSK,INDIA,57,female,,Tennis,26-02-2022,2966,139,,127,8,7,1,,, , ,,4.6,1,82746,upi,,,2,user@yahoo,9876543210,3105,157
1027,5040,Rohit ,MI,england,48,mal,John Smith, ,01-07-2023,2700,,1161951,34,8,4,1,,11166,Delhi,Rainy,DRAW,,,80484,creadit card,7110,,19,abc@gmail.com,,537,70
1003,5118,Joe Root,,,58,Mle,,Tennis,14-12-2021,,,,106,1,9,3,,,Mumbai,, lose,8.3,0,80664,upi,,50,15,,,2418,18
1149,5161,Dhoni,CSK,india,27,Female,None,Tennis,23-08-2023,,,1234162,127,6,2,2,1560,14172,,Sunny,,,7,83454,netbanking,,117,20,abc@gmail.com,9876543210,2207,186
1075,5197, Virat,CSK,india,57,Male,None, ,20-10-2023,,440,363740,194,0,8,1,35660,,, ,DRAW,2.2,0,80627,upi,,40,11,,9999999999,3177,117
1172,5044,Smith,Lakers,england,46,Female,John Smith,Football,08-03-2021,,,,82,2,1,3,38456,3600,Chennai,Cloudy,,6.9,,81684, ,7393,42,24,abc@gmail.com,12345,2322,1
1066,5057, ,,Australia,50,female, ,,24-09-2022,,256,,137,5,2,5,40178,, , ,Draw,3,,80731, ,19838,,8,,12345,2037,22
1085,5178,Joe Root,Barcelona,Australia,11,male,,,05-12-2023,3385,1970,,142,8,3,4,748,,,Cloudy, lose,5.5,3,84287,credit card,,,15,,9999999999,4353,95
1193,5125,Hardik,CSK,india,39,male, ,footbal,10-11-2022,,,1479978,138,9,9,4,3773,19127,Chennai,Cloudy,Lose,2.4,6,81244,credit card,7521,,3,,9876543210,962,151
1161,5161,,Barcelona,,45,female,,Basketball,,,563,,110,1,0,4,24902,2645,Bangalore, ,Lose,8,4,82174,upiid,17520,53,29,xyz@,,1243,136
1090,5043,Dhoni,CSK,australia,21,female,,Basketball,28-03-2021,,1052,,89,6,3,2,57074,968, ,Rainy,win ,7.1,,83874,credit card,6790,60,24,,9876543210,532,157
1182,5014,Rohit ,CSK,INDIA,42,male,,basktball,05-12-2023,-1077,,774917,23,3,3,1,953,,Delhi,, lose,,,82774,credit card,3383,97,19,user@yahoo,,1869,172
1104,5077,Rohit ,KKR,INDIA,50,Female,,,29-09-2023,,1369,,76,1,8,1,39546,,,Sunny,,6.9,,83078,creadit card,164,,17,,12345,3130,115
1000,5069,Messi,MI,england,43,female,None,footbal,26-07-2023,4686,,928281,100,2,7,0,29473,, ,Rainy,Win,,,84791,,,51,25,,9999999999,1653,62
1071,5177, Virat,MI,sri lanka,26,femal,Rahul Dravid,Cricket,25-12-2023,,,65640,131,5,1,4,,,,,Draw,,4,81139,upi,,116,0,user@yahoo,9999999999,112,19
1086,5100,Ronaldo,Lakers,england,57,male,None,,06-10-2023,4456,2231,208769,12,9,6,2,36863,,Bangalore, ,DRAW,2.9,,84659,upi,,81,6,user@yahoo,12345,1299,59
1165,5159,Smith,Barcelona,England,15,Other,John Smith,Football,03-02-2024,,,,184,8,5,3,20105,3141,Kolkata,Cloudy,DRAW,,,83117,netbanking,,,19,abc@gmail.com,,2304,124
1005,5194,Dhoni,Barcelona,Australia,62,Female,Rahul Dravid,,26-04-2023,,,1053142,97,7,6,2,56586,,Delhi, ,,2.1,4,82440,upiid,,,11,,,4424,80
1152,5002, Virat,,england,23,Other,Rahul Dravid,Basketball,07-02-2020,,,739268,119,9,3,1,39471,11731,Mumbai,,DRAW,,2,84118,netbanking,,29,7,user@yahoo,12345,3306,147
1144,5085,Joe Root,,,67,femal, ,Football,23-01-2024,2408,,1393467,36,8,4,4,27851,,,Rainy,DRAW,,,83202,upiid,,,7,,9876543210,4146,22
1060,5073,Ronaldo,CSK,australia,32,Male,John Smith,Tennis,04-05-2022,,947,,47,3,5,0,,,Delhi,,Lose,3.9,,83198,credit card,,,27,user@yahoo,9876543210,1701,83
1011,5050, Virat,KKR,England,43,mal,None,,05-12-2023,4038,,,198,3,8,5,54877,,Mumbai,Cloudy,Win,,2,84540,upiid,12727,108,23,,,3814,68
1005,5066, Virat,Barcelona,England,54,Other,Rahul Dravid,footbal,,,,342518,0,8,1,2,,6225, ,Rainy, lose,,5,84872,netbanking,1041,,21,,12345,220,5
1026,5075, Virat,,,29,Other, ,Tennis,10-02-2022,2776,1945,,59,7,8,0,,14489,,,Lose,,,82044,cash,-836,,8,user@yahoo,9876543210,2830,5
1135,5092,Messi,,india,19,mal,,Basketball,02-03-2023,5259,,748994,139,1,9,1,3225,19137, ,,,1.1,2,80707,netbanking,8461,52,13,,,2643,153
1123,5175,Messi,Lakers,,42,Female,None,Cricket,07-03-2021,1406,2790,636558,148,7,0,3,,, ,Sunny, lose,5.6,,80432, ,,,19,,,3880,24
1105,5144,Bumrah,,,49,Male,None,Cricket,23-04-2023,,927,,138,0,3,2,,4019,,Sunny,Win,,,80472,cash,,90,4,xyz@,,4317,129
1192,5006,Smith,Lakers,,20,mal,Rahul Dravid, ,12-05-2023,,320,1314284,43,8,4,5,35835,,Kolkata,Rainy,,6.8,,80047,cash,,47,19,user@yahoo,,3781,114
1184,5012,Ronaldo,CSK,,8,femal,,,28-12-2022,2899,,,114,8,8,1,43697,19014,Chennai,,win ,5.9,4,81914,upi,15569,53,20,,12345,1958,28
1092,5119,Smith,Lakers,England,51,male,,Football,,1563,1192,,185,7,5,4,,,Chennai,Cloudy,,,5,81105,cash,,14,1,user@yahoo,,1296,47
1108,5065,,RCB,sri lanka,35,Male, ,Tennis,07-07-2023,4970,2865,,107,4,3,2,,3435, ,Sunny,win ,,5,83180,upi,,22,20,user@yahoo,,1032,85
1098,5003,,CSK,sri lanka,13,Female,None,Cricket,10-08-2020,,,1180275,43,4,1,0,,,, ,,,6,81890,upi,4706,10,9,xyz@,,4322,188
1167,5137,Smith,,sri lanka,29,Mle,None,basktball,17-01-2022,-981,,71597,77,2,4,2,41253,,,Rainy,Draw,,2,80357,netbanking,,,23,,12345,2605,19
1141,5087, Virat,RCB,england,49,female,,Basketball,28-10-2021,-1912,,284134,161,4,7,1,,,Kolkata,rainy,Draw,,,80567, ,,39,8,,9876543210,3183,87
1034,5016,Hardik,,Australia,23,Female,None,Cricket,10-11-2020,3829,,383313,24,3,7,1,19139,,Kolkata, ,DRAW,8.4,2,80479,upi,,91,6,abc@gmail.com,,4950,142
1175,5051, ,MI,england,68,male,John Smith,Tennis,13-11-2020,900,2336,543018,131,0,5,0,,3688,Delhi,,,5.4,,80866,upi,,34,22,abc@gmail.com,12345,3228,70
1083,5133,Rohit ,,Sri Lanka,38,Other,,,09-08-2020,3390,134,401049,191,8,0,5,,15483,Chennai,Sunny,Draw,,4,83260,,18196,73,29,user@yahoo,9876543210,1475,114
1055,5068, ,Lakers,Sri Lanka,9,Other,,Tennis,22-10-2022,,2964,,115,9,7,1,38996,,Kolkata,Rainy,win ,1.7,,84059,netbanking,,,21,xyz@,12345,2365,8
1176,5136,,MI,australia,14,mal, ,,05-12-2023,,,1163953,118,3,3,2,,,Delhi,Cloudy,Draw,,4,81028,cash,,59,17,user@yahoo,9999999999,2407,37
1140,5020,Smith,MI,Sri Lanka,16,Female, , ,11-04-2023,2780,,1494735,143,2,1,5,56242,10516,,Cloudy,Lose,,,83357,credit card,,12,25,user@yahoo,9999999999,935,86
1188,5023,Dhoni,CSK,INDIA,67,Other,John Smith, ,01-08-2023,,,1315343,9,5,0,0,,,Chennai,Rainy,,,,81813,,17433,,11,abc@gmail.com,12345,2967,72
1048,5003,Messi,KKR,INDIA,55,Female,John Smith,Football,27-07-2021,,,252990,108,0,6,1,21153,,Kolkata,Cloudy,DRAW,,5,83728,credit card,,114,10,abc@gmail.com,9999999999,2949,125
1045,5151,Joe Root,Lakers,england,54,femal, ,basktball,16-07-2023,,,735771,193,4,1,1,33403,,Mumbai, ,Lose,,,83526,cash,16484,,9,xyz@,9876543210,2245,10
1112,5186,,KKR,australia,24,mal,John Smith,footbal,13-07-2022,5215,,358515,34,6,3,2,52725,14899,Mumbai, ,Win,,,84803,upi,10239,4,12,abc@gmail.com,,2637,67
1189,5002,Smith,RCB,India,18,female,Rahul Dravid,footbal,28-08-2023,,,,133,1,3,1,15823,,,,win ,9,4,81050,netbanking,18334,67,8,user@yahoo,,4337,141
1135,5067,Ronaldo,MI,sri lanka,50,Mle,None,,12-10-2022,,-157,,18,9,9,2,6036,18321,Delhi, ,,7.2,,80126,creadit card,,,15,user@yahoo,,3950,39
1042,5100, ,,England,26,femal,,Cricket,22-07-2021,-359,618,,186,8,0,4,47190,19367, ,,,,,83606,netbanking,,61,29,,9999999999,2658,64
1147,5167,,Lakers,Sri Lanka,50,Other, ,Cricket,17-06-2020,,,,180,5,1,5,4592,, ,Cloudy,Draw,9,1,82378,credit card,13938,86,20,,,1814,30
1123,5175,Dhoni,KKR,,24,male, ,Cricket,01-06-2021,,557,,7,1,0,2,,,,,win ,,7,81652,,,,21,abc@gmail.com,,3283,132
1096,5053,Joe Root,,INDIA,34,Male,Rahul Dravid,Football,12-11-2021,2851,,237411,9,7,5,3,58528,4252,Chennai, ,win ,3.7,5,80007,upi,6591,102,16,user@yahoo,,1296,45
1089,5034, Virat,Barcelona,,18,male,None,Cricket,02-08-2020,,,,194,7,2,1,,16969,Kolkata,,DRAW,1.7,,84708,upiid,,,4,abc@gmail.com,9876543210,3155,134
1038,5055, Virat,KKR,india,65,mal,None,Football,04-08-2021,,1881,399166,165,0,0,4,30653,9202,Bangalore,,DRAW,2.4,,81284,cash,18774,,5,,,1647,16
1084,5107,Smith,MI,england,35,mal,None,basktball,21-10-2022,5132,1585,,28,0,7,5,,18260,Kolkata,Cloudy, lose,1.2,,84693,upiid,8211,,9,,12345,359,22
1176,5039, Virat,,,21,femal,,,12-05-2023,-1075,1022,,14,0,3,0,27628,6482,Delhi,, lose,,6,84481,creadit card,,71,10,abc@gmail.com,9999999999,3452,21
1191,5067, ,RCB,,54,mal,,Football,08-08-2021,3159,2972,1119306,86,3,9,3,,,Bangalore,,Win,,,80178,upiid,,36,1,xyz@,,3611,193
1061,5045,Ronaldo,Lakers,england,18,mal,,Cricket,25-06-2020,-1018,,,22,3,6,0,,13972, ,Sunny,Lose,3,,83595,upi,,,6,,9876543210,1164,158
1105,5077,Messi,RCB,england,31,male,,footbal,22-08-2020,,2132,,45,7,9,3,,,,,DRAW,6.8,0,84910,creadit card,,,13,,9999999999,3244,24
1106,5140,Ronaldo,Barcelona,england,14,femal,Rahul Dravid,Basketball,06-08-2022,,1439,,27,0,1,4,,18751,,Sunny,Lose,6.5,,83817,,1507,,3,,9999999999,4025,64
1053,5154,Messi,Barcelona,Australia,56,Female,None, ,02-11-2022,5187,,273991,25,9,5,5,25534,,Bangalore,Rainy,Lose,4.3,,83254,credit card,,,4,xyz@,9999999999,3700,141
1125,5005,Smith,,,67,male,,Football,12-02-2020,-293,2118,,9,2,5,4,,18655,Delhi,Rainy,Lose,6.1,6,84453,upi,,120,18,user@yahoo,12345,502,26
1008,5016,Joe Root,MI,India,26,femal,,footbal,28-01-2021,,2011,656492,174,0,6,4,36648,, ,rainy,DRAW,,5,82423, ,2315,,20,xyz@,9999999999,4204,98
1087,5163,Bumrah,RCB,,27,Other,None,Cricket,28-10-2021,-74,1626,,3,8,0,3,,,Bangalore,Cloudy,Win,8.4,2,84797,netbanking,,,27,user@yahoo,9999999999,4838,20
1036,5098,,CSK,Australia,42,female,John Smith,basktball,21-12-2020,256,-156,159060,54,9,0,2,22329,18355,Bangalore,Cloudy,Win,,7,81750,,3162,,19,abc@gmail.com,9999999999,1343,61
1048,5080, Virat,MI,INDIA,52,Mle, ,,05-01-2020,,,,65,8,1,5,,17914, ,rainy, lose,,7,84877,creadit card,,,27,,9999999999,3379,124
1040,5001,Joe Root,Barcelona,,43,male, ,Football,13-09-2023,,,,66,6,1,0,,,Chennai,Rainy, lose,,,84177,upiid,14198,,29,xyz@,9876543210,3812,134
1016,5076,Hardik,Barcelona,,48,femal,None,,19-06-2021,5194,,,134,7,4,2,,,Bangalore,,Lose,,,83429,netbanking,,,9,,12345,810,171
1087,5179, ,Lakers,sri lanka,12,femal,Rahul Dravid,footbal,07-01-2020,,,,54,0,0,2,39400,,Kolkata,,DRAW,5.2,3,80184,creadit card,,43,5,user@yahoo,12345,785,177
1020,5065, ,Lakers,india,12,female,Rahul Dravid,Football,10-09-2020,,,324529,30,4,1,1,19689,,Delhi,,Draw,,,82335,credit card,,,1,,,227,9
1050,5051, ,CSK,,,Mle,None,,05-12-2023,,,616197,73,1,5,0,,812,Bangalore,Cloudy, lose,9.1,5,83133,,4169,,2,,9876543210,4947,128
1058,5091,Bumrah,Barcelona,,17,mal,, ,30-11-2021,-35,,741939,18,0,2,3,,,Kolkata,rainy,DRAW,,2,84978,upiid,,118,27,xyz@,,827,101
1166,5170,Rohit ,Lakers,england,63,Male,John Smith,Tennis,20-10-2020,,316,,155,2,3,1,32125,,,Sunny,Win,9.2,5,80506,credit card,11068,39,14,xyz@,9876543210,378,165
1182,5021,,Barcelona,India,15,Other,,Football,08-11-2020,4221,,,80,6,0,1,,17676, ,,win ,4.2,,84125, ,,,9,abc@gmail.com,9999999999,3811,16
1040,5110,Bumrah,CSK,England,62,Mle,John Smith,Tennis,07-06-2021,4895,-241,104703,155,0,4,4,36352,17948,Mumbai,rainy, lose,,3,81932, ,,,16,user@yahoo,12345,2025,4
1038,5106,Joe Root,,,67,male,John Smith,,07-01-2022,-428,,,146,1,3,3,,,Kolkata, ,,7.5,0,81196,credit card,1997,94,6,,9999999999,3364,32
1140,5182,Hardik,,Australia,8,Male,,Cricket,24-03-2023,-586,,,86,1,7,2,30093,19376,Bangalore,Cloudy,DRAW,5,,83685,netbanking,5778,20,24,abc@gmail.com,12345,3376,84
1191,5066, ,MI,INDIA,69,Other,John Smith,Tennis,28-09-2020,4803,528,,19,3,2,5,,14269,Delhi,,Win,,4,84181, ,17993,,1,,9876543210,2338,93
1010,5187,Hardik,KKR,,23,Mle,None,Cricket,16-10-2020,-517,2216,1316095,12,2,9,2,,7807,Delhi,, lose,9.5,6,81338,credit card,,43,6,user@yahoo,,1128,128
1146,5185,Joe Root,Lakers,,12,Other, ,,23-01-2022,,,,76,2,0,2,,17908,Bangalore, ,Draw,6.1,,82620,creadit card,,28,14,user@yahoo,,290,17
1138,5139,Ronaldo,Lakers,Sri Lanka,57,male,Rahul Dravid,Tennis,31-07-2023,,2241,815657,42,9,9,4,,17194, ,rainy,Lose,,2,80682,upi,,71,2,user@yahoo,9876543210,3548,41
1076,5068,Bumrah,MI,,57,mal, ,,18-08-2023,3396,,1381500,138,4,4,2,23839,,Chennai, ,Win,6,1,83514, ,,108,4,user@yahoo,,2724,45
1126,5083,,,india,58,mal,,Basketball,28-11-2023,,2311,1059944,175,2,0,0,3491,,, ,Lose,,,84367,credit card,3392,112,21,xyz@,12345,59,16
1045,5102,Rohit ,Lakers,England,56,Mle,Rahul Dravid,,,,2422,370464,142,6,4,2,,6846,,Cloudy,win ,,,82160,creadit card,19265,111,7,,9999999999,4201,20
1044,5038,Joe Root,MI,India,68,Female,None, ,05-12-2023,2218,904,,144,4,8,2,,3121,Bangalore,Rainy,win ,,5,81729, ,8086,,3,abc@gmail.com,,2670,42
1000,5012,Dhoni,CSK,,25,Other,Rahul Dravid,Basketball,07-03-2020,,,1333306,181,3,4,0,51257,16568,Delhi,Sunny,Lose,5.2,,81417,,8456,12,17,,12345,3339,10
1167,5040,Ronaldo,KKR,,69,mal,John Smith,Cricket,,,598,1348845,49,2,1,4,19680,,Chennai,Rainy, lose,4.6,4,84014,cash,,,18,user@yahoo,9876543210,2789,52
1107,5056, Virat,CSK,england,19,Other,None,Cricket,20-12-2022,1897,,882125,27,3,1,1,,10985,Mumbai, ,,4.6,6,80018,creadit card,,118,7,,,3654,188
1018,5180,Joe Root,CSK,sri lanka,15,Male,None, ,23-05-2021,4579,-184,803787,3,1,9,3,,6675,Bangalore, ,Draw,5.3,,82652,upi,,118,22,abc@gmail.com,,3190,176
1075,5011,Dhoni,Barcelona,sri lanka,56,Male, ,Basketball,13-07-2022,,,-8030,21,0,8,4,56214,,Kolkata,,DRAW,5.7,5,83800,credit card,,,5,user@yahoo,,4995,151
1071,5012,,Lakers,Australia,36,Other,, ,12-05-2023,5965,,,118,2,4,2,5431,,Mumbai, ,Win,,,80464,netbanking,,80,4,,,2492,33
1199,5119, ,Lakers,INDIA,29,Mle,,Basketball,12-05-2023,,2189,97670,100,1,7,1,,,,Cloudy,DRAW,5,3,80690,creadit card,,26,26,,,4401,127
1188,5096, Virat,CSK,Sri Lanka,15,Other,,Cricket,29-05-2022,3096,2967,1317889,38,0,9,3,,11128,,Cloudy,win ,,,81010,cash,1317,,4,,9876543210,2662,153
1108,5056,Hardik,Lakers,England,40,Mle,,Football,12-06-2023,-1879,,,33,0,3,3,48808,,Kolkata,Rainy,Win,,3,83061,credit card,,,16,user@yahoo,,201,50
1011,5039,Rohit ,Barcelona,Australia,57,femal,,basktball,07-11-2022,,,,96,1,1,3,,4342,Bangalore,rainy, lose,2.6,2,84020, ,9161,64,29,user@yahoo,9876543210,3161,101
1188,5117,Messi,MI,INDIA,61,Mle,Rahul Dravid, ,22-08-2021,-656,,,43,8,3,0,6674,17227,Mumbai,,win ,,7,80162,credit card,,68,5,,,470,100
1160,5079,Messi,,Sri Lanka,57,mal,John Smith,Basketball,03-07-2022,252,36,,169,4,3,0,,10052,Mumbai,, lose,,7,81635,creadit card,,15,12,xyz@,9876543210,3026,88
1044,5127,Smith,Barcelona,Australia,42,Mle, ,footbal,25-08-2021,2084,,859279,39,8,8,1,,,Bangalore,, lose,9.6,6,82746,netbanking,,,8,,9999999999,3356,198
1089,5172,Ronaldo,,England,37,Female,Rahul Dravid, ,,3787,,487377,96,7,9,2,45990,, ,,DRAW,4,5,80294,credit card,17731,,23,,,3754,79
1102,5034, ,Barcelona,INDIA,40,female,,footbal,28-05-2023,2416,965,,139,5,5,1,51719,7931,,,DRAW,,,80578,upi,,,11,,9999999999,2356,183
1196,5002,Ronaldo,CSK,australia,15,Mle,John Smith,Tennis,16-02-2021,4978,187,893100,129,0,9,2,40154,,Bangalore,Rainy,win ,,,81585,upiid,659,,9,,12345,3973,98
1007,5119,Messi,Barcelona,india,38,Female,None,,10-10-2022,,,921284,155,9,5,4,3941,17799,Mumbai,rainy,,8,7,83380,netbanking,,,0,,,4828,68
1152,5004,Hardik,MI,India,50,mal,John Smith,basktball,30-01-2024,,2990,,73,4,4,3,,14289,Bangalore,rainy,Lose,8.9,,82349, ,11900,120,10,xyz@,9999999999,2583,78
1090,5010,,,Australia,47,Other,Rahul Dravid,Cricket,30-10-2022,,,,85,0,5,3,,4211,Delhi,Rainy,Draw,,,82171,creadit card,,,28,xyz@,,4471,132
1173,5125,Smith,Lakers,,25,female,Rahul Dravid, ,10-01-2020,-1714,-378,25730,89,6,0,0,,,Delhi,Cloudy,,7.7,5,80194,credit card,18235,,5,xyz@,9999999999,3785,28
1086,5070,Dhoni,Lakers,Sri Lanka,58,Mle,Rahul Dravid,footbal,08-04-2022,5288,-298,,66,9,4,4,40050,,Bangalore,Cloudy, lose,,,80841,credit card,12752,,2,,9876543210,2546,29
1157,5116, Virat,Lakers,Sri Lanka,13,Other,,Cricket,16-08-2023,,,1220946,198,7,5,5,44562,11568,,,Draw,,,84007,creadit card,,,5,user@yahoo,12345,2683,82
1174,5183,Rohit ,,Australia,30,femal,,footbal,06-03-2020,,,,199,7,7,4,33802,,, ,Draw,,,84584, ,,,8,abc@gmail.com,,4237,122
1176,5137, ,MI,,58,female,John Smith,Cricket,31-12-2023,2701,416,1183097,75,6,3,2,,,, , lose,,,82931, ,9800,81,21,,,3123,176
1174,5105, Virat,RCB,,13,mal,,,07-08-2020,720,1779,,91,1,4,4,,5458,Kolkata, , lose,4,,80445,upi,,71,7,xyz@,,3141,105
1083,5115,Rohit ,Lakers,Sri Lanka,30,Female, , ,30-11-2021,2079,-349,1266032,9,4,3,0,52391,,Kolkata,Sunny,Draw,1.8,,80079,upi,9568,6,29,user@yahoo,,2307,72
1081,5161,Bumrah,Lakers,Australia,19,mal,Rahul Dravid,Tennis,05-12-2023,-174,775,,85,3,6,2,14994,,,Sunny,Lose,8.1,7,84840, ,15702,91,14,xyz@,,3790,110
1145,5066,Joe Root,Barcelona,INDIA,32,Mle,None,Football,29-12-2022,,,,101,4,9,1,,,Delhi, ,Lose,,,82745,upi,,,21,,,3110,113
1193,5199,Rohit ,RCB,Sri Lanka,59,Male, ,basktball,05-12-2023,2264,-351,1275146,184,9,5,2,,5241,, ,Win,2.9,,83688, ,,,5,xyz@,9999999999,347,141
1067,5030,Rohit ,Barcelona,sri lanka,20,Mle,John Smith,Tennis,23-09-2023,,,,107,8,3,1,,,,Sunny,Lose,,,81860,upiid,,,22,user@yahoo,,1601,43
1160,5074,Ronaldo,RCB,,42,Mle,Rahul Dravid,basktball,14-11-2022,2102,,1258228,164,3,5,5,,,Bangalore,Rainy,DRAW,5.3,6,80930,netbanking,15586,80,10,xyz@,,3596,9
1126,5070,Hardik,MI,india,68,femal,None,footbal,26-07-2021,4226,,853481,90,7,3,2,51607,18498, , ,win ,8.4,1,81934,creadit card,954,,28,,,3777,40
1163,5065,Bumrah,KKR,,24,Male,Rahul Dravid,,05-12-2023,-1616,2673,,191,7,7,3,,,Mumbai,Sunny,win ,7.9,,84367, ,,,9,,9876543210,4923,46
1081,5069,,KKR,England,54,male,Rahul Dravid, ,06-01-2023,,,,78,1,2,5,,11429, ,rainy,win ,4.7,,82171, ,3971,52,10,xyz@,9999999999,2553,58
1146,5040,Hardik,KKR,INDIA,9,mal,None,Football,,5017,-285,,85,5,7,1,42819,7605,, ,,,,83294,cash,,,3,,9999999999,4520,184
1155,5190,Ronaldo,MI,Australia,66,Male, ,basktball,18-12-2022,,,,106,4,1,0,,19407,Mumbai,Cloudy,Draw,,4,84781, ,,,28,,9999999999,3778,140
1167,5159,Ronaldo,Barcelona,Sri Lanka,66,femal,,,12-06-2023,,,,167,1,5,5,,15890,Kolkata, ,,,,84747,upiid,,,12,,,321,101
1083,5019,Ronaldo,MI,india,47,male,, ,01-02-2021,,2943,1308095,100,9,7,5,945,,Delhi,,Draw,,,84392, ,,11,7,user@yahoo,,3661,25
1112,5184, Virat,,India,59,Female,John Smith,basktball,30-09-2023,,599,1073332,107,3,0,5,21530,5449,Chennai,rainy,Win,3,,82834,creadit card,9088,84,19,,9876543210,2297,89
1075,5177,,KKR,India,,Male,,Cricket,19-01-2023,-561,,,59,6,5,1,58022,9792,Bangalore,Sunny,Win,9.6,,84716,cash,,,14,,9876543210,179,144
1121,5152,Hardik,RCB,,58,male, ,,18-05-2021,,,32503,47,0,8,1,,5963, ,Cloudy,DRAW,,,81654,upi,,,6,user@yahoo,,3965,179
1142,5139,Hardik,RCB,,57,mal,,,05-12-2023,,1952,851544,116,8,9,2,,14311,,Sunny,Lose,8.4,7,82928,credit card,,,0,user@yahoo,,1712,124
1040,5198, ,RCB,england,13,male,Rahul Dravid,,21-06-2020,-1929,,537096,105,9,9,3,4587,17679,Kolkata,,Draw,5.2,,83603,upi,12618,,27,,,28,99
1166,5038,Smith,,sri lanka,12,Other,Rahul Dravid, ,23-05-2022,1416,641,1200747,146,0,1,5,,,Mumbai,,,,5,81672, ,-868,87,24,user@yahoo,9999999999,3567,181
1001,5144,Bumrah,Barcelona,Sri Lanka,18,Male,,Tennis,10-01-2021,-1644,,,199,4,0,2,,,, ,Draw,,,84350,upiid,,57,25,,,2033,180
1190,5044, Virat,,england,17,mal,John Smith,Football,02-05-2020,5741,609,,32,6,1,2,,10810,Chennai,rainy,win ,,,81287,upi,16809,49,8,,,737,195
1028,5138,Bumrah,CSK,india,29,mal,Rahul Dravid,Tennis,05-12-2023,4745,2554,1166463,43,7,4,3,1430,,Chennai, ,DRAW,6.6,5,82726,upiid,,,22,xyz@,9999999999,3719,124
1104,5069, Virat,Lakers,england,18,Mle,John Smith, ,30-08-2023,194,,238648,164,1,5,2,,,,rainy,win ,,3,84124,upi,12785,,7,abc@gmail.com,9876543210,54,24
1193,5124,Hardik,,australia,41,Male,,Football,12-05-2023,,,394531,111,3,0,3,1445,9280,,,,7.2,,81058,upiid,,,1,,,2925,107
1050,5150,Joe Root,,sri lanka,60,Male,Rahul Dravid,Football,24-05-2023,,,772078,88,1,6,0,33256,15823,Chennai,,Draw,8,5,84844,cash,18349,,25,,,1433,14
1074,5090,Smith,CSK,india,52,male,Rahul Dravid,,20-11-2021,,1131,,35,3,3,3,26017,,Delhi,rainy,win ,,5,80601,,,,13,,9876543210,2064,22
1009,5069,Hardik,RCB,,42,Mle,John Smith,basktball,27-11-2023,3470,,341908,80,5,8,4,,,,Rainy,Draw,,3,83274,upiid,,85,29,user@yahoo,9876543210,3642,128
1141,5165,Messi,MI,,20,Mle,,Tennis,22-05-2022,1185,,543659,87,5,5,3,,15398,,,Win,5.5,1,82978,credit card,,,11,abc@gmail.com,9999999999,4183,31
1050,5129,Ronaldo,Lakers,sri lanka,38,femal,,,05-12-2023,4784,-190,376075,148,1,8,3,,3948,Chennai,Sunny,,,1,80130,upiid,13551,99,25,xyz@,,3294,85
1117,5083, ,MI,India,67,Female,,Cricket,01-05-2022,-1048,-171,,129,3,0,4,24685,,Kolkata,rainy,Lose,,,80110,,,,22,,12345,3855,58
1120,5088,,KKR,Sri Lanka,56,female,John Smith,Tennis,05-12-2023,,,,30,3,3,3,,5466,Delhi,,,,,82571,creadit card,2571,,16,xyz@,,2751,69
1038,5078,,MI,Sri Lanka,48,Male,None,Tennis,05-12-2023,-1641,,765360,107,0,1,1,,,Bangalore,Sunny,,4.2,5,83359,cash,,,18,,,3633,147
1027,5112,,Barcelona,India,30,female,,,10-06-2023,-1141,,,29,1,5,2,,13487,,, lose,5.1,,82734,upi,18408,61,5,user@yahoo,9999999999,724,106
1002,5092,,,australia,9,Male,None,footbal,27-08-2023,,1966,,171,2,3,2,28633,,,Sunny,Draw,5.3,,80830,credit card,,,20,,9876543210,1253,181
1083,5071, Virat,Barcelona,england,29,femal, ,basktball,,,,852018,11,4,8,0,6236,18296,,rainy, lose,,,80665,credit card,5464,,4,,,1177,85
1197,5164,Bumrah,CSK,India,62,Other,None,footbal,11-05-2020,,,668501,50,7,2,0,48531,6076,,Cloudy,win ,4,7,81066,creadit card,15417,116,24,,,1296,2
1154,5048,Ronaldo,KKR,England,32,Mle,,Football,05-09-2022,-1779,,,120,5,0,4,,, ,, lose,6.7,7,84970,,15862,,5,abc@gmail.com,9999999999,894,181
1116,5051,Joe Root,,england,58,female,Rahul Dravid,Cricket,12-05-2023,4716,86,1136738,176,2,0,1,37484,,Bangalore,rainy,DRAW,,3,83788,cash,,54,2,user@yahoo,9999999999,2499,195
1001,5032,Rohit ,Barcelona,sri lanka,56,Other,, ,06-05-2022,,868,667560,151,5,8,0,986,,Delhi,Rainy,Win,,,81317, ,,,15,,,1329,47
1092,5021,Joe Root,Barcelona,,35,Mle,,footbal,,,,,151,6,8,2,,10647,Kolkata,Rainy,,3,5,80284,,,35,17,xyz@,,2474,115
1165,5113, Virat,KKR,,14,Female,John Smith,Basketball,05-02-2023,,2416,,187,5,4,0,,1712,Chennai, ,DRAW,,5,84659,credit card,16626,,13,xyz@,,2627,53
1130,5132,Ronaldo,CSK,Sri Lanka,59,femal,,Cricket,11-10-2023,,1062,1346421,138,9,1,0,,6400,,,,5.9,,84114,cash,,,24,xyz@,,4346,185
1143,5017, Virat,MI,england,40,mal,Rahul Dravid,Cricket,,,-46,,12,5,8,3,4428,5612,,,Win,,2,83578,netbanking,,,14,user@yahoo,9876543210,2450,25
1093,5165,Dhoni,Lakers,india,57,female, ,Basketball,07-04-2021,,,,90,0,7,0,,, ,Sunny,Draw,7.6,1,84642,netbanking,13917,,25,,,2968,35
1039,5117, ,KKR,india,59,Male,,Tennis,,,,1177790,199,2,9,4,21535,,Mumbai,Cloudy,DRAW,7.9,4,80047,upiid,,72,29,user@yahoo,9876543210,1169,157
1001,5116, ,MI,INDIA,33,male,John Smith,Tennis,17-07-2022,4902,1422,900377,73,6,9,2,,,, ,Win,,2,81768,netbanking,5941,21,3,abc@gmail.com,9876543210,3439,87
1080,5036,Rohit ,KKR,australia,21,Other,,,08-02-2021,3396,,868320,199,3,5,4,,1324, ,,DRAW,,,84314,upiid,14909,,10,,,2367,110
1168,5063,Bumrah,MI,,18,femal, ,Tennis,,,,1383438,191,3,6,4,19475,,Chennai,Rainy,win ,8,,84861,credit card,1452,31,4,,,4294,145
1011,5137,,,india,20,Male, ,footbal,13-11-2020,,,,19,6,5,5,57337,3659,Mumbai,Cloudy, lose,,6,83259,upi,1389,,8,abc@gmail.com,9876543210,1464,80
1162,5078,,,INDIA,47,Male,,footbal,12-05-2023,-972,,902012,71,8,4,1,18807,,Chennai, ,Lose,,5,82078,cash,,19,4,xyz@,,2192,177
1064,5169,Smith,RCB,England,48,Male,Rahul Dravid, ,,,-317,803999,72,1,3,5,,16262,Kolkata, ,,,5,82306,upiid,13612,,6,abc@gmail.com,12345,1730,184
1054,5122, Virat,,england,38,female,None, ,19-07-2023,1374,,305710,70,8,6,5,,2894,,, lose,9.6,3,83415,upi,1627,,17,xyz@,9876543210,3294,131
1044,5175,Rohit ,Lakers,,57,Male,None, ,05-08-2021,,,,77,2,3,3,29075,,Chennai,rainy,DRAW,6,4,84403,cash,18909,55,17,user@yahoo,9876543210,1123,22
1100,5043,Smith,Barcelona,England,45,femal, ,footbal,30-10-2021,2807,,,27,5,9,4,59443,,,Rainy,Draw,4.7,7,83142,upi,1036,93,19,,,4621,142
1061,5081,Rohit ,MI,INDIA,55,mal,,Cricket,07-12-2022,,,,129,3,9,1,47972,1392, , ,DRAW,5.7,,80567,netbanking,,59,23,user@yahoo,12345,1488,131
1048,5086,Smith,Barcelona,Australia,52,mal,,footbal,15-06-2023,,1607,978157,120,0,9,2,50280,17617,, ,Draw,5.1,0,84326,creadit card,,34,1,,12345,264,38
1126,5015,Dhoni,MI,Sri Lanka,12,Female, ,Football,03-08-2022,667,,,42,8,8,2,,3660,,Rainy,win ,,7,84065, ,,,25,xyz@,,2029,87
1152,5053,Messi,Lakers,Australia,,femal,Rahul Dravid,,05-12-2023,,1158,,7,5,4,1,,14580, ,Cloudy,win ,,7,80081,netbanking,13311,,22,,12345,1243,21
1022,5101,Hardik,KKR,australia,55,female,, ,08-11-2020,,,670670,12,7,7,4,259,, , , lose,5.7,,83005, ,5064,114,12,,,3766,179
1151,5162,Hardik,MI,india,22,Male,Rahul Dravid, ,20-12-2020,,,18337,110,1,5,4,28940,,,Sunny, lose,8.3,6,80216,cash,15484,49,12,abc@gmail.com,,395,24
1037,5097,Bumrah,MI,England,61,femal,Rahul Dravid,Football,22-10-2023,,,362864,34,6,3,3,44770,11909,Kolkata,Sunny,win ,,,80334,netbanking,,,16,xyz@,12345,1480,96
1027,5155,Smith,MI,,50,mal, ,Basketball,08-06-2021,,,,22,5,2,3,27266,19985,Delhi,Cloudy,,,4,80558,netbanking,4351,,24,abc@gmail.com,9876543210,107,45
1020,5001,Messi,Barcelona,india,67,Mle, ,,05-10-2023,2233,,,45,1,5,5,,,,Cloudy,,,4,82911,upiid,,118,25,,,3563,197
1181,5093,Smith,RCB,Sri Lanka,66,Female,Rahul Dravid,Football,01-11-2023,,,,14,1,0,2,,,Bangalore,,win ,8,,80873,upiid,,,21,abc@gmail.com,,2906,172
1106,5140,Bumrah,Lakers,Sri Lanka,57,Mle, ,Tennis,29-09-2022,,445,,129,3,1,3,26365,7796,Delhi,Rainy,DRAW,3.6,3,80752,upiid,19317,81,26,user@yahoo,9876543210,4731,47
1145,5168, Virat,RCB,Australia,39,female,John Smith,basktball,25-04-2021,,,,60,3,6,1,429,1310,,Cloudy,DRAW,,,83761,credit card,,99,16,user@yahoo,,3438,185
1163,5058,Rohit ,,australia,43,Other,, ,02-04-2022,,,,114,2,3,2,38757,5758,Delhi,Sunny,Win,9.4,,80593, ,,,25,abc@gmail.com,9999999999,3196,147
1098,5068,Messi,Barcelona,England,57,Mle,None,Basketball,03-07-2021,,2772,1369937,63,7,4,4,19647,,Bangalore,Cloudy,win ,3.2,,82751, ,11224,,5,abc@gmail.com,,1185,162
1172,5118,Ronaldo,Lakers,australia,37,mal,,Cricket,12-05-2023,605,2011,,51,6,9,2,3889,,, ,Lose,1.7,5,81678,upiid,,31,13,user@yahoo,9876543210,4131,131
1118,5091,Bumrah,KKR,Sri Lanka,32,Other,,Football,21-03-2023,5248,-332,,163,1,0,0,15984,2950, ,rainy,DRAW,9.5,1,83897,creadit card,,6,20,,12345,3075,39
1072,5180,Hardik,KKR,England,28,Male,None,Basketball,27-05-2022,5332,,125425,194,2,1,2,,,,rainy, lose,3.9,,84648,cash,,49,13,user@yahoo,9876543210,412,92
1180,5044, Virat,RCB,Sri Lanka,49,Other,,basktball,11-05-2023,48,-190,,68,9,3,3,13869,,Delhi,,DRAW,8.7,0,81482,creadit card,18588,,11,xyz@,12345,3158,75
1121,5147,Bumrah,Lakers,australia,31,Male,Rahul Dravid,Cricket,18-12-2021,,,843453,66,8,7,1,,4226,Mumbai,Rainy,win ,6.1,5,80782,upi,,,4,,,482,188
1029,5023, ,MI,,20,Female,,Basketball,18-01-2022,,2496,,174,4,9,4,20410,,, , lose,,,82134,cash,12915,92,4,xyz@,9876543210,2959,138
1187,5188,,Lakers,australia,65,Other,None,Tennis,19-11-2021,-729,,,82,1,3,4,9565,, ,Cloudy,DRAW,,,83586,credit card,,,3,abc@gmail.com,,3847,168
1107,5090, Virat,Lakers,,10,male, ,basktball,09-01-2022,-54,,114741,1,2,2,3,,5774,,,Draw,9.1,,83794,cash,15930,49,22,,9999999999,602,2
1097,5093,Dhoni,MI,India,10,mal, ,Tennis,20-10-2022,,,759511,171,7,2,3,38277,,Delhi, ,win ,,,84608,upi,16528,63,28,,9999999999,1081,45
1031,5057,Dhoni,KKR,INDIA,36,Male,None,Tennis,17-06-2023,,,864959,191,3,4,3,,17131,, ,Lose,,,80983,cash,,103,24,,9999999999,4267,155
1194,5154,Hardik,Lakers,INDIA,20,Male,,Cricket,24-08-2020,,42,1032563,77,1,2,0,,16720,Chennai,Cloudy,win ,,4,84682, ,9634,,12,,9876543210,4355,53
1194,5153,Messi,MI,sri lanka,8,Female,Rahul Dravid,Cricket,,2316,1109,,27,1,7,1,50976,,Mumbai,Rainy,Win,,1,80742,cash,-870,93,3,user@yahoo,12345,24,137
1155,5127,Rohit ,MI,australia,44,female,Rahul Dravid,Tennis,12-01-2022,3040,1340,,53,5,4,0,,,Kolkata,,Lose,,5,84544,upiid,,82,17,xyz@,9999999999,197,103
1171,5006,Dhoni,Lakers,India,30,mal,None,basktball,05-01-2020,,2262,355485,66,7,6,3,,,,Sunny, lose,6.4,,84683,credit card,16930,94,15,,,2626,129
1078,5169, ,Lakers,Australia,9,femal, ,Cricket,13-08-2020,1962,1351,,163,6,7,1,,6667,Mumbai,,,,2,84355, ,4164,102,17,xyz@,,422,161
1040,5046,Smith,Barcelona,England,50,Female,Rahul Dravid,Cricket,11-05-2022,,1414,,101,3,4,3,,16368,Kolkata,,DRAW,6.3,,83608, ,,,1,xyz@,12345,1141,38
1062,5052,Messi,,,67,Male,,footbal,24-08-2020,4044,,,119,1,7,1,39870,13986, ,,Draw,,,83271,credit card,,,22,xyz@,9999999999,2053,57
1022,5186,Smith,MI,England,31,female,, ,04-03-2020,,818,,190,8,2,4,35554,, ,,DRAW,,5,82510, ,,,3,abc@gmail.com,9999999999,1120,161
1103,5037,Bumrah,KKR,australia,49,Mle,,,13-02-2021,4847,,236531,152,3,6,0,25668,,Mumbai,Rainy, lose,2.2,,84010,creadit card,,58,19,abc@gmail.com,,4167,176
1074,5196, Virat,RCB,australia,29,Mle,Rahul Dravid, ,31-10-2021,,1151,865503,47,8,7,5,,15993, ,Rainy,Win,,6,80093,netbanking,,,16,xyz@,9876543210,4527,3
1047,5052, ,KKR,INDIA,34,Mle,Rahul Dravid,footbal,09-06-2022,-1054,2327,,166,4,6,3,43984,19004,,rainy,Draw,4.1,,81375,netbanking,,1,19,user@yahoo,12345,4475,32
1159,5142,,Lakers,,55,Mle,None, ,12-05-2023,599,,1111669,46,6,1,3,17209,344,Bangalore,rainy,Draw,,,81131,cash,2581,10,5,,,1793,149
1056,5153, Virat,CSK,,61,male,Rahul Dravid,Basketball,,3870,,,20,4,7,2,32356,,Bangalore,Cloudy,,9.2,3,82516,upiid,,21,17,,9999999999,4903,68
1117,5047,Joe Root,MI,australia,8,Male,None,basktball,05-03-2022,4978,,,157,1,5,5,,, , ,Lose,,5,84963,upiid,,66,19,user@yahoo,,55,145
1099,5094,Hardik,MI,Sri Lanka,,mal,None,,12-05-2023,253,,,91,5,9,4,6907,10022,Bangalore,,,4.6,4,80090,netbanking,,96,26,user@yahoo,12345,2263,170
1123,5146,Rohit ,MI,Sri Lanka,28,Other,,Football,09-04-2021,,,1418149,158,6,2,3,4539,14496,Delhi,Rainy,Win,,,81479,credit card,,78,6,,9876543210,20,68
1160,5136,Rohit ,Lakers,,63,Mle,John Smith,,22-08-2021,1889,1096,69279,120,5,3,0,,,Delhi, ,Lose,,,80954,credit card,13842,84,12,xyz@,9876543210,3698,84
1151,5063,Rohit ,KKR,australia,37,femal,John Smith,footbal,15-11-2020,-522,,924090,115,2,6,4,48819,9897,Kolkata, ,DRAW,,1,82431,,,,8,,12345,290,12
1166,5092,Joe Root,Lakers,INDIA,13,mal, ,Cricket,12-05-2023,,2568,1260162,153,9,2,3,21578,,, ,Win,,1,80022,creadit card,8358,58,1,abc@gmail.com,12345,1994,45
1033,5181,Rohit ,RCB,INDIA,16,mal,Rahul Dravid,footbal,12-05-2023,5485,1100,916596,149,7,0,0,,2162,Chennai,Rainy,Win,3.4,,81725,creadit card,2079,,7,xyz@,9999999999,834,164
1183,5124,Dhoni,Lakers,INDIA,61,femal,Rahul Dravid,basktball,,,2391,539139,148,2,5,2,52462,16026,, ,DRAW,,3,84118,netbanking,,3,13,abc@gmail.com,9876543210,4283,80
1155,5178,Messi,KKR,,14,male,,footbal,10-08-2022,437,355,201483,0,4,2,2,18361,,Mumbai,,Lose,6.3,6,83305,creadit card,,14,21,,,4309,179
1164,5038,Ronaldo,CSK,australia,46,Mle,,footbal,15-11-2021,,2761,209091,164,8,9,0,6232,5079,Mumbai,,DRAW,1.7,0,81721,,-147,,23,,,1914,135
1006,5003,Smith,KKR,england,41,Male, ,Cricket,28-07-2023,830,220,1259427,76,4,5,4,10591,8307, ,Sunny,win ,,4,81440,cash,15429,29,17,xyz@,,2601,161
1195,5125,Smith,Lakers,australia,43,mal, ,Cricket,,,,,84,6,9,0,45480,16046,Chennai,, lose,,,84670,netbanking,,,29,,,1501,48
1164,5002,Rohit ,RCB,,57,male,,Cricket,24-12-2023,-1597,2594,121534,45,6,2,5,35347,,Delhi,Cloudy,DRAW,,,82150,upi,,,26,abc@gmail.com,9876543210,3321,194
1055,5063,Hardik,,Australia,15,male,John Smith,Football,12-11-2021,,-104,799582,136,4,5,0,38584,3238,Chennai,Cloudy,Lose,2.3,2,82547,credit card,19982,,0,,9876543210,4688,33
1064,5028,,KKR,India,45,Female, ,basktball,21-04-2021,-65,,766578,144,1,3,2,,6337,Mumbai,,DRAW,,,84923,upiid,,74,22,user@yahoo,9876543210,4136,84
1192,5115,Ronaldo,Lakers,Australia,16,femal, ,footbal,12-05-2023,,1934,170448,46,4,3,2,,,Chennai,,win ,,,83554,netbanking,15448,29,28,user@yahoo,,19,101
1046,5010,Joe Root,CSK,,38,femal, ,Tennis,17-01-2022,,,,58,6,9,2,,,Bangalore,Rainy,DRAW,,6,80188,credit card,18358,34,8,xyz@,,1032,155
1147,5096,Messi,CSK,australia,39,mal, ,Basketball,12-05-2023,-282,,,53,6,9,5,18605,,,Rainy,,,5,80459, ,,,8,xyz@,9999999999,824,47
1018,5101,Joe Root,Barcelona,INDIA,43,Other,None,basktball,07-01-2021,,1805,869217,85,3,1,3,13816,,Mumbai,,DRAW,,,82236,netbanking,15183,10,1,abc@gmail.com,,3274,85
1156,5185,Ronaldo,KKR,,43,male,Rahul Dravid,footbal,27-02-2020,-696,1541,957571,11,0,3,5,6219,16884,,,win ,9.8,0,84446,credit card,12508,,15,abc@gmail.com,9999999999,3661,194
1187,5154,Messi,MI,India,54,femal,Rahul Dravid,Cricket,,,2599,1489118,191,5,3,3,,8597, ,,Lose,3.4,,80580,upi,18851,,3,xyz@,12345,3793,43
1145,5020,Bumrah,RCB,australia,56,mal,None, ,09-02-2022,5504,214,,5,2,6,5,,,Chennai,Cloudy,win ,4.3,,82161,creadit card,6163,54,12,xyz@,,747,80
1162,5038, Virat,,England,29,male, ,basktball,12-05-2023,,,248475,52,4,4,1,12701,9396,Bangalore,Cloudy,Draw,,,84715,creadit card,349,,16,,12345,4081,147
1170,5101, ,Lakers,sri lanka,15,male,John Smith,Football,17-05-2022,,,1216356,143,3,7,3,,6404, ,rainy,Win,,5,81531,credit card,,117,10,,,2366,196
1125,5045,Messi,CSK,sri lanka,47,male, , ,09-12-2020,3590,2914,,89,1,6,4,19236,13362,Bangalore,,Win,6,,81368,credit card,,,22,,9999999999,967,138
1138,5065, Virat,MI,england,59,Female, ,,01-07-2022,,,323342,4,6,9,4,48577,18438,Bangalore,Sunny,DRAW,3.8,,82434,upiid,,,1,abc@gmail.com,12345,3547,22
1048,5090,Hardik,CSK,Sri Lanka,10,Male,,Tennis,22-09-2023,5734,,328387,72,4,8,2,11493,19692,Delhi,,Win,,0,82991,upi,15832,,3,,,4347,194
1112,5163,,KKR,,58,femal, ,basktball,12-05-2023,-697,,235074,173,6,7,5,30673,,, ,Draw,5.1,3,82902,upi,,64,11,xyz@,9876543210,4435,130
1037,5110,Rohit ,Lakers,INDIA,61,female,Rahul Dravid,,05-12-2023,,1945,632425,13,8,8,0,53645,5863,,Sunny,Lose,5.3,4,82530,cash,,,1,,12345,2798,108
1063,5081,Smith,KKR,England,48,female,None,,05-12-2023,,-170,451393,171,3,0,2,21748,349,Delhi,Cloudy,DRAW,5.7,,80472,,,25,0,abc@gmail.com,12345,3015,98
1068,5122,Joe Root,Lakers,,28,Mle,,Basketball,29-10-2023,5200,1959,,190,4,9,0,,2575,,Rainy, lose,6.3,0,80858,upiid,3251,,22,user@yahoo,9999999999,1804,18
1135,5192,Hardik,Barcelona,INDIA,23,Other, , ,07-10-2022,3957,1915,,105,8,2,5,48005,,, ,DRAW,2.1,,82989,cash,,,5,,9999999999,2678,128
1161,5190,Rohit ,KKR,,27,Male,,footbal,13-12-2021,,2035,,51,9,4,2,48872,,Bangalore,Rainy,win ,,1,82440,credit card,,,15,abc@gmail.com,9999999999,2023,19
1175,5098,Ronaldo,RCB,sri lanka,42,Mle,Rahul Dravid,Tennis,08-10-2021,4268,-402,1301018,115,3,8,2,,17531,Kolkata,rainy, lose,7.9,,83706,credit card,2907,,1,,12345,400,158
1115,5034, Virat,RCB,England,60,Other,Rahul Dravid,Football,06-12-2022,2323,459,520195,25,4,7,4,10628,3904,Bangalore, ,,1.2,,81712,credit card,10389,51,13,user@yahoo,9876543210,2418,134
1183,5158,Dhoni,RCB,sri lanka,35,Mle,,,09-12-2022,5470,1318,143913,52,4,9,0,50262,,Mumbai,, lose,7.9,6,80515,,,5,19,abc@gmail.com,9876543210,4432,27
1064,5155,Bumrah,MI,England,26,Other,,Basketball,01-04-2022,,,,108,7,6,1,26436,15054,Chennai,,DRAW,8.8,,82393,credit card,,,11,user@yahoo,12345,1923,15
1030,5102,Bumrah,,england,10,mal,John Smith,Basketball,25-05-2021,-515,,1366308,28,3,1,1,24492,6914,Delhi,,,7.4,5,81375,cash,,69,26,,9876543210,1368,159
1131,5128,Messi,,Sri Lanka,62,Mle,Rahul Dravid,Tennis,11-10-2021,2070,594,638802,18,3,5,2,48453,,,,DRAW,,5,83669,upiid,-858,,18,xyz@,12345,2320,172
1112,5024, Virat,KKR,,14,Mle,Rahul Dravid,Basketball,,337,,,46,6,3,5,30512,10874,Mumbai,Cloudy,Win,9,,82390,,-49,,27,abc@gmail.com,12345,3324,138
1108,5042,Hardik,,INDIA,11,femal,Rahul Dravid, ,21-01-2024,4389,,630029,135,4,4,2,,,Chennai, , lose,,,83262,upiid,,,2,,12345,1877,149
1177,5083,Dhoni,Lakers,sri lanka,68,femal, ,Tennis,,,,1466235,22,5,4,4,,15430,Mumbai,Sunny,Win,,,84638,upi,2670,,18,,12345,2687,175
1068,5194,Rohit ,Lakers,Sri Lanka,27,female,None,,16-01-2022,-446,1965,,116,5,3,0,53162,, ,,DRAW,,5,82866,netbanking,16126,,10,xyz@,,1397,183
1157,5190,Messi,KKR,INDIA,50,mal,John Smith,Cricket,19-06-2022,,-169,707416,105,5,3,2,19017,,Kolkata,,Win,,3,81059,upi,,,3,,9999999999,3675,123
1119,5050,Joe Root,CSK,Sri Lanka,69,femal,None,Cricket,21-02-2021,780,1973,252812,162,9,3,5,,,Bangalore,Rainy,Draw,,,80756,credit card,,66,16,abc@gmail.com,9876543210,1919,95
1087,5129,Bumrah,KKR,england,16,male, ,Basketball,20-08-2022,,1705,,52,4,1,1,,,Kolkata,Rainy,,,,83495,cash,,3,16,xyz@,,5,164
1186,5125, ,Barcelona,India,52,Female, ,Basketball,24-06-2021,-399,,,95,4,0,0,,,Chennai,Rainy,,,,80187,upi,4948,,6,xyz@,9999999999,585,127
1066,5191,Bumrah,Barcelona,,24,female,John Smith,footbal,02-01-2020,,,403348,185,8,1,2,18957,1969,Kolkata, ,DRAW,5.4,4,82381,upiid,10790,,4,,12345,1521,74
1074,5068, ,Barcelona,india,60,female,Rahul Dravid,Cricket,19-10-2021,3835,,,4,7,6,0,,,Bangalore,,DRAW,3.7,6,84578, ,14907,,18,xyz@,,3878,58
1044,5008,Joe Root,RCB,England,32,femal, ,Basketball,02-09-2023,,2052,593644,15,3,0,4,27553,, ,Cloudy,Lose,,,82714,upiid,,,24,user@yahoo,,3469,147
1003,5001,Dhoni,RCB,Australia,17,Male, ,footbal,11-01-2020,-955,1736,,16,6,5,1,,,Kolkata, ,DRAW,1.8,4,80295,cash,,,20,,12345,821,192
1153,5161,Messi,Barcelona,australia,25,Other,,basktball,,215,,,159,7,3,5,,,Bangalore,, lose,,5,83533,upi,,,25,,9876543210,4333,110
1154,5187, ,MI,Australia,29,Female, ,Cricket,04-07-2020,4788,1797,,101,8,1,0,26963,,Delhi,Rainy,win ,,,84140, ,5506,,18,user@yahoo,,3093,138
1173,5188,Dhoni,MI,Australia,62,male,None,Tennis,01-07-2020,,-142,434869,179,4,2,1,,,,, lose,,,84042, ,,108,8,user@yahoo,,3112,49
1106,5158,Joe Root,RCB,INDIA,34,Mle, ,,26-02-2021,,1747,-7198,19,2,6,2,36512,8346,Chennai,Cloudy,Draw,4,1,82042,,,,16,xyz@,,857,182
1191,5009,Hardik,KKR,australia,,femal,John Smith, ,,4350,2316,89387,111,3,5,5,,15758,Delhi, ,DRAW,1.4,7,84270,upi,19846,,29,user@yahoo,,2305,61
1050,5113,Joe Root,MI,,12,femal,, ,14-07-2022,4782,2425,,119,9,5,5,,2203,Kolkata,rainy,Draw,,2,83051, ,,84,8,,9999999999,2550,187
1049,5075,Smith,KKR,india,,female,Rahul Dravid,Football,04-07-2020,5093,522,,193,5,7,3,5972,16795, ,Cloudy,Draw,2.5,3,81800,credit card,,119,13,user@yahoo,9876543210,2186,130
1005,5163,Rohit ,Lakers,,41,Female, ,Basketball,24-08-2023,3020,2902,1315929,110,9,7,0,53276,15789,,rainy,win ,,,83904, ,5504,43,4,,9999999999,1225,75
1058,5084,Ronaldo,,Australia,31,male, ,Tennis,05-12-2023,,,289899,0,4,5,1,,,Bangalore,Sunny,DRAW,10,,83781,,,56,21,abc@gmail.com,,2556,8
1124,5048,Rohit ,RCB,England,12,Male, ,Football,20-08-2022,-158,2560,549725,57,8,0,0,,18845,Delhi,Sunny,Draw,,0,82261, ,,,1,xyz@,,653,147
1142,5069,Joe Root,,Sri Lanka,39,Male,,Tennis,14-05-2022,1081,,146987,92,2,9,2,,8613,,,win ,1.9,,81522, ,,,23,,12345,1339,196
1029,5176,Hardik,CSK,Sri Lanka,27,female,John Smith,Cricket,,-186,,771473,171,1,6,2,52498,,Delhi,Cloudy, lose,,4,84853,cash,,99,14,,,4556,142
1169,5130,Messi,CSK,,55,mal,None,basktball,05-12-2023,403,2446,1049075,5,5,7,5,11556,,Bangalore,rainy,win ,,7,81420,upi,,,15,,,2717,22
1121,5132,,CSK,,27,male,None,Football,22-09-2020,,,,107,6,4,5,24804,15018,Bangalore,,,,2,84592,,18927,16,18,user@yahoo,9876543210,3392,17
1124,5188,Rohit ,CSK,India,34,male,,Basketball,24-12-2023,4266,,1113891,102,4,3,1,44910,,,Sunny,,1.2,6,80104,cash,17364,35,0,xyz@,12345,1062,107
1036,5089,Messi,CSK,sri lanka,9,Female,,Cricket,31-10-2020,,,953767,49,0,6,4,,,Mumbai,Cloudy,Lose,3.6,,83623, ,4536,,22,abc@gmail.com,,4528,63
1169,5025,Rohit ,Barcelona,Australia,9,Female,None,Tennis,12-05-2023,1933,,340241,117,2,5,0,7318,17039,,Sunny,,,3,80478,creadit card,,,11,,,2532,122
1123,5071,,CSK,Australia,,Other,None,Football,25-02-2021,4873,,,109,2,5,0,,797,Delhi,,Lose,8.4,,80692,cash,9276,,18,abc@gmail.com,12345,1608,26
1100,5004,Ronaldo,CSK,England,26,female, ,,12-09-2021,,1695,749222,199,3,2,2,,,Kolkata,,Lose,,3,83038, ,14060,8,19,abc@gmail.com,9999999999,1081,164
1034,5014,Bumrah,CSK,,28,male, ,,22-05-2020,-1027,1568,,87,9,9,0,,7933,Bangalore,,,,5,82969,credit card,12657,,14,user@yahoo,,2648,117
1086,5122, Virat,CSK,India,19,Other,None,,26-08-2022,-1316,2142,295223,19,5,3,1,18924,11207,,Sunny,Lose,9.1,,80193,upiid,,65,4,,12345,4750,45
1133,5143,Joe Root,MI,england,53,Other, ,Cricket,21-03-2022,,,1036094,13,4,4,3,,6123, ,,Lose,,,81489,cash,12663,,0,,,2654,30
1195,5000,Hardik,Barcelona,,13,male,John Smith,Football,,,,,132,0,8,5,,,Bangalore,Cloudy,Lose,5.9,6,80058,cash,,22,10,,12345,155,116
1017,5143,Joe Root,MI,india,63,mal,,Basketball,05-12-2023,5655,2209,714437,168,5,7,2,,,,,DRAW,,3,81886,upi,17445,39,26,xyz@,,4296,149
1112,5164,Ronaldo,Lakers,England,16,Mle,None,footbal,07-05-2020,-1592,2771,,39,8,2,5,37020,, ,,,5.7,,83609,upi,,,8,,9999999999,3069,148
1028,5002,Dhoni,,sri lanka,67,female,None,Basketball,24-08-2021,484,172,,33,0,5,5,,13,Delhi,,,,5,84573,cash,,54,6,xyz@,9876543210,1963,170
1076,5179,Rohit ,RCB,india,41,femal,John Smith, ,,2660,,756804,123,7,9,5,,, ,rainy,DRAW,,,82580,creadit card,,114,1,abc@gmail.com,9876543210,4594,90
1058,5046,Smith,CSK,australia,46,femal,,basktball,12-11-2022,1856,,566281,44,7,0,3,22919,,Chennai,,Win,5.2,7,81968,cash,,,28,abc@gmail.com,12345,1234,119
1174,5094,Bumrah,KKR,sri lanka,46,femal,,basktball,,,2423,85227,198,2,2,0,13015,,Bangalore,,Win,,,84687,credit card,,,16,xyz@,9999999999,1476,184
1125,5012, Virat,RCB,sri lanka,62,femal,Rahul Dravid, ,08-05-2023,,2138,,79,8,9,4,51279,,Bangalore,rainy, lose,,,84934,upiid,18339,,15,abc@gmail.com,9999999999,3755,140
1144,5119,Rohit ,RCB,sri lanka,14,male, ,Cricket,05-12-2023,-555,-329,,70,7,6,5,54843,10420,Kolkata,Cloudy, lose,,,84053,creadit card,,40,15,abc@gmail.com,,830,8
1108,5054,Joe Root,CSK,india,31,male,None,,02-05-2021,,2754,,154,2,6,1,,16450,Kolkata,rainy,Lose,,0,84644,upiid,,,13,user@yahoo,12345,3728,93
1021,5148,Hardik,KKR,India,15,Mle,John Smith,footbal,11-03-2022,2673,2284,,77,9,1,5,41533,,Kolkata,Sunny,win ,3.9,7,83085,cash,,114,26,abc@gmail.com,,1342,117
1067,5065,Ronaldo,Barcelona,Sri Lanka,14,male,John Smith,,12-05-2023,913,,,77,4,2,5,7004,7498,Mumbai, , lose,,2,80220,netbanking,6014,82,1,user@yahoo,9999999999,2164,191
1068,5181,Messi,Lakers,,,femal,,Football,10-06-2021,4685,148,,171,2,6,0,15016,,Bangalore,Cloudy, lose,,,80875,upiid,,61,18,xyz@,12345,2744,56
1164,5154,Dhoni,KKR,sri lanka,24,male,,Tennis,23-04-2021,-1302,105,523324,32,4,5,1,37396,364,Bangalore,rainy, lose,,3,83462,credit card,9939,,27,,12345,4298,135
1048,5165, Virat,Lakers,Australia,57,femal, ,Basketball,07-07-2021,,,1404176,32,8,6,0,54195,,Delhi,, lose,,,82725,cash,15638,,2,,9999999999,1844,62
1140,5089, ,MI,Australia,29,Female,None, ,30-05-2022,,,,43,3,9,5,51715,5693,,Cloudy,DRAW,9.3,1,81196, ,,87,7,,9999999999,461,121
1161,5185, Virat,,australia,28,mal, ,,12-08-2021,,1625,177103,19,5,8,0,49490,,Delhi, ,win ,7.5,,82709,upiid,12869,70,20,user@yahoo,12345,2991,61
1108,5061,Hardik,MI,INDIA,64,Female,,Tennis,12-03-2021,,2780,,110,2,7,0,46320,10582,Chennai, ,,,,82731,upiid,14872,,24,,12345,1578,138
1085,5101,Smith,CSK,,15,femal,Rahul Dravid,basktball,30-08-2023,4999,,1218381,163,2,5,2,,,Kolkata,rainy,Lose,1.6,,80335, ,,,18,abc@gmail.com,9876543210,200,50
1052,5173,,KKR,Australia,19,Other,,basktball,12-10-2023,5628,595,565124,6,4,3,3,40371,, ,Rainy,,,7,80224, ,,18,15,abc@gmail.com,12345,515,148
1122,5138,Ronaldo,Lakers,Australia,44,femal,John Smith,basktball,10-05-2021,5202,-476,1347365,159,7,9,4,18459,,,,Win,9.4,,83941,,581,100,21,abc@gmail.com,12345,4839,28
1086,5199, Virat,RCB,Sri Lanka,21,Female,None,Basketball,25-01-2020,,,,194,7,8,3,,,Kolkata,, lose,6.6,4,84283, ,16485,15,3,,,4970,142
1178,5007, ,KKR,INDIA,45,Other, ,Cricket,01-11-2023,,525,1189082,166,2,6,3,45039,10108,,rainy,DRAW,6.8,6,81247,cash,,,7,,9999999999,2396,76
1130,5096, ,Lakers,India,59,Female,,Basketball,27-05-2022,5974,889,1168216,23,7,4,1,9213,13201, ,Rainy,Lose,6.8,,82690, ,,,27,abc@gmail.com,12345,3231,8
1041,5116,Rohit ,,,13,Male,,Basketball,19-10-2021,4155,,88100,69,7,1,2,56839,5150,Mumbai,Sunny,Lose,8.9,,83957,,3243,87,0,abc@gmail.com,9876543210,3696,135
1097,5198,Ronaldo,Barcelona,australia,22,femal,,basktball,16-08-2020,,,,111,2,8,2,56731,10534,Mumbai,, lose,,5,84589, ,,87,3,,,1275,5
1159,5063,,Lakers,sri lanka,11,Male,,Basketball,10-04-2021,1193,,1251412,103,9,6,0,,7356, ,Sunny,Draw,7.9,,81886,upi,13425,,6,user@yahoo,,3293,1
1108,5020,Smith,Barcelona,australia,25,Male,,basktball,25-11-2023,-1041,,,53,9,8,3,5082,,Mumbai,Rainy,Lose,,4,80310, ,,,24,abc@gmail.com,,1629,111
1050,5199,Joe Root,RCB,india,27,femal,,,23-07-2021,-180,,,37,1,8,4,2962,,, ,Win,2.4,7,82568,upiid,,45,28,,,4018,73
1084,5114,Bumrah,CSK,Australia,61,Mle, ,footbal,17-10-2022,1186,,820994,73,9,9,1,,16791,Mumbai, ,Lose,3.1,3,81604,netbanking,12994,,0,user@yahoo,,4489,106
1173,5190,Bumrah,CSK,india,56,Female,None,Football,01-04-2021,,,,79,1,4,2,,16380,Bangalore, ,DRAW,,,83982,creadit card,6134,,23,,,2016,10
1126,5084,Messi,Lakers,INDIA,43,Mle,,footbal,30-08-2023,1013,-323,241426,31,8,6,0,,4122,Mumbai,Sunny,DRAW,,,80368,credit card,9595,,17,,9999999999,166,186
1020,5191,Ronaldo,CSK,sri lanka,56,Other,John Smith, ,03-06-2022,-1800,381,,44,6,4,4,39497,,Kolkata,,Lose,6.4,,83546, ,8176,,3,abc@gmail.com,9876543210,975,65
1043,5019,Messi,MI,australia,42,Other,John Smith,footbal,11-07-2020,-1842,1576,951755,60,5,2,3,,15616,Kolkata,rainy,,,,84841,creadit card,8089,,19,,9876543210,4547,188
1138,5007,Messi,KKR,India,66,Mle,, ,07-01-2022,,-166,83708,197,6,9,4,54662,,Chennai,rainy,,,,80997,cash,,79,13,user@yahoo,,859,148
1102,5057,Dhoni,Lakers,Australia,62,Mle,,Football,09-05-2021,,1969,22650,52,7,7,2,,, , ,,,1,80496,credit card,16786,109,7,,,3944,58
1067,5045,Bumrah,KKR,Australia,13,Other,None,basktball,09-12-2023,,,,127,0,7,1,56929,,Kolkata,Rainy,DRAW,3.1,,80963,netbanking,10397,114,26,,9999999999,209,171
1128,5030,Joe Root,Barcelona,Australia,59,female, ,Tennis,09-04-2020,,-220,,178,7,8,3,1698,,Delhi, ,Draw,4.7,6,82004,upi,16566,78,17,xyz@,9999999999,4863,157
1091,5092, Virat,Barcelona,,53,femal,John Smith,Cricket,,3266,,,75,2,5,1,,,Chennai,,Win,6.1,,81198,netbanking,,49,6,,9999999999,1608,2
1190,5008,Joe Root,Barcelona,,43,female,,footbal,07-02-2020,,2126,,183,2,1,5,,,,rainy,,,,82345,,,62,2,,9999999999,213,154
1023,5014,Smith,Lakers,Sri Lanka,67,femal, ,Football,27-11-2022,,,,26,5,2,4,,,Delhi,Sunny,Lose,,,80576,credit card,,,24,,9876543210,3431,59
1124,5093, ,CSK,Sri Lanka,44,male,None,Football,18-03-2023,5958,2650,,165,3,9,4,35212,,,, lose,5.5,3,83160,upi,5108,,20,,9876543210,972,105
1140,5153, Virat,RCB,india,63,Mle,,Cricket,06-02-2020,,,,61,3,5,0,53000,,,Rainy,win ,,2,80053,cash,,,13,xyz@,9999999999,3799,1
1110,5137,Smith,,sri lanka,52,Other,Rahul Dravid,Basketball,02-03-2023,,-129,326303,17,3,0,3,,5773, ,,DRAW,,7,83432,cash,,92,11,abc@gmail.com,9876543210,303,31
1097,5028, Virat,Barcelona,India,42,Mle,None,,07-09-2023,2119,2242,,126,9,1,4,,,Kolkata, , lose,,0,80228,,,,14,abc@gmail.com,9999999999,1835,38
1138,5079,Smith,RCB,England,27,Female,,,05-12-2023,,,125102,108,8,7,2,47494,3204, ,rainy,,9.1,,80778,creadit card,344,,7,,12345,860,22
1178,5035,Dhoni,KKR,,66,Other, ,Football,14-03-2023,-142,,,102,7,7,5,,,,Rainy,Win,,,83830,cash,8043,,4,,12345,4047,194
1016,5083,Dhoni,CSK,india,43,Female,,basktball,05-12-2023,5584,,637541,191,2,5,2,,6104,Delhi,rainy,Lose,6.3,3,80984,,,,16,xyz@,12345,1855,175
1098,5108,Messi,Lakers,Australia,50,femal,,Football,09-11-2020,-1123,,,76,0,2,1,11437,1878,Kolkata, ,DRAW,,4,84468,netbanking,-493,44,24,,,3461,1
1081,5117,Ronaldo,KKR,Sri Lanka,27,Mle,None,footbal,23-03-2022,2851,332,1021270,116,0,1,5,,18240,Mumbai,rainy, lose,4.6,,80468,upi,,86,9,xyz@,9876543210,2167,88
1103,5036, Virat,KKR,india,14,Other,None,,26-05-2023,2390,,,103,0,5,5,,14758,,Rainy,Win,7.6,5,82467,creadit card,2716,33,10,user@yahoo,12345,1633,178
1151,5085,Hardik,,Sri Lanka,65,female,John Smith,Cricket,12-08-2021,,2623,,157,3,0,2,26249,12449,Mumbai,rainy,win ,5.1,,81849,upi,,,27,,9876543210,2474,164
1018,5070,Messi,KKR,india,33,Mle,Rahul Dravid,,13-07-2020,,,,48,5,9,4,37394,,,Rainy,Lose,,3,80531,creadit card,,118,22,,12345,2377,173
1164,5150,Joe Root,Lakers,Sri Lanka,56,Mle,None,Football,05-07-2021,5963,653,1216029,168,3,5,2,24895,13095,Bangalore,Sunny, lose,,0,83035,creadit card,16988,75,15,,,1750,164
1084,5168,Dhoni,Lakers,Australia,67,female,,Cricket,22-01-2024,705,,815326,115,2,8,3,,,Chennai,,DRAW,9.5,1,80561,,,68,15,,9876543210,2682,162
1007,5092,Bumrah,Barcelona,india,10,Male,,basktball,19-02-2022,-1236,,702007,140,7,6,1,,16873,Bangalore, ,Draw,7.8,,80089,netbanking,2498,106,3,user@yahoo,9999999999,3411,9
1027,5079,Dhoni,Lakers,sri lanka,27,femal, , ,16-08-2023,2880,,233697,161,7,8,5,,5945,Mumbai,Sunny,Draw,10,,81406, ,13131,53,22,,,4659,110
1004,5101,Bumrah,CSK,,66,female,None,Football,11-11-2022,4094,,,99,5,1,3,,,Delhi,Cloudy,DRAW,,,84464,upiid,,93,4,,12345,4275,84
1144,5155, Virat,,Australia,64,Other, ,Football,05-09-2023,5823,,135797,124,8,4,4,1835,,Chennai,Sunny,,,,83145,upi,,47,9,abc@gmail.com,,4385,132
1100,5175, Virat,KKR,,34,Male,,Football,16-02-2021,-1569,,43614,24,9,8,4,22924,,Chennai,,DRAW,,,81292,cash,,,13,user@yahoo,12345,4282,63
1163,5165,Smith,CSK,Sri Lanka,13,female,John Smith,Basketball,,1118,2375,346293,193,0,6,2,,,,Cloudy,DRAW,2.3,,84110,upi,,,8,,,485,132
1117,5158,,CSK,australia,50,female,Rahul Dravid,Tennis,08-04-2023,,,,127,7,8,0,,19924,Kolkata,Sunny,Draw,,2,83781, ,19672,,17,user@yahoo,9876543210,1360,133
1146,5013,Bumrah,RCB,,29,Female,John Smith,,,,13,177061,99,5,5,5,,,Delhi, ,Lose,,,84067,,7987,,19,user@yahoo,,772,138
1063,5116, ,RCB,India,25,female,,Basketball,05-12-2023,,734,1414648,145,0,6,5,19556,1186,,rainy,,5.6,5,83505,creadit card,,76,5,,,3777,108
1090,5072,Rohit ,CSK,,55,mal,,basktball,15-06-2020,,,183275,4,3,9,0,,,Bangalore,Sunny,Win,,3,82391,,,,10,user@yahoo,12345,1832,172
1116,5090,Joe Root,Barcelona,england,11,Female,None, ,17-10-2022,,1003,,18,4,4,4,,,Chennai,, lose,,1,81218,upiid,954,,20,,9999999999,1299,40
1097,5089,Messi,CSK,india,16,Female,Rahul Dravid,,05-12-2023,2562,-263,1070227,169,6,5,4,14685,6633,Delhi,Cloudy,Draw,,4,81945,upiid,5366,79,16,user@yahoo,12345,181,36
1010,5028,Smith,MI,Sri Lanka,12,female,None,footbal,05-12-2021,,,,17,7,0,5,,4321,Chennai,, lose,7.3,,82252,,9337,54,8,,9876543210,1262,35
1053,5178, Virat,Barcelona,,14,female,,basktball,09-09-2020,-689,-241,1422370,120,8,0,1,,,,Sunny, lose,,5,83891,netbanking,,,24,xyz@,,3905,59
1172,5048,Joe Root,RCB,Australia,68,male,None,Football,03-12-2023,2716,2458,98841,31,5,1,5,,10123,,rainy,win ,9.5,7,81674,netbanking,4595,106,2,,,145,193
1046,5170,Messi,KKR,,68,mal, ,Cricket,07-07-2020,,1659,328301,148,9,3,4,42345,5046,Mumbai,rainy,Draw,,,80775,upi,,16,15,abc@gmail.com,,3942,116
1139,5071,Ronaldo,CSK,,45,Male, ,footbal,14-10-2022,,909,,9,8,8,4,,7995, ,rainy,DRAW,,,84781,,,,19,,9999999999,1839,31
1148,5132,Hardik,MI,,8,Other,,basktball,21-10-2020,,366,,36,3,6,1,16076,,,Cloudy,Win,5.1,7,83567,upiid,,35,3,user@yahoo,9876543210,4594,174
1138,5041,Rohit ,KKR,Sri Lanka,14,male,John Smith,Football,21-04-2021,,,1389792,176,7,5,3,,8127,, , lose,5.9,4,82765,upiid,,,25,,,802,49
1004,5134,,RCB,India,65,Female,,basktball,03-01-2021,-177,-104,,85,2,0,3,49719,,Mumbai,Sunny, lose,,0,80224, ,11313,,23,user@yahoo,9999999999,1998,134
1183,5041,Bumrah,KKR,australia,38,femal,None,Football,05-12-2023,1543,,,12,3,4,1,,18768,Chennai, ,,4.5,,80063,cash,-602,,21,xyz@,,3950,198
1019,5163,Bumrah,KKR,england,10,male, ,footbal,25-01-2020,,1783,,182,9,3,1,,2554,Bangalore, , lose,1.9,,81787, ,6804,,14,,9876543210,1318,106
1168,5104,Smith,RCB,,38,Other,None,Football,12-05-2023,899,,,144,3,4,3,5985,16817,Bangalore,rainy,DRAW,,,83850,upi,18362,,1,xyz@,,4626,19
1045,5026,Rohit ,KKR,australia,59,Other,,Football,12-09-2022,,,655751,8,5,8,3,,515,,Sunny,,,,81375,creadit card,,70,19,user@yahoo,,3798,96
1011,5057,Ronaldo,CSK,Sri Lanka,31,female,None,Football,06-11-2022,771,122,,87,8,2,3,17129,4075,Chennai,Sunny,Lose,1.5,,83534,upiid,,,16,xyz@,,2258,170
1069,5045,Dhoni,MI,,33,Male,,Football,16-06-2023,,,799894,171,5,3,3,25232,11450,Mumbai,Rainy,Win,,,83915,creadit card,,,18,xyz@,12345,2940,30
1016,5065,Hardik,KKR,INDIA,42,Mle,,basktball,18-09-2023,-702,,,45,0,7,5,,,Delhi,rainy,win ,6.1,,84452,,,,19,,,4061,26
1114,5024,Hardik,CSK,England,14,mal,,Cricket,20-09-2023,1612,,785860,135,4,2,5,11471,8128,Bangalore, ,Win,5,,80092,netbanking,,,15,,9876543210,2052,131
1146,5072,Joe Root,MI,sri lanka,24,male,None,Tennis,08-04-2021,,,383025,118,8,2,2,,5410,Delhi,rainy,Win,,,82742,upiid,,,23,,,3852,161
1153,5116, Virat,,Sri Lanka,18,femal,,Football,05-01-2020,,1809,-1019,164,4,8,1,,,,,Lose,,6,81677, ,17999,25,18,,9876543210,215,50
1047,5154,Dhoni,RCB,sri lanka,45,Female, ,footbal,05-01-2022,,1029,910510,18,5,4,0,,,Bangalore,,Draw,,,83666,credit card,-459,,20,user@yahoo,9876543210,785,159
1107,5128, Virat,KKR,australia,68,femal,None,Basketball,26-01-2023,4105,,799884,190,2,9,2,45581,,Mumbai,, lose,8.7,,83864,upiid,10552,,16,user@yahoo,,1635,111
1051,5086,Smith,KKR,,43,male, ,Tennis,17-12-2023,,,,173,7,0,0,9686,10753,,,Win,,0,82481,credit card,,,28,user@yahoo,,2299,196
1095,5073, Virat,MI,australia,65,Female,John Smith,Football,07-10-2023,,2195,983280,93,9,6,0,,,Mumbai,,Win,8.2,6,84936, ,11383,86,3,user@yahoo,9999999999,3752,96
1069,5169,Rohit ,CSK,australia,58,Other,John Smith, ,31-07-2022,1193,1444,1066599,198,3,6,4,,,Mumbai,Cloudy,,,0,81401,,,,17,,,3109,82
1182,5179,Rohit ,CSK,sri lanka,23,Mle,,Cricket,31-03-2021,,561,674622,25,3,5,1,,,,Rainy,Win,,2,81606,netbanking,8363,,3,,12345,4323,138
1101,5152,Joe Root,MI,Australia,13,mal,,basktball,14-05-2022,,2806,1437169,45,4,5,5,25934,5473,Delhi,Rainy, lose,,,83956,upi,18189,23,20,,9876543210,284,22
1074,5181,Smith,RCB,England,29,femal,,basktball,26-05-2020,2817,,,117,9,2,2,41447,17363, , ,Lose,,,83409,,,63,2,,,3581,191
1160,5124,Joe Root,KKR,australia,18,female,, ,05-12-2023,,1463,1114235,45,8,2,1,,,,, lose,4.1,,83071,cash,,,29,xyz@,,2010,54
1189,5066,Ronaldo,RCB,,19,femal, ,Cricket,27-07-2020,,2939,,13,7,9,3,39361,,Mumbai,rainy, lose,,0,80897,netbanking,,3,21,,,2413,179
1150,5005,Messi,Lakers,sri lanka,49,female,,Tennis,05-05-2021,5697,,1084007,84,6,8,1,,,,Sunny, lose,2.4,,82931,,1501,,27,,12345,1643,81
1142,5124,,CSK,sri lanka,66,Other,John Smith,,,4194,,840825,62,4,0,0,,,Chennai,,,4.1,7,84587,credit card,1646,19,17,,9876543210,1127,132
1154,5057,,Barcelona,australia,44,Male,John Smith,Cricket,19-01-2021,410,857,,71,8,6,5,,,Kolkata,Rainy,win ,7.7,,83713,credit card,,30,20,user@yahoo,,3472,37
1191,5069,,Barcelona,,52,Female,None,basktball,31-03-2020,3669,1083,,2,8,9,3,,,, ,DRAW,4.4,,83131,creadit card,,15,19,xyz@,,1269,199
1178,5052, Virat,Barcelona,Sri Lanka,63,Female,,Cricket,27-03-2023,,159,,27,9,6,1,52067,2065,Bangalore,, lose,4.5,,81532,netbanking,5877,,4,user@yahoo,9999999999,3778,63
1180,5065, ,CSK,india,14,femal, ,,13-08-2021,135,,,124,9,7,1,14599,,Delhi,,,,7,81977,upi,,3,28,xyz@,9876543210,643,51
1081,5057, ,Lakers,INDIA,48,mal, , ,15-12-2020,,710,445898,156,1,5,5,1509,,Mumbai,Sunny,Draw,4.7,,81798,,,,8,abc@gmail.com,9999999999,2778,136
1091,5081,Bumrah,MI,Sri Lanka,59,Other,None,Football,15-09-2020,,454,109197,86,3,7,0,42503,841,,,win ,5.6,,81351,cash,1521,13,21,,,25,1
1178,5086, Virat,Barcelona,India,9,female, ,basktball,09-03-2020,2361,2280,,145,7,0,3,,,Kolkata,Sunny,,,,81838,,,7,22,,9999999999,3322,8
1174,5001,Rohit ,Barcelona,England,38,Mle,, ,08-12-2022,,817,,162,0,0,0,,10681,,rainy,Draw,,5,82560,netbanking,11357,,29,abc@gmail.com,9999999999,2045,81
1003,5149, Virat,KKR,sri lanka,21,Mle,,footbal,29-08-2022,,216,629733,76,4,8,5,2232,,Chennai,,DRAW,3.7,,82991,creadit card,3140,49,26,abc@gmail.com,9999999999,3937,105
1134,5036,Joe Root,CSK,Sri Lanka,54,mal,,Football,13-01-2024,,-256,,75,7,3,1,35006,2872,Mumbai, ,Lose,6.8,7,81663,cash,3290,,23,xyz@,,4807,183
1108,5147,,Barcelona,Sri Lanka,53,Other,John Smith,Cricket,02-08-2020,-1673,,912134,174,1,2,2,,,Chennai,Rainy,Win,6.5,,82397,netbanking,,,14,user@yahoo,12345,1025,112
1162,5102,Dhoni,CSK,INDIA,16,Female, ,footbal,,,-439,553401,113,1,5,2,21911,,Chennai,,Draw,,1,83203,credit card,,63,8,xyz@,9876543210,3830,137
1047,5023,Smith,RCB,INDIA,18,Other,None,Football,24-02-2023,5475,81,,132,7,9,4,2868,8739,,, lose,5,0,84641,upi,6042,,13,,9999999999,1068,179
1072,5111, Virat,,india,55,Other,Rahul Dravid,basktball,24-02-2021,-1434,2880,713373,74,9,8,2,4315,8982,,Rainy,DRAW,,,80598,upiid,6051,,20,xyz@,9999999999,938,144
1071,5064,Messi,,england,69,mal,None,Tennis,05-12-2023,1507,801,1279757,58,8,9,5,,,Bangalore,rainy,Win,,,82044,cash,,35,23,,9876543210,4098,181
1115,5192, Virat,Barcelona,,60,male,,,16-08-2020,,,,58,6,3,5,30034,, ,rainy,Win,,0,80258,netbanking,,,1,abc@gmail.com,9999999999,1472,59
1172,5128,Rohit ,Barcelona,australia,63,mal,Rahul Dravid,basktball,08-02-2023,,2795,703719,46,7,8,5,,,,, lose,1.3,5,84571,creadit card,,35,25,xyz@,,3647,45
1080,5116,Dhoni,MI,india,51,Female, ,Tennis,20-04-2020,,1288,,94,4,4,3,56834,,Bangalore,rainy,win ,,,81905,netbanking,,,24,abc@gmail.com,,2325,165
1080,5115,Rohit ,Lakers,Sri Lanka,40,Mle,, ,05-05-2023,-484,,,140,0,6,4,12174,16776,Bangalore, ,,,,83019,credit card,,,17,,,175,91
1112,5104,Smith,,England,23,female,,Basketball,,,2241,,77,3,2,3,,,Mumbai, , lose,4,,80387,cash,,,12,user@yahoo,12345,1143,66
1095,5002, ,,,34,female,,Basketball,01-06-2020,293,,507444,112,1,2,2,23403,, ,Sunny,,9.5,,83869,cash,2738,108,27,user@yahoo,9876543210,3510,192
1071,5045,Ronaldo,,,8,mal,, ,09-09-2021,89,1438,,108,2,2,2,52903,16696,Kolkata,, lose,1.7,,81861,upi,,,20,abc@gmail.com,,4062,36
1146,5054,Ronaldo,CSK,sri lanka,51,male,,Tennis,19-02-2023,,1581,,105,2,7,1,,,Bangalore,Rainy, lose,,3,83632,,15568,104,15,user@yahoo,9876543210,950,76
1062,5074,Dhoni,Barcelona,INDIA,41,Mle, , ,11-01-2023,,,,88,8,5,3,,19382,Bangalore, ,DRAW,,0,80797,credit card,16944,3,5,,,4436,50
1037,5191,Rohit ,CSK,Australia,64,mal,,basktball,23-07-2021,,2993,1191402,32,9,8,0,3264,9163, ,Sunny,Win,,5,82503,upi,,57,15,abc@gmail.com,9999999999,2744,99
1066,5044,Ronaldo,CSK,india,25,mal,,Cricket,18-04-2021,3005,580,912428,96,3,8,1,,,Mumbai,,Lose,2,6,84020,credit card,,92,3,,,120,95
1186,5153,,Lakers,Australia,44,Mle,John Smith, ,05-12-2023,,1058,,189,1,7,3,58682,,Chennai,,DRAW,,6,81925, ,,101,23,xyz@,,4670,181
1068,5076,Ronaldo,KKR,Australia,58,femal, ,basktball,06-10-2023,4862,776,674096,78,2,0,5,31234,,Kolkata, ,,8.6,6,83954,,,19,9,,,1920,185
1012,5192,Smith,KKR,australia,54,Male,None,Cricket,12-12-2020,2351,,1090954,15,2,5,4,,,Bangalore,rainy,win ,5.2,5,81627,credit card,,40,18,xyz@,9999999999,1684,147
1174,5023,Messi,Barcelona,sri lanka,57,Male,None,footbal,23-09-2021,,,1498001,43,6,3,3,38667,6440,Mumbai,,Win,,2,84312,upi,88,35,10,,9876543210,968,154
1188,5034,Joe Root,RCB,australia,61,Male, ,footbal,01-02-2020,,1895,555420,185,7,3,4,,14334,,Cloudy, lose,1.9,,80788,creadit card,,,28,,9999999999,3808,118
1030,5023,Smith,MI,England,20,Female,, ,30-12-2021,2117,2429,269970,119,5,2,4,,,Mumbai,,Win,,,82056,upiid,10444,88,4,xyz@,12345,4780,100
1113,5027,Bumrah,Barcelona,sri lanka,39,Male,None,basktball,28-11-2022,,,47845,133,3,8,2,16026,,Chennai,rainy, lose,,,81063,creadit card,14196,,17,,,3315,68
1021,5015,Bumrah,KKR,Sri Lanka,43,femal,,basktball,24-06-2021,,,265964,107,5,1,0,,2231, ,Sunny,DRAW,,6,84468,upiid,3740,,2,,9999999999,4738,112
1092,5058,Dhoni,,india,23,Other,John Smith, ,,,,,142,0,0,3,,17689,,,,8.8,6,81447,cash,,55,7,user@yahoo,,1104,171
1170,5181,Smith,RCB,,11,female,None,Cricket,26-02-2020,,,,3,9,9,0,,12672,Chennai,Rainy,Draw,,,80514,netbanking,,,10,,9876543210,4389,127
1066,5143,Rohit ,KKR,australia,35,Male,John Smith,footbal,02-03-2023,,,,55,7,2,4,,10045, ,Rainy,DRAW,4.9,2,84459, ,,,20,abc@gmail.com,,2505,95
1053,5014, ,Barcelona,,21,female,,footbal,21-10-2021,129,,55994,63,0,3,2,,,Mumbai,Sunny,Draw,,,81913,upiid,,6,29,user@yahoo,12345,4842,122
1137,5010, ,MI,Australia,47,femal,,Football,02-02-2024,,2463,80093,195,4,3,0,49013,,Delhi,Cloudy,Lose,,1,81951,creadit card,,,18,abc@gmail.com,12345,3884,186
1041,5192, ,MI,,50,male, ,footbal,12-09-2022,5552,302,1388928,161,1,5,1,,14381,Mumbai,Sunny,DRAW,,,80773,,,,20,xyz@,12345,732,127
1063,5078,Joe Root,,,32,Female,,,05-12-2020,3177,,,94,5,0,4,10905,12342,Kolkata,,,2.2,,80328,credit card,,,24,abc@gmail.com,12345,1581,103
1125,5114,,RCB,INDIA,20,Female,John Smith,basktball,26-12-2021,,2844,,55,8,0,1,,,Delhi,,,,0,80793, ,,,2,user@yahoo,,3679,59
1020,5067,Bumrah,Barcelona,England,60,mal,Rahul Dravid,Football,05-12-2023,,388,1370227,31,4,1,5,5753,13619,Bangalore,Sunny,Draw,,6,80961,cash,,,11,abc@gmail.com,12345,3852,46
1193,5042,Dhoni,KKR,INDIA,41,Mle,,Basketball,26-08-2021,2343,,1390908,115,3,3,0,28881,,, , lose,4.8,,84692,credit card,,9,14,,,2427,196
1168,5068,Ronaldo,Lakers,Australia,26,Mle,Rahul Dravid,,25-04-2021,,1742,,8,1,6,0,26876,16436,Mumbai,,Lose,5.9,,81410,credit card,,,25,xyz@,12345,323,40
1151,5140,Hardik,RCB,england,30,male,,basktball,,,1551,64868,190,2,5,0,,9147,,Cloudy,Draw,1.4,5,81137,upiid,,,22,,12345,3699,141
1034,5137,Dhoni,CSK,INDIA,16,Mle,,Football,02-05-2022,,,,104,5,8,5,,18027,Mumbai,Rainy,Lose,2.8,,84666,,,108,23,,,2992,121
1183,5074,Rohit ,RCB,INDIA,33,mal,John Smith,Cricket,13-08-2023,,,525726,199,7,6,3,33472,,,,Lose,3.4,4,81568,netbanking,16244,,15,,,361,105
1029,5102, Virat,Barcelona,,,Mle, ,,12-03-2021,,,1169709,77,7,4,4,,11876,Chennai,,Lose,,,84472, ,9771,5,4,abc@gmail.com,9876543210,2100,9
1056,5040,Bumrah,Barcelona,,45,Mle,None,Cricket,23-07-2020,,13,1048290,160,4,5,4,30942,14547,Bangalore,, lose,7,1,83274,credit card,,,18,abc@gmail.com,12345,4497,66
1046,5177,Ronaldo,Lakers,INDIA,34,Other,John Smith,footbal,11-01-2024,,977,,86,4,9,4,34394,9209,Delhi,rainy,win ,,,83273,netbanking,3054,29,26,abc@gmail.com,,4776,53
1162,5198,Smith,RCB,England,66,femal,,Basketball,,,,,20,9,8,3,,1272,Bangalore, ,DRAW,1.1,,83469,,,111,5,,9876543210,1892,81
1018,5058,Ronaldo,Lakers,sri lanka,45,Other,John Smith,,23-04-2023,5589,2007,183149,54,2,0,0,,19963,Bangalore,,,8.6,,81963,cash,19889,80,28,,9999999999,2754,4
1113,5038,Joe Root,KKR,Sri Lanka,26,male,, ,22-02-2020,,,,75,6,8,0,,,Bangalore,Sunny,Draw,,2,82165,netbanking,,,11,,9876543210,1472,126
1007,5002,,MI,,25,femal, ,Tennis,27-01-2024,-95,2668,,184,5,5,5,33293,,Delhi,Sunny, lose,9.1,7,84636,,,,18,,12345,1106,142
1025,5006,Hardik,MI,,23,Other,John Smith,footbal,,4220,1315,44690,129,0,3,1,17346,5107,Delhi,rainy,,9.3,5,83572,,270,105,8,,9876543210,2426,105
1112,5048,Joe Root,,england,47,femal,John Smith,Football,06-10-2022,732,475,600992,140,3,4,3,,16373,Delhi, ,Draw,3.1,6,81875,upi,,,17,,12345,1803,136
1070,5025,,,australia,62,femal,John Smith,Cricket,18-01-2020,,-225,,125,5,0,2,33598,, ,Cloudy,Lose,,,81236,,,101,28,,12345,2027,97
1029,5160,Hardik,KKR,Australia,64,male,,Tennis,17-03-2023,,2835,1191633,131,5,6,3,,2259,Bangalore,,DRAW,5.2,,82746,credit card,19812,102,2,user@yahoo,,80,190
1134,5100,Rohit ,Barcelona,australia,15,Female,Rahul Dravid, ,28-04-2022,,,,83,2,7,5,,, ,Sunny,DRAW,,,84208,credit card,8496,70,22,abc@gmail.com,,2968,173
1066,5175,Ronaldo,,Sri Lanka,53,Male,,,07-10-2020,1056,,,177,5,4,1,45393,17803,Bangalore,Rainy,Win,,,84468,cash,,46,29,xyz@,9999999999,2541,92
1064,5078,Messi,Lakers,australia,34,male,Rahul Dravid,footbal,10-08-2021,-1120,,,114,9,1,1,,,Bangalore,,DRAW,,5,82346,credit card,13017,52,13,user@yahoo,,3739,195
1035,5001,Dhoni,RCB,England,24,male,None,Football,22-09-2020,3565,,,47,5,7,1,,19252,,,Win,2.8,4,81042,,,39,25,abc@gmail.com,,2988,190
1024,5126,Hardik,RCB,INDIA,49,Female, ,Cricket,,,2193,,122,8,9,0,19017,,Mumbai,rainy,,,1,84871,cash,,45,23,,12345,4836,78
1036,5198,Dhoni,,australia,46,Other,,Football,07-07-2021,,140,904730,77,8,6,2,,, ,Rainy,DRAW,,3,84766,netbanking,5317,,20,xyz@,9876543210,324,83
1000,5159,Messi,MI,England,39,Other,John Smith,Cricket,17-09-2020,-1419,-461,,29,1,9,1,31079,11730,Bangalore, ,Draw,,2,84106,upiid,,,4,user@yahoo,,2361,70
1142,5131, ,RCB,England,8,Female,Rahul Dravid,,06-09-2022,,1032,288071,28,3,8,4,,, ,Rainy,Lose,8.5,,80007,creadit card,257,,4,xyz@,,1234,36
1036,5019,Hardik,KKR,England,,male,Rahul Dravid,Tennis,19-10-2021,-599,,998465,135,8,3,0,,10140,,Rainy,DRAW,1.8,,83696,creadit card,,7,3,xyz@,,102,84
1140,5116,Messi,RCB,Sri Lanka,15,Mle,,basktball,03-11-2021,1597,,133703,139,3,8,2,,,Bangalore,Cloudy,win ,2.8,5,83731,upi,,,24,abc@gmail.com,12345,4912,129
1135,5163,Ronaldo,,australia,33,female,John Smith,,25-05-2023,-1834,2845,994519,40,7,3,4,30428,15152,,Rainy, lose,1,,81573,,,,21,xyz@,,746,188
1132,5031,Bumrah,Lakers,england,45,Other,,Football,24-03-2021,3929,,1477644,25,9,2,2,52964,16080,Mumbai, ,Draw,,,80460,upi,1572,,28,,,4908,141
1187,5027,Smith,RCB,,20,Female, ,Basketball,22-06-2022,,-233,,49,2,2,5,,16604,Mumbai, ,Lose,,6,83306, ,,105,27,abc@gmail.com,9999999999,3691,140
1127,5076,Rohit ,CSK,england,55,Other,,Tennis,,,,,1,2,9,2,,18797,Mumbai,Sunny,,1.2,2,82302,netbanking,14450,96,15,user@yahoo,,3485,75
1126,5000,Messi,Lakers,england,24,Male,,footbal,21-11-2020,,,,54,8,1,4,,3007,Mumbai,,DRAW,,5,82633,upiid,3912,,12,,,1247,100
1000,5187, ,CSK,India,52,femal,Rahul Dravid,,11-03-2020,,-189,,103,9,9,3,59478,16765,,Cloudy,DRAW,,,81351,,16538,74,7,user@yahoo,12345,3064,145
1163,5055,Joe Root,Barcelona,england,16,Mle,Rahul Dravid,Cricket,16-09-2023,,,,183,7,2,2,,3402,Kolkata,Cloudy,Draw,,,80361,upi,2124,,23,xyz@,9999999999,1719,175
1034,5034,Rohit ,Lakers,India,44,Mle, ,,05-12-2023,,1933,791676,13,0,7,3,,3607,,Rainy,win ,,4,80787,upi,12919,,20,,9876543210,2202,53
1193,5111,Bumrah,MI,england,19,femal,Rahul Dravid,basktball,08-12-2023,-330,,,133,9,7,2,39855,2836,Mumbai,,Lose,4.9,,80208, ,7950,92,15,abc@gmail.com,9876543210,3305,67
1190,5029,Rohit ,CSK,England,60,Female,,Cricket,05-01-2023,-1660,-36,,127,1,1,5,,16781,Delhi,Sunny,Lose,4.8,,80266, ,13221,33,27,,,2536,10
1103,5053,Dhoni,,,49,Mle, ,Cricket,28-04-2022,1082,-318,384513,103,2,1,4,13207,11863,,Sunny,DRAW,3.8,,84751,,19338,,24,xyz@,,3485,46
1022,5035,Hardik,RCB,INDIA,45,female,,basktball,22-06-2021,-188,,163056,94,1,1,2,,,Kolkata,,Draw,,,80553, ,,,1,abc@gmail.com,,1789,83
1008,5182,Messi,CSK,Sri Lanka,15,mal, , ,12-12-2023,,,,80,2,9,1,15095,,Bangalore,rainy, lose,,1,81587,cash,16554,,29,xyz@,9876543210,1764,117
1033,5079, ,RCB,australia,69,Other,,basktball,28-11-2023,,1915,584674,60,7,6,5,6836,16232,Bangalore,Rainy,Draw,,,84516,creadit card,7386,,7,abc@gmail.com,9876543210,3357,4
1173,5057,Joe Root,KKR,India,50,male,Rahul Dravid,,02-02-2024,241,624,,11,5,5,1,,8923,Chennai,,Draw,1,1,81118,upi,13412,73,2,user@yahoo,,4682,57
1127,5082,Smith,KKR,Australia,23,mal,, ,14-01-2021,,,,12,6,0,5,45090,,Delhi, ,DRAW,7.4,1,81513,,,,22,abc@gmail.com,,2997,38
1003,5064, Virat,RCB,Australia,16,Female,,basktball,23-04-2020,,,,146,9,1,5,,,Bangalore,,,4.3,,81926,credit card,17996,,28,,,259,140
1157,5068,Joe Root,MI,,53,Female, ,,22-06-2020,-1419,2728,,171,9,0,2,,17595,,,Draw,,,83403,upi,15952,,8,xyz@,9876543210,1918,31
1101,5127,,RCB,australia,10,male,Rahul Dravid,basktball,15-11-2023,,,450582,88,5,6,4,,5843,Kolkata,,win ,,3,83061,upi,2311,,29,xyz@,9876543210,1786,130
1074,5050,Joe Root,,australia,22,female,Rahul Dravid,basktball,28-07-2021,,2085,410979,94,0,5,4,17333,,Mumbai,Rainy,Draw,3.1,,80220,,-56,,10,abc@gmail.com,,99,129
1098,5021,Bumrah,RCB,England,23,Male,None,Football,09-04-2020,2346,-91,1104966,58,2,1,0,53363,5775,Mumbai,Rainy,DRAW,8.9,7,82344,creadit card,,,20,xyz@,,3905,81
1071,5106,Hardik,,India,55,female,John Smith, ,17-10-2022,1175,1800,,36,0,1,4,43920,,Mumbai,rainy, lose,,3,81971,upiid,,,26,user@yahoo,,2342,25
1002,5108,Rohit ,MI,England,10,femal,John Smith,Cricket,07-05-2023,,2676,143090,24,9,1,3,,,,Cloudy,Draw,6.3,6,84438, ,,72,23,user@yahoo,9999999999,3233,5
1141,5115,Joe Root,RCB,england,54,mal,,footbal,,-1674,,860685,15,8,7,2,7234,4275,Delhi, ,Win,9.4,,84688,creadit card,,,19,,,3249,48
1187,5100, ,Barcelona,england,12,Female,,,05-12-2023,5866,2797,439882,165,8,6,1,,,,rainy,,,7,84064,upi,,,29,,,327,142
1172,5180,Ronaldo,RCB,England,51,Female,John Smith,Football,09-06-2020,1736,,1367269,170,4,0,4,,8467,Mumbai,,Draw,,,81984,creadit card,17881,,0,xyz@,9999999999,1351,52
1033,5099,Messi,,sri lanka,33,female,,Cricket,,4819,331,1285920,86,3,3,1,,18765,Chennai,,DRAW,3.1,3,80891,creadit card,,95,0,user@yahoo,,2811,74
1044,5163,Smith,CSK,sri lanka,16,Other,Rahul Dravid,Cricket,12-05-2023,5247,,,141,8,3,0,,,Mumbai,,DRAW,2.6,6,84802,,,,21,user@yahoo,9999999999,2289,149
1060,5067,Smith,,Australia,69,Female,John Smith, ,,4147,972,882988,133,8,6,2,,5913,Chennai,,win ,,,83526,cash,,,7,,,1365,153
1082,5035,Joe Root,RCB,Australia,21,Mle, , ,10-07-2021,,2164,,22,2,1,4,,18382,Mumbai,Sunny,Draw,2.9,2,81205,upi,1526,,15,xyz@,12345,3162,99
1122,5179, ,Barcelona,,25,femal,,Cricket,29-11-2022,,,,125,4,3,1,,,Delhi,Cloudy,Win,,2,84852,creadit card,,,9,abc@gmail.com,12345,3099,67
1101,5180,Messi,Lakers,sri lanka,69,Male,,Football,28-01-2020,,812,603683,59,2,0,5,,3920,Kolkata,rainy,,4.1,,81218,creadit card,11482,,1,,9876543210,4554,119
1015,5177,Messi,CSK,Sri Lanka,15,Male,None, ,16-02-2020,,,966058,139,9,3,4,,,Kolkata,,Win,7.2,,81855,creadit card,3668,,15,user@yahoo,9999999999,3702,178
1065,5168, ,Lakers,australia,44,male,John Smith, ,04-01-2022,2841,840,583518,140,1,0,0,56889,,Chennai,Cloudy,DRAW,,,81999,cash,,45,26,user@yahoo,9876543210,1408,103
1167,5145,Rohit ,RCB,india,8,Female, ,footbal,18-12-2022,,,1481066,99,0,1,5,19775,,,rainy,Lose,,,82435,cash,,61,3,abc@gmail.com,9999999999,1510,33
1144,5021,Messi,CSK,india,49,Other,Rahul Dravid, ,01-01-2023,1900,-91,,102,9,1,1,,,Mumbai, ,Draw,,,82974, ,,,18,abc@gmail.com,9876543210,219,145
1118,5065, ,Barcelona,Australia,21,Other, ,Tennis,09-01-2022,1897,2206,,133,1,9,1,,19899,Delhi,Cloudy,Win,4.6,,83098,upiid,,36,28,,9999999999,4954,198
1161,5020, ,KKR,INDIA,53,Male,Rahul Dravid,basktball,03-02-2023,5955,546,,62,7,2,2,,,Delhi,, lose,3.3,,83386,cash,17670,,8,,,2168,34
1123,5099,Smith,CSK,England,15,femal,None,footbal,05-12-2023,,2125,1248667,37,7,7,2,7181,,Delhi,Rainy,Lose,,,84543,upiid,,,2,user@yahoo,9876543210,3186,154
1143,5127, ,,Sri Lanka,61,femal,,footbal,02-10-2020,4569,-366,,127,2,5,1,43002,,Bangalore,Rainy,,,,81816,upiid,,,10,,,3239,170
1101,5043,Joe Root,KKR,,52,male, ,Cricket,19-06-2020,,781,1148008,49,6,5,5,,,Kolkata,rainy,Win,,,81777,upi,,,7,abc@gmail.com,9876543210,4530,159
1187,5102,Dhoni,Barcelona,Sri Lanka,8,mal,John Smith, ,27-11-2023,2993,,648327,179,6,8,2,,,,,Lose,,,82504,,15576,93,29,user@yahoo,,1269,113
1065,5046,Hardik,Lakers,India,34,mal,None,Football,11-06-2020,,1710,,39,1,7,1,53801,,,Sunny,Win,9,,82939,upiid,7056,120,6,,9999999999,4375,51
1193,5038,Bumrah,CSK,,14,female,,Football,15-12-2020,1389,1683,1440432,7,8,1,5,,,Kolkata,Cloudy,,,1,80838,upiid,11551,,0,,12345,3817,36
1012,5028,Smith,RCB,england,29,female,,Football,12-05-2023,-1310,907,,188,2,5,3,20142,,,Rainy,Draw,3.8,3,82701,creadit card,,,7,,9999999999,67,13
1183,5053,Dhoni,KKR,Sri Lanka,21,femal, , ,27-10-2023,,2117,,7,1,0,4,,8682, ,Sunny,Win,1.2,7,84759,netbanking,-710,,24,user@yahoo,9999999999,1671,85
1110,5089,Rohit ,KKR,Australia,36,Female,None,Football,,,257,654320,103,2,8,3,41536,,,rainy,Win,,6,84860,creadit card,-317,,23,,9876543210,742,13
1158,5084, Virat,KKR,australia,17,femal,,,06-11-2021,,,956805,33,1,3,3,,,Delhi,Rainy, lose,1.8,,83138,cash,9688,29,25,,12345,2012,32
1033,5016,Rohit ,MI,,17,Male,None,Cricket,10-08-2020,-1578,,872667,187,7,3,4,2479,,Bangalore,Cloudy,win ,,,80175,credit card,,,25,,9876543210,1705,133
1038,5079,Joe Root,MI,,54,Other, ,Cricket,,,,480986,56,4,8,1,,,, ,Lose,5.2,,84605,,8424,,16,abc@gmail.com,12345,1446,12
1194,5187, ,Lakers,england,49,Male,,basktball,09-06-2021,-1550,,,173,2,2,1,,14680,,Cloudy,Draw,,2,83686,cash,7687,,26,abc@gmail.com,9876543210,3069,187
1135,5158,Joe Root,,India,58,femal,John Smith,Cricket,16-07-2021,2207,,,21,4,4,2,,13311, , ,DRAW,,7,83162,cash,16360,,28,abc@gmail.com,9876543210,290,169
1119,5072,Rohit ,RCB,india,15,female,,Basketball,18-01-2024,,58,504107,86,7,0,0,,15826,Chennai,,DRAW,8.2,0,82752,creadit card,,18,10,,12345,3679,37
1125,5048,Hardik,Barcelona,India,63,male, ,Football,26-07-2020,,918,338124,39,6,5,1,,4,Delhi,Sunny,Draw,5.1,,81189,,16831,,6,,12345,3910,68
1054,5100,Dhoni,Barcelona,,31,mal,,basktball,13-04-2021,1123,2073,792182,172,5,2,4,,,Mumbai,Sunny,,7.1,4,84697,creadit card,,28,28,xyz@,9876543210,4651,106
1026,5001,Rohit ,RCB,England,28,Male,,basktball,05-12-2023,2457,2398,1327840,182,0,0,0,,8049, ,Cloudy,Win,,,80837,cash,,,8,xyz@,9999999999,352,176
1117,5175,Messi,Barcelona,australia,,Female,None,basktball,12-05-2023,1095,,,178,9,9,4,,19336,Mumbai,,win ,,6,83898,cash,4225,,13,,,1263,171
1052,5141, ,Barcelona,sri lanka,34,Female,None,Football,28-04-2020,,773,1160688,85,0,5,4,39566,,Bangalore,,,6.8,,83851,cash,18696,,4,xyz@,9876543210,1826,93
1038,5058,Joe Root,RCB,England,32,female,,Tennis,08-02-2022,4442,,198981,132,0,9,4,19237,15978,Mumbai,,,,7,82733,cash,,,17,xyz@,12345,4378,41
1064,5096,Smith,CSK,Sri Lanka,50,Female, ,Tennis,22-08-2021,,1897,424873,94,9,1,0,,,Kolkata,rainy,Lose,,,83810,credit card,,,29,,9876543210,1605,56
1144,5098,Messi,Lakers,australia,41,Male, ,,02-08-2021,-1665,,975837,12,7,7,3,,11750,,Sunny,Lose,,,82653,netbanking,,39,23,xyz@,9876543210,3836,69
1157,5185,Smith,KKR,india,51,female,John Smith, ,31-10-2022,2092,,,27,7,1,5,39728,6152,,Rainy,DRAW,8.5,5,83250, ,,10,24,user@yahoo,,3398,11
1180,5102,Messi,RCB,Sri Lanka,25,male,Rahul Dravid,basktball,29-05-2021,4794,2457,,83,6,3,4,,19301,Kolkata,rainy,DRAW,5.7,5,83349,cash,,75,22,,9876543210,4551,137
1012,5185,Rohit ,Lakers,INDIA,36,Other,,footbal,,-1179,,939581,61,5,2,2,4782,,,Sunny,win ,,6,83310, ,,33,27,xyz@,9876543210,3006,113
1020,5178,Rohit ,Lakers,india,50,Mle, ,footbal,07-11-2022,5530,,,92,3,8,1,31213,, ,Rainy,DRAW,3.6,,84680, ,17501,,12,,9876543210,1004,28
1146,5001,Smith,MI,England,20,male,,footbal,,4146,1418,,86,0,1,5,,, , ,DRAW,6.6,3,82386,upi,10807,113,4,abc@gmail.com,9876543210,2078,22
1052,5040, ,Lakers,england,62,femal,John Smith,basktball,10-05-2021,-916,,,23,8,2,1,1985,,Chennai, ,Draw,,5,80373,upi,4087,,7,abc@gmail.com,,2495,85
1018,5122,Smith,MI,INDIA,48,femal,John Smith,,10-07-2021,,2007,1079485,97,0,6,1,56755,,Kolkata,, lose,,2,84675,upi,,,14,user@yahoo,12345,2261,6
1056,5081, Virat,,INDIA,17,Female,,Tennis,25-07-2021,2584,2029,778513,6,3,3,0,53877,,,,DRAW,,0,84612,credit card,,77,21,user@yahoo,,3764,26
1024,5143,Hardik,CSK,,21,female,None,Tennis,04-05-2023,5159,,,165,2,5,2,50270,9835,Bangalore,Sunny,,,7,81261,creadit card,,116,27,abc@gmail.com,9999999999,1737,144
1030,5131,Messi,,australia,32,mal,Rahul Dravid,Basketball,,610,1010,1006906,36,6,2,2,18426,, ,Cloudy,Win,,7,80120,creadit card,5668,52,3,,9999999999,3096,14
1080,5139, Virat,KKR,,30,Male, ,footbal,08-01-2024,4921,,547994,67,4,0,5,7449,,,Rainy,win ,3.8,,83845,upi,,,0,xyz@,,2444,35
1182,5028,Messi,Lakers,Australia,20,Male,,Football,09-01-2024,-1002,,889243,169,4,5,2,,,,rainy,Draw,1.8,4,82884, ,13908,117,5,,9876543210,336,42
1022,5134,,MI,sri lanka,63,femal,John Smith, ,05-09-2021,4237,,,85,3,3,2,41488,,Kolkata,Rainy,Win,,5,82617,credit card,,,23,user@yahoo,12345,2983,53
1031,5013,Ronaldo,Barcelona,india,50,Female,None,Cricket,24-03-2023,,,,132,0,1,2,28374,,Kolkata,rainy, lose,3.6,6,84138,upi,943,,18,,,967,100
1189,5011, ,,Sri Lanka,62,Female,John Smith,footbal,,2639,2433,66079,191,4,6,5,,6440,,Sunny,,1.4,2,83268,cash,10959,,11,,,4998,150
1073,5098, Virat,,Australia,68,Male,,footbal,25-09-2021,,2517,913623,177,3,9,3,34661,16825,,rainy,DRAW,,5,82042,cash,,13,6,xyz@,9876543210,671,181
1009,5132,Messi,RCB,England,50,Mle,Rahul Dravid,Tennis,19-01-2023,3949,,318890,86,9,4,2,46740,,Chennai,rainy, lose,6.4,,82119,upi,,,12,abc@gmail.com,9876543210,1303,194
1199,5080,Bumrah,Barcelona,,23,femal,,footbal,02-04-2023,,,,14,7,5,2,,5337,,,win ,,2,80490, ,,73,27,xyz@,9999999999,4864,13
1053,5105,Messi,MI,sri lanka,39,Male,Rahul Dravid,Cricket,21-02-2023,,,133488,122,1,5,0,,852,,Sunny,,,,84844,,,47,6,,9876543210,2670,11
1051,5031,Smith,RCB,,39,male, ,Cricket,09-10-2022,,1774,,106,7,8,0,,13,Bangalore, ,Lose,,1,83045,creadit card,9379,79,8,,,2606,140
1147,5073,Smith,Barcelona,australia,68,Mle,,basktball,03-09-2022,4906,981,,180,0,1,2,32855,,Mumbai,Rainy,Draw,9.7,,80382,credit card,,,0,xyz@,9876543210,1714,97
1159,5170,Ronaldo,KKR,sri lanka,25,female,,Basketball,26-09-2023,-1676,,1344855,152,3,5,3,,,,Cloudy, lose,2.2,3,80804,,,,20,,9876543210,2595,86
1113,5080,,Barcelona,sri lanka,35,Other,,,06-05-2022,,,,88,2,8,2,,10039,,Rainy,,2.1,,81177,,14990,26,23,,9876543210,2970,53
1013,5068,Dhoni,RCB,australia,11,female,,,20-08-2022,-1350,,,124,4,3,2,,12473,Kolkata,,Draw,,,82217, ,,48,12,abc@gmail.com,9999999999,3269,9
1177,5044,,CSK,India,24,mal,,Tennis,02-04-2020,,403,439195,112,4,5,2,59096,,, ,DRAW,6.8,7,81295,cash,17476,104,28,,,2601,71
1155,5105,Messi,CSK,INDIA,8,Female,None,footbal,30-10-2020,-121,,,136,4,6,4,,, ,, lose,8.4,,80917,creadit card,19166,,18,user@yahoo,,478,17
1109,5136,Smith,MI,india,35,femal,John Smith,,06-01-2023,2576,344,,165,3,0,3,2263,16797,Mumbai,,win ,1.6,7,84246,netbanking,12639,,20,user@yahoo,,843,189
1052,5176,Hardik,MI,England,37,Other,,Football,07-01-2023,4092,577,1170032,149,7,4,1,35035,9692,Chennai,Sunny,Lose,2.5,3,84526,,,87,29,,9876543210,1625,10
1151,5160, ,Lakers,England,18,female,Rahul Dravid, ,10-06-2022,972,84,,106,2,3,2,57894,,,,DRAW,3.6,3,82414,netbanking,7125,,0,abc@gmail.com,12345,1880,166
1078,5099,Messi,Lakers,Sri Lanka,11,mal,John Smith, ,22-11-2023,,431,,86,3,9,1,2484,18185,,rainy,Lose,3.8,,80650,cash,,,24,,,3651,123
1021,5145,Joe Root,KKR,Australia,58,mal,,footbal,18-11-2023,107,-293,,176,0,1,3,34726,17043,Chennai,,Draw,3.5,,84915,credit card,,43,19,xyz@,12345,2117,39
1029,5008,,RCB,INDIA,64,male,,Football,16-05-2023,,2739,,67,6,1,2,27517,,Mumbai, ,,,,82286,upiid,,108,20,,12345,504,110
1190,5061, ,RCB,England,61,Other,, ,18-02-2022,,409,,14,0,1,1,,,Mumbai,,Win,6.2,0,82751, ,11213,,18,,,109,89
1003,5184,Smith,CSK,Sri Lanka,11,Female,Rahul Dravid,footbal,,,-213,,64,1,6,5,12229,13134,Chennai,Cloudy,Lose,3.2,1,83198,cash,19978,,29,xyz@,9876543210,1405,94
1058,5028,Ronaldo,MI,Australia,55,female,,basktball,05-06-2023,1654,,,53,6,3,1,7826,,Bangalore,,Win,6.5,,80941,upiid,,,17,abc@gmail.com,,4492,158
1007,5124,Bumrah,CSK,Sri Lanka,37,femal,,,01-04-2023,-1111,,1343824,157,0,5,3,40405,1337, ,Cloudy,DRAW,,,80540,upi,,,27,,,3480,107
1011,5113,Bumrah,Lakers,England,41,mal,John Smith,Basketball,01-02-2020,,,248537,92,2,6,2,,,Delhi, ,win ,2.8,,82680,netbanking,,102,29,xyz@,,350,34
1118,5152,Smith,MI,England,26,female, ,basktball,05-07-2022,-1839,,835091,19,5,8,4,,14699,Bangalore,,Lose,4.5,,83727,netbanking,6069,,22,xyz@,12345,1557,33
1158,5142,Smith,Lakers,Australia,21,female, , ,05-12-2023,,,,32,5,1,3,57962,,Delhi,rainy,,8.3,,82529,creadit card,,,26,user@yahoo,,3042,160
1033,5133,Rohit ,KKR,,34,femal,None,Basketball,12-06-2022,,189,,99,5,9,4,49249,6629,Chennai,,win ,8.6,,81202, ,,,4,,12345,2836,12
1081,5119, ,KKR,australia,15,female, ,footbal,25-04-2023,,,,76,1,8,2,38271,,Chennai,rainy,Win,,,84964,upi,13267,37,26,xyz@,9876543210,3628,87
1097,5169,Ronaldo,MI,australia,64,Male,John Smith,Tennis,01-05-2022,,,6490,134,1,4,1,,14786,,Rainy, lose,2,2,80650,upi,4896,,25,user@yahoo,9999999999,2041,93
1126,5156, ,Lakers,,26,Male,Rahul Dravid,,22-07-2021,-1705,,,135,5,5,5,10797,555,Mumbai,,DRAW,,2,83006, ,691,76,29,abc@gmail.com,,110,107
1074,5078,Rohit ,Lakers,India,17,femal,Rahul Dravid,Tennis,12-09-2022,,,,155,9,5,5,,4343,Bangalore,Rainy,win ,2.2,,84532,cash,4258,51,2,user@yahoo,9876543210,4304,193
1104,5092,Smith,KKR,INDIA,26,femal,Rahul Dravid,footbal,10-07-2021,5565,459,995104,172,4,2,3,,,Bangalore,,Lose,7.6,5,82904,upiid,,,1,,,1765,10
1048,5003, ,KKR,india,25,mal,,Basketball,16-08-2022,5381,866,,106,6,9,3,,,,Cloudy,,6.8,6,80313,upi,,,25,user@yahoo,9876543210,1201,125
1078,5081,Messi,CSK,,19,Female,Rahul Dravid, ,05-12-2023,4918,,1083861,119,6,6,3,,16637,Delhi,Sunny,Lose,4.6,,84114,,,,21,abc@gmail.com,,2978,19
1184,5184, ,CSK,england,35,femal, ,,07-02-2020,,,1013157,73,4,6,0,,11914,Delhi,Cloudy,win ,5.3,,81183,creadit card,845,81,9,,9876543210,2472,23
1092,5176,Joe Root,Barcelona,england,57,Mle,None, ,31-07-2021,,,,10,7,7,5,,,Mumbai,,Win,2.3,2,84913,netbanking,4687,50,5,,9876543210,2375,128
1153,5171,,Lakers,england,8,Other,John Smith,Football,03-08-2023,3214,-414,1229725,30,9,4,5,50844,,, ,win ,7.4,,80121,upiid,6020,63,18,,12345,10,85
1017,5074, ,CSK,Sri Lanka,38,female,Rahul Dravid,basktball,29-06-2023,,438,430667,11,5,1,2,,,,Sunny,Draw,,3,80168,,,95,28,,9876543210,4951,185
1095,5013, Virat,MI,India,58,Female,Rahul Dravid,Football,25-10-2021,,1663,,123,4,2,0,,18699, , ,Lose,,,83682,upiid,8688,,24,xyz@,9876543210,2301,107
1037,5130,Dhoni,Barcelona,sri lanka,56,femal,,footbal,14-07-2023,,1114,1498617,77,3,8,3,52808,11701,,rainy,DRAW,2.1,,84724,cash,,,16,xyz@,,1589,99
1086,5113,Smith,CSK,India,41,mal,,basktball,01-07-2021,-1984,,,178,6,5,3,,,Chennai,Rainy,,4.6,,84121,cash,,23,18,xyz@,,1501,59
1087,5061,Messi,Lakers,sri lanka,12,mal, ,footbal,01-01-2022,411,2174,537748,171,3,7,4,55633,,,rainy,Lose,,1,83968,netbanking,,,12,abc@gmail.com,9876543210,128,182
1049,5105, Virat,MI,England,45,female,John Smith,Football,02-10-2023,,,,95,4,7,0,8342,17735,Bangalore,,Lose,3.7,5,84017,,,,16,,9876543210,3603,74
1007,5063,Joe Root,CSK,India,37,Other,John Smith, ,10-10-2023,3331,2302,121937,49,4,4,1,11013,,Delhi,Cloudy,,,2,83697,,-798,,22,,12345,4195,2
1168,5101,Messi,KKR,,30,male,None,,23-11-2021,1431,1509,,116,0,0,5,,4541,,rainy,,6.6,5,81729,creadit card,,40,17,xyz@,9999999999,289,48
1133,5172,Messi,CSK,england,27,femal,, ,07-01-2020,,2740,119570,16,0,5,2,51428,13500, ,Sunny,win ,4.5,2,83555,upi,15991,49,10,,9876543210,1676,6
1068,5105,Smith,Barcelona,India,49,femal,John Smith,Cricket,24-02-2020,-531,1484,1212518,162,2,6,1,,,,Sunny, lose,2.9,5,81118,credit card,11707,104,26,abc@gmail.com,,1844,43
1171,5185,,,sri lanka,22,Female,Rahul Dravid,,17-03-2021,,,1498001,128,2,8,1,,, ,,Draw,,3,82168,,,62,27,user@yahoo,,3635,145
1120,5019, Virat,KKR,England,36,Female,Rahul Dravid,Cricket,24-11-2020,,,1086160,156,1,1,2,,,Kolkata, ,,,,84221,credit card,,62,19,abc@gmail.com,9999999999,2693,127
1063,5057,,KKR,sri lanka,20,mal, ,Tennis,24-09-2020,,,,178,1,1,3,44723,,Chennai,, lose,3.7,4,84781,credit card,,,19,,12345,1827,79
1156,5111,,MI,Sri Lanka,52,Mle, ,Tennis,19-10-2020,2077,,,63,5,9,5,22621,11525,Delhi,rainy,Draw,,,83116, ,769,114,29,,9999999999,4760,164
1155,5056,Messi,Lakers,australia,63,female, ,Football,08-10-2023,4912,,,131,0,0,4,,, , ,,2.7,3,84730,cash,,20,12,xyz@,,1370,152
1138,5195,Dhoni,KKR,,25,mal,None, ,03-05-2020,-742,,380795,86,5,4,3,27633,,Chennai,, lose,,,82429,,1499,,23,user@yahoo,,4793,121
1120,5118,Rohit ,Lakers,England,61,Male,None,footbal,12-07-2021,-734,225,,155,4,1,3,42331,,Kolkata,Cloudy,win ,9.8,,82007, ,11117,,10,,,3822,120
1064,5096,Bumrah,Lakers,,38,male, ,Tennis,14-08-2023,1281,357,,15,5,2,0,,,Chennai,Sunny,DRAW,,5,81050,credit card,,,19,,,182,189
1106,5091,Joe Root,MI,india,69,female,, ,16-02-2020,3654,316,458763,62,4,1,1,2723,8774, , ,Lose,,,80704,upi,19074,14,18,user@yahoo,,350,29
1146,5051,Joe Root,Lakers,india,32,Other,,Basketball,03-06-2023,3043,2630,,75,6,3,1,,6307,,rainy,Win,3.5,,82899,,1530,,9,abc@gmail.com,,3586,78
1136,5036, Virat,KKR,,25,Other,,Football,18-01-2021,-1883,2580,,180,0,2,5,,,, , lose,3.6,7,83207, ,,,27,,,1401,58
1154,5007,Messi,Lakers,india,18,male,,Football,19-09-2021,,1472,,84,2,8,1,,12234,Chennai,Cloudy, lose,5.1,1,80706,upi,-850,,2,user@yahoo,12345,2755,194
1161,5043,Bumrah,MI,sri lanka,38,Other,,,,,,,108,5,9,4,,18901,Bangalore,,,,,83832,creadit card,,,20,,9876543210,4773,181
1171,5097, Virat,RCB,india,22,Male, ,Basketball,07-08-2021,,479,423998,16,0,1,4,,,Bangalore,,Win,1.6,0,82008,netbanking,,,5,user@yahoo,12345,2849,70
1195,5132,Rohit ,CSK,sri lanka,36,male,,Tennis,25-04-2020,,,,167,6,6,4,10070,15667,Bangalore, ,Lose,,7,84721,,6249,3,6,user@yahoo,9999999999,4435,9
1099,5117,Rohit ,CSK,INDIA,65,mal,None,Cricket,26-03-2022,2243,-384,258840,140,3,2,2,,17283,Kolkata,Sunny,,1.9,4,84621,credit card,,,28,user@yahoo,12345,3212,170
1081,5068,Ronaldo,,sri lanka,16,mal,John Smith,,03-04-2021,,,693655,179,2,9,5,,,Mumbai,, lose,7.9,,81597,credit card,,96,20,abc@gmail.com,12345,4206,39
1142,5158,Dhoni,CSK,india,9,mal,Rahul Dravid,footbal,14-08-2022,2543,,,57,9,7,4,,9045,,,win ,,,81066, ,7162,,22,,9876543210,3967,197
1050,5044,Ronaldo,MI,,57,Male,None,Tennis,23-07-2021,2087,2027,,164,8,3,0,31547,14145,,Sunny, lose,,,81946,creadit card,,19,19,,9999999999,3927,122
1140,5136,Smith,MI,Sri Lanka,23,femal,Rahul Dravid,basktball,12-08-2021,3037,,,78,0,3,0,28040,10572,Bangalore,,win ,2.4,4,82799,credit card,19483,93,4,user@yahoo,12345,3429,168
1082,5031,Ronaldo,MI,,49,female,John Smith,,,,1792,,60,7,8,3,27708,12295,Bangalore,Cloudy,DRAW,9,2,80095,cash,,110,21,xyz@,,3488,59
1176,5032,Dhoni,Barcelona,,39,Mle,John Smith,basktball,25-10-2023,,177,,112,0,2,3,,,Chennai,,Draw,,4,82074,netbanking,,,8,abc@gmail.com,,1895,44
1197,5125,Ronaldo,Lakers,Australia,32,male,,,07-11-2023,-113,2453,,120,4,6,5,24714,,Delhi,Cloudy,Lose,,1,84931, ,,,21,user@yahoo,9876543210,2908,65
1111,5066,Messi,MI,india,22,Female,None,footbal,,,-6,,33,9,0,3,,,Bangalore,Rainy,Draw,,,81918,credit card,,4,9,user@yahoo,9876543210,1411,11
1055,5029,Hardik,,,68,mal,Rahul Dravid, ,,,1579,,69,7,6,3,35150,18280,,,Win,5.4,,81265,cash,,,13,xyz@,,3382,91
1178,5113,Ronaldo,MI,england,43,Mle,,Cricket,,,,,16,5,9,0,,1715,Mumbai,Sunny,DRAW,6.4,5,82534,credit card,,,10,,12345,1943,84
1164,5028, Virat,Barcelona,australia,40,Mle,Rahul Dravid,Football,12-05-2023,,,,19,6,1,3,43943,,Bangalore,Sunny,win ,,,80239, ,15199,2,16,xyz@,12345,3999,5
1144,5130,Dhoni,Lakers,Sri Lanka,49,Female,Rahul Dravid,basktball,21-12-2022,,2452,,58,7,5,0,,,,Cloudy,DRAW,3.7,,81327,cash,14560,,27,,,3118,114
1185,5184, ,Barcelona,Sri Lanka,67,mal,,Tennis,17-10-2020,-1741,,226850,68,5,8,4,43265,,Bangalore,,Win,,1,81142,credit card,,,10,user@yahoo,9876543210,655,177
1156,5029,,MI,INDIA,17,Female,,Tennis,04-04-2020,,2556,146980,160,5,5,4,,2869,,,Lose,3.5,,83223,,13300,,6,user@yahoo,,349,179
1160,5136,,KKR,,15,Male,John Smith, ,05-12-2023,,536,,101,5,2,5,,17553, ,,,,2,83848, ,,70,29,xyz@,9999999999,3998,164
1059,5153,Joe Root,Barcelona,England,25,Female, ,Cricket,22-09-2021,4916,2200,804931,119,4,0,2,1009,4304,Bangalore,,DRAW,6.9,,81415,netbanking,8874,16,10,,,1143,105
1119,5129,Smith,RCB,india,54,Other,Rahul Dravid,footbal,16-10-2020,5429,1440,1498745,144,7,3,3,18578,,Bangalore,rainy, lose,,2,82398,,2954,,12,,9999999999,397,16
1182,5061,Dhoni,Lakers,INDIA,31,femal,Rahul Dravid,footbal,05-09-2021,,,,56,1,3,4,56486,,Delhi,Rainy,Draw,9.8,2,80760, ,16891,0,26,user@yahoo,9876543210,645,7
1137,5002, Virat,Lakers,,41,female,None,basktball,04-06-2022,,1868,,82,6,7,4,31894,,,rainy,DRAW,2.8,0,83642,upiid,6855,,18,xyz@,12345,4508,44
1174,5173,Rohit ,,,24,femal,John Smith,Basketball,24-07-2021,,,679502,128,3,9,5,42101,16213,Mumbai,, lose,,1,81552,,10198,65,5,,,4132,26
1022,5067,Bumrah,RCB,England,52,Mle,Rahul Dravid, ,,,,,12,0,9,1,,18668,,Cloudy,Win,,,80862,cash,4004,,1,xyz@,9999999999,2234,36
1148,5024,Rohit ,RCB,Sri Lanka,14,mal,Rahul Dravid,Football,12-05-2023,,1537,841203,154,4,6,1,38496,9572,,Rainy,Win,,5,84035,credit card,18338,,13,,9999999999,4515,181
1012,5178,Messi,CSK,sri lanka,25,Mle,,,01-08-2023,,1687,1240375,197,2,9,5,6863,14670,,,DRAW,,,81155,netbanking,,82,27,abc@gmail.com,9999999999,2772,92
1100,5140,Bumrah,MI,england,63,Male,Rahul Dravid,,29-08-2020,,2457,,186,3,6,0,,10003,Kolkata,Cloudy,DRAW,,,80356,creadit card,11530,,15,,,1483,172
1160,5043, Virat,RCB,India,50,femal,None,Basketball,18-03-2023,,2886,1071214,5,6,6,2,45939,,Chennai, ,win ,4.1,5,81671,cash,,104,6,xyz@,12345,2234,12
1023,5162, Virat,MI,england,41,Female,John Smith,Tennis,22-06-2021,,713,823584,96,4,1,5,15084,, ,Sunny,,,7,81328,upiid,12503,,0,,,1983,90
1107,5054,Messi,Lakers,,59,Male,,Tennis,,1783,1164,,93,3,8,1,50029,, , ,Draw,7.9,7,81029,upiid,,,28,,,1962,68
1010,5136,Smith,MI,australia,27,female,,Basketball,07-02-2023,,,,109,0,5,2,,6531,Chennai,rainy,Win,9.8,4,82376,upiid,17752,78,1,user@yahoo,,809,108
1016,5129,Ronaldo,CSK,India,55,Male,John Smith,Cricket,12-07-2020,,1175,,150,5,1,4,,,,Sunny,DRAW,,,83241,upi,,,8,user@yahoo,9999999999,3196,151
1195,5188,Smith,CSK,,33,male,,Tennis,23-04-2023,,451,1419921,137,9,0,5,2448,18092,Chennai, ,Lose,9.4,3,81991,cash,6280,31,24,,9999999999,4415,104
1174,5040, Virat,Lakers,england,9,Other,,Cricket,31-08-2023,,,,50,5,0,0,27622,,,Sunny, lose,,2,83871, ,6512,,22,user@yahoo,9876543210,513,88
1024,5171,Hardik,CSK,India,12,female,Rahul Dravid,Basketball,17-04-2021,2112,1293,435986,146,6,0,2,,18012,Delhi, ,Lose,,2,82385,upiid,,,17,,,333,95
1093,5063, Virat,Lakers,India,44,Male,Rahul Dravid,,01-05-2020,3206,2761,881706,50,0,3,1,,9321, ,,Lose,7.5,2,83140, ,,31,20,abc@gmail.com,,2512,126
1020,5030,Messi,MI,Australia,69,Mle,Rahul Dravid,Cricket,27-02-2022,,1433,,86,3,3,4,,12646,Bangalore,,Win,9.8,,80881,,7472,27,19,,,4095,30
1083,5046, ,,England,64,male,None,Cricket,16-08-2023,4305,,656068,67,8,8,5,,16970,Bangalore,Rainy,Win,,,80538,upi,,,17,,,4819,63
1139,5129, ,RCB,england,14,Other,,Cricket,,-804,,,83,9,0,3,45538,,Bangalore,,win ,,5,84832,upi,1461,97,17,,9999999999,7,3
1036,5095,Dhoni,Barcelona,INDIA,23,mal, ,Football,17-08-2021,,,419472,41,5,2,4,21392,13890,Chennai,,Win,2.2,,81857, ,14308,98,9,xyz@,9876543210,2003,162
1041,5076,Rohit ,KKR,australia,65,female,Rahul Dravid,Football,01-03-2021,,,,56,1,2,1,,,Bangalore,Cloudy,Win,,7,83557,,1595,,7,,9876543210,4259,102
1144,5109,Ronaldo,,Australia,26,mal, ,Cricket,16-10-2023,,2081,1113,195,3,7,5,,,,Sunny,,5.9,,84538,,2331,,20,,9876543210,4876,92
1100,5068,,Lakers,,24,male,John Smith,Football,21-11-2020,,586,,165,5,1,1,,, , ,DRAW,,5,82196,netbanking,,19,7,,12345,2128,177
1047,5057,Smith,Barcelona,,59,Female,John Smith,Tennis,11-05-2021,,,795953,61,3,5,3,10279,,Kolkata,Cloudy,DRAW,7.4,6,81950,,,,1,abc@gmail.com,,1298,172
1102,5105, ,,England,23,Mle,,,19-09-2021,,,573989,6,9,3,4,,,,,Draw,,,81610, ,,,17,user@yahoo,,2946,169
1027,5043,Ronaldo,KKR,sri lanka,56,Mle,,Football,26-10-2021,,2220,767557,111,6,9,2,,,,Sunny, lose,4.2,,83163, ,8799,,10,,,1844,48
1040,5073,Smith,CSK,Sri Lanka,69,Mle,Rahul Dravid,,06-02-2024,,1786,,198,2,5,2,,9285,Bangalore,,Win,,4,84463, ,-256,77,10,,9876543210,3611,199
1098,5055,Rohit ,MI,,50,Other,,Football,06-10-2020,,,,177,5,4,4,18108,7560, ,,,9.4,1,84007,upi,19435,102,18,,9999999999,3065,8
1046,5170, Virat,RCB,,67,Female,John Smith, ,12-05-2023,3305,531,,179,3,8,2,36094,,Delhi,rainy, lose,,3,84675,credit card,,,10,abc@gmail.com,,1102,135
1145,5126,Messi,Lakers,Australia,43,female,Rahul Dravid,footbal,01-06-2020,-451,89,,25,2,8,5,,,Delhi,,Win,2.9,1,84751,upi,4832,,9,abc@gmail.com,,679,37
1104,5161,Joe Root,RCB,,62,femal,,basktball,06-11-2021,3898,,1442397,153,2,0,4,36787,,Kolkata,rainy,DRAW,,0,80226,netbanking,,120,7,xyz@,,4533,183
1123,5029,Joe Root,,England,47,female,Rahul Dravid,basktball,12-05-2023,-728,,282481,18,1,2,4,42998,583,Bangalore,Sunny,DRAW,,2,80591,upiid,16133,,14,abc@gmail.com,,3369,71
1198,5070,Ronaldo,Barcelona,,44,Male,John Smith,Football,25-10-2020,,,,8,2,0,1,53687,,,Sunny,DRAW,,,84119,upi,10882,,7,,9876543210,4047,178
1012,5197,Hardik,MI,INDIA,59,mal,John Smith,Basketball,21-07-2023,,2378,1318584,60,9,5,0,,,Delhi,,,,3,82075,netbanking,8650,,18,,,2823,82
1140,5117,Hardik,CSK,Australia,67,Male,Rahul Dravid,Football,12-11-2022,,,,19,0,2,1,,12973,Kolkata,Sunny,Lose,,0,84948,creadit card,,,0,xyz@,9876543210,9,112
1099,5054,Bumrah,Barcelona,INDIA,41,mal, ,footbal,19-03-2022,,-65,,105,2,0,2,,,Mumbai, ,,,5,82671,upiid,,,22,,9999999999,4253,103
1030,5066,,Lakers,Australia,66,Other,None,Cricket,19-12-2023,941,1599,67018,49,8,5,0,12490,,Chennai, ,Win,2.7,5,81368,cash,9027,,19,xyz@,12345,2831,21
1129,5140,Bumrah,,australia,19,mal, ,Cricket,10-11-2022,2539,,,80,3,4,4,33173,2373,Mumbai,rainy,,,,82022,cash,12223,,2,,12345,3947,34
1015,5002,Bumrah,Lakers,INDIA,48,Mle,Rahul Dravid,Basketball,03-07-2021,-239,,620669,149,2,7,2,,1784,Kolkata,Cloudy,DRAW,7.3,2,82078,credit card,376,,20,,12345,4216,177
1136,5025,Joe Root,MI,india,39,Male, ,footbal,05-12-2023,,,,140,7,1,3,31435,10303,Mumbai,Sunny,win ,9.5,1,83950,creadit card,,,11,abc@gmail.com,12345,2186,27
1072,5056, Virat,MI,India,,male,None,basktball,12-06-2022,,,,139,0,7,2,,,Kolkata,Cloudy,Draw,,1,83881,credit card,7180,41,15,xyz@,,673,8
1165,5125,Rohit ,,sri lanka,41,male,John Smith,,10-09-2022,3924,,1392161,9,4,4,0,7535,,, ,,5.5,2,83321, ,6245,,21,,,2027,162
1053,5151,Ronaldo,KKR,,8,Mle,,Cricket,24-02-2022,,1881,581689,64,0,7,0,,7039,Chennai, ,Win,4.6,7,84145,credit card,-296,15,15,abc@gmail.com,9999999999,1456,18
1183,5052, ,KKR,India,17,Other,None,,05-12-2023,,1021,,157,6,9,4,,10682,Mumbai,,win ,,7,82436,cash,,,29,user@yahoo,,43,179
1099,5197,Hardik,Barcelona,INDIA,69,Mle,None, ,12-05-2023,2216,,,7,4,3,5,53643,5976,,,DRAW,,,81804,credit card,15360,,16,,9999999999,4911,140
1108,5042,Dhoni,KKR,sri lanka,9,femal,John Smith,Basketball,04-12-2020,,279,,148,1,3,3,2321,, ,Rainy,Lose,7.4,,83359,netbanking,,115,27,user@yahoo,9999999999,4193,51
1086,5187,Smith,Lakers,England,28,femal,None,footbal,19-02-2022,,1445,,21,0,9,4,,5021,Chennai,,,4.9,,81730,creadit card,,19,27,user@yahoo,9999999999,3609,191
1172,5185,Rohit ,MI,india,57,Female, ,footbal,30-07-2021,,,,17,6,3,3,,17951,, ,win ,9.4,,83662, ,,84,15,,,1894,168
1161,5048,Messi,MI,England,52,female,Rahul Dravid,Football,27-03-2021,,2968,,193,0,5,3,18962,14862,Mumbai, ,Lose,7.8,,82973, ,5933,23,8,xyz@,,3781,150
1136,5041,Rohit ,Barcelona,England,57,femal, ,Cricket,15-10-2020,484,1030,,175,2,3,4,,,,,Win,,3,81029,credit card,5345,,21,xyz@,9999999999,2286,136
1007,5193,Ronaldo,MI,Australia,43,Other,None,basktball,,3443,1529,,171,5,8,2,,,,Sunny, lose,,2,80411,credit card,11610,,18,,,4570,156
1006,5010, Virat,CSK,,34,male, ,basktball,17-01-2020,5972,240,1292995,8,5,8,1,,,,,,6.4,,81981,creadit card,,116,0,user@yahoo,12345,2571,178
1035,5102,Bumrah,RCB,Australia,44,Other,Rahul Dravid,Football,,4891,,1180163,194,6,2,3,,15380,Chennai,Cloudy,win ,8.6,4,80661,upi,3549,,28,,12345,1415,47
1017,5097,,CSK,Australia,29,Female,, ,05-12-2023,-1074,499,,53,0,6,0,,9783,Delhi,Sunny,DRAW,,2,81347, ,,,24,,,8,56
1002,5145,,MI,australia,8,Other,Rahul Dravid, ,10-11-2023,,1544,1143773,25,6,4,4,12588,,Bangalore,Cloudy,Draw,,,83470,netbanking,19195,25,17,,9999999999,1862,160
1027,5084, ,MI,INDIA,38,Mle,,footbal,05-12-2023,,2157,,93,1,8,5,10311,,,,Win,6.3,5,81305,credit card,,110,29,xyz@,9876543210,1233,139
1069,5099,Dhoni,KKR,england,20,female,,,15-06-2022,-1401,,631329,99,5,1,2,,,Bangalore,Cloudy,Lose,4.6,6,84286, ,19670,,25,,9999999999,3125,149
1171,5103,Joe Root,CSK,australia,19,Male,John Smith,Tennis,,,1672,557705,25,7,2,3,2078,6423,Chennai,Rainy,win ,2.5,3,82833, ,,106,5,user@yahoo,,4711,154
1148,5179, Virat,RCB,Australia,14,mal,,Tennis,02-01-2022,,2800,572829,33,4,9,5,29322,,Delhi,Sunny,win ,,,84680,upi,,46,5,,,2457,142
1027,5045,Rohit ,Lakers,Australia,54,Female,Rahul Dravid,,05-12-2023,1947,553,,7,9,4,2,,,Mumbai,,Win,9.4,,81853,upi,,,11,user@yahoo,9876543210,9,79
1053,5043,Joe Root,CSK,England,27,Female,,Football,09-05-2020,,,,137,2,4,4,,, ,Cloudy, lose,,,84595, ,14365,14,2,,9876543210,3004,14
1181,5021,Smith,Barcelona,India,54,mal,John Smith,Basketball,,5181,388,146177,47,7,9,5,,1124, ,Sunny,Win,1.9,,84675,creadit card,10368,,10,,,4647,100
1064,5180,,,INDIA,56,Mle,Rahul Dravid,Basketball,12-11-2022,-1057,481,,182,7,6,0,59197,8953,Bangalore,Rainy,Draw,,,80815,upi,,105,5,abc@gmail.com,,4975,3
1099,5186,Bumrah,KKR,Sri Lanka,35,Male, ,Football,06-04-2021,917,-297,85499,106,3,7,3,34583,, ,Sunny,win ,,7,83505,credit card,,120,13,xyz@,12345,267,185
1020,5113, Virat,,india,24,female,John Smith,Basketball,05-12-2023,,,1323384,53,7,7,3,,13385,,Rainy,Lose,,0,81476,upiid,11721,,17,,,3861,122
1012,5124,Dhoni,MI,england,52,Mle,,Basketball,23-11-2023,4862,,1465693,167,4,0,5,34756,, , ,Lose,,5,83513,credit card,7857,4,15,,,2714,7
1056,5123, Virat,RCB,India,59,female,Rahul Dravid,Cricket,14-05-2020,-265,,,118,4,0,2,36767,,Kolkata,rainy, lose,5.3,,82037,upi,16144,,23,,,4546,39
1048,5029,Bumrah,Barcelona,Sri Lanka,25,Female,Rahul Dravid,,17-07-2021,897,,,142,2,2,4,,17524,,,Draw,6.2,,81330,upiid,3032,,12,user@yahoo,9999999999,2641,185
1117,5007,Ronaldo,MI,Australia,45,Other,None,footbal,12-05-2023,,,,80,6,0,1,,, ,Rainy,Draw,3.7,3,84875,upiid,-965,19,0,,,3806,115
1053,5097,Dhoni,Barcelona,england,20,female,,Football,26-02-2020,-686,1970,1013839,145,8,0,3,24766,9910,Mumbai,rainy,,,3,83806,cash,,,5,,9876543210,1391,110
1137,5056,Dhoni,RCB,India,48,Other,Rahul Dravid,,14-01-2020,,,,95,8,9,0,30624,,,Cloudy,Draw,5.6,,81149,credit card,,,13,,12345,1082,65
1052,5110,,Barcelona,Sri Lanka,33,Other,,basktball,12-05-2023,,1509,,101,0,7,3,,8751, ,, lose,,,80006, ,-980,72,16,xyz@,,293,25
1043,5072,Bumrah,Barcelona,Sri Lanka,50,femal,Rahul Dravid,Football,12-03-2021,,834,,150,0,0,3,8089,19454,Mumbai,Rainy,Draw,,,81436, ,312,64,24,abc@gmail.com,9876543210,4079,31
1046,5114, Virat,CSK,england,61,female,, ,21-07-2023,767,,1484770,61,9,8,1,,3777, ,Rainy,DRAW,5.1,2,83250, ,14475,26,12,,9999999999,2835,86
1052,5019,,Barcelona,Australia,69,female,Rahul Dravid,,,2725,-435,952161,45,4,1,1,28733,781,Bangalore,rainy,,4,,83539,netbanking,-141,71,12,,9876543210,4964,138
1073,5024,Hardik,RCB,Australia,46,female, ,Football,05-12-2023,1083,720,613377,86,0,8,4,38189,,Chennai,Cloudy,Lose,,1,80694, ,12723,14,8,xyz@,,4205,77
1045,5018,Ronaldo,CSK,england,44,mal, ,footbal,27-04-2022,,,,98,3,6,3,,16679,Mumbai,rainy,Lose,3.6,6,82965,cash,1806,21,5,user@yahoo,12345,2154,137
1012,5004,Smith,MI,,44,Mle,,Cricket,03-02-2023,,,,38,0,8,3,48770,6440,Chennai,Cloudy,DRAW,4.9,,83299,creadit card,11205,,5,,12345,2344,122
1164,5074,Messi,,india,30,Other,Rahul Dravid,Basketball,05-12-2023,,2696,,142,1,2,2,,,Chennai,Rainy,Draw,,4,84843,creadit card,16094,,24,user@yahoo,9999999999,3923,8
1101,5127,Ronaldo,,india,14,Other,John Smith,footbal,19-10-2023,,2029,834313,52,1,0,2,,14381,Chennai,rainy,Lose,3.7,2,84241,upi,16331,35,29,xyz@,,1854,97
1023,5071,Messi,Barcelona,INDIA,32,Male,,,,4719,2632,1357744,191,3,0,5,11226,,,,win ,,4,83367,upiid,,,4,,,3868,19
1001,5154,Smith,Lakers,sri lanka,38,Mle,None,basktball,03-03-2021,,,1431247,190,7,9,5,25306,15725,,Cloudy,DRAW,9.3,,84952,credit card,12556,28,24,xyz@,9876543210,3790,30
1080,5039,Dhoni,CSK,,47,Female,Rahul Dravid,Football,19-11-2023,-1473,,1201834,79,1,5,0,,6295,Chennai, ,Lose,5.3,,84382,cash,,,20,abc@gmail.com,12345,3032,9
1099,5025,Rohit ,,sri lanka,20,female, ,,18-04-2020,3370,2797,,15,8,6,0,,,Kolkata,Rainy,Win,4.1,1,80025, ,6720,29,13,abc@gmail.com,,844,83
1141,5026,Bumrah,KKR,india,64,Male,None,footbal,23-06-2020,-1492,990,,103,8,8,2,,19554,Bangalore,Sunny, lose,2.4,,84547, ,,,13,abc@gmail.com,12345,1707,47
1137,5189,Dhoni,CSK,INDIA,23,Male,,,30-11-2021,,,,69,1,5,5,58692,8148,Delhi,rainy,Draw,6.3,5,82153,,16377,,3,user@yahoo,,2007,174
1162,5082,Dhoni,Lakers,Australia,28,Female,,footbal,05-12-2023,415,1095,557269,193,0,4,0,,, ,Cloudy, lose,,,84335,,14341,,1,xyz@,,1273,90
1152,5127,Bumrah,MI,india,10,femal,Rahul Dravid,Tennis,19-06-2020,-1877,2778,337394,140,9,1,3,,,Bangalore,Cloudy,Win,,5,83489, ,8510,,1,,,4434,1
1130,5177,Joe Root,KKR,Sri Lanka,62,female, ,Football,04-03-2020,,,,107,9,1,5,,,,Rainy,,,4,80331,,1572,,28,abc@gmail.com,,2104,131
1110,5169,Bumrah,,,29,mal,John Smith,,05-12-2023,1998,692,,46,8,7,1,,,Bangalore,, lose,,4,80644,upiid,1973,22,16,abc@gmail.com,9876543210,2967,162
1101,5156, ,MI,England,30,Male,John Smith, ,18-06-2020,-867,,,8,1,0,5,,,,Cloudy,Draw,4.6,,81852,upi,-717,,9,abc@gmail.com,9876543210,4242,153
1016,5166,Rohit ,,England,38,male,,,23-05-2020,,,,190,7,7,3,35864,6396,Bangalore,Cloudy,DRAW,,,84130,netbanking,14961,63,13,abc@gmail.com,,4841,158
1011,5187,Smith,,england,56,male,Rahul Dravid,basktball,02-11-2021,,1361,974590,33,2,9,2,24153,4675,Mumbai,Rainy, lose,,5,82923,cash,9876,,18,xyz@,,1212,1
1181,5168,,MI,Australia,23,mal,None,Cricket,08-07-2023,,1652,,156,0,6,4,,,Delhi,Rainy,DRAW,,,82431,credit card,,94,16,,9876543210,2295,123
1115,5032, Virat,CSK,Australia,42,male,Rahul Dravid,footbal,05-11-2020,,,,164,0,6,4,,,Mumbai,Cloudy,Draw,,1,83584,,5791,,28,user@yahoo,9876543210,2197,146
1023,5096, Virat,KKR,india,29,femal,Rahul Dravid,Basketball,25-01-2021,,-249,1362906,170,9,4,2,6417,,, ,Win,,4,83809,upi,16054,113,21,,,4809,161
1028,5110,,Barcelona,sri lanka,39,Mle, ,footbal,15-07-2021,3148,,457036,85,1,2,3,21945,, , ,DRAW,9.9,7,80810,upiid,5436,,29,xyz@,9876543210,3284,137
1170,5015,Messi,CSK,England,22,male,John Smith,Football,09-10-2022,2535,-233,512573,114,6,6,0,,18113,Delhi,,Draw,7.3,2,81311,credit card,17273,100,10,,12345,2264,135
1152,5022,Hardik,KKR,Sri Lanka,35,Male,,footbal,04-05-2022,4833,,1112135,63,5,6,5,53559,,Kolkata,,DRAW,7,,82795,cash,13777,79,28,,12345,1610,30
1121,5134,Ronaldo,RCB,australia,69,Mle,,Basketball,25-10-2022,1134,1299,,151,1,6,5,,,Mumbai,Rainy,Draw,,,81894,creadit card,13621,30,6,,12345,1418,77
1187,5025, ,KKR,sri lanka,43,Female,None,Tennis,02-11-2020,5653,263,274747,198,3,1,0,49103,2112,Delhi, ,Win,,2,83006,netbanking,,97,8,,12345,1786,81
1089,5095,Joe Root,CSK,india,9,male,None,Basketball,13-07-2021,,,,33,1,2,4,53160,,Mumbai, ,,,6,84300,creadit card,,45,13,abc@gmail.com,9999999999,4399,13
1064,5011,Hardik,CSK,Sri Lanka,52,female, ,Basketball,18-06-2021,,,,175,0,2,2,42936,,Kolkata,Rainy,Draw,,,82070, ,4250,,22,user@yahoo,,3482,13
1083,5071,Rohit ,RCB,India,12,Female,,,23-06-2021,1417,,,11,2,3,2,1684,,,,DRAW,3.2,,82656,upi,,81,3,user@yahoo,12345,1877,42
1118,5132,Ronaldo,Lakers,India,14,Male,, ,29-04-2022,3693,2823,,150,3,8,1,175,, ,,Lose,1.1,3,84134,cash,,111,13,,9999999999,2907,124
1155,5105,Hardik,RCB,england,44,femal,Rahul Dravid,Football,04-10-2022,,,46225,96,9,9,4,,7729,Delhi,Cloudy,,,7,84268,netbanking,2355,27,19,abc@gmail.com,,379,101
1015,5116,Ronaldo,Lakers,england,65,Other,John Smith,Basketball,04-08-2020,19,,155850,120,4,0,2,43333,,Bangalore,Sunny,win ,,,84855,upiid,12751,,23,xyz@,12345,3300,78
1174,5196,Hardik,,england,16,Other, ,,12-05-2023,4116,2518,363186,140,4,6,1,,,Bangalore,Cloudy,Draw,9,,83484,credit card,,,19,,9876543210,693,191
1103,5176,,CSK,india,22,male,,footbal,,,,,86,6,6,0,21371,19567,Chennai, , lose,5.9,5,80413,upi,12510,20,16,,9999999999,3576,107
1091,5025,Dhoni,,England,34,Male,, ,16-02-2023,,899,,101,9,3,4,30495,,Kolkata,rainy, lose,,0,80691, ,,,24,user@yahoo,12345,4145,197
1185,5132, ,KKR,England,63,Mle,John Smith,basktball,,,,,95,7,0,4,,, ,, lose,,6,82662,cash,9833,,18,,9876543210,1447,36
1026,5021,Joe Root,,australia,10,Mle,None,Tennis,13-02-2023,,,429692,172,8,2,2,14639,3470,Delhi,, lose,,7,84117,upi,1159,,29,,9876543210,2390,35
1180,5012,Dhoni,RCB,india,21,Female,,Basketball,12-05-2023,4967,,,113,6,4,2,,,Delhi,Sunny,Draw,,7,82698,creadit card,7707,3,16,xyz@,12345,1755,174
1169,5155,Bumrah,RCB,england,37,Male,,Basketball,07-11-2021,,1950,230148,192,4,1,3,,12437, ,,Lose,8.2,7,84309,cash,,,24,,,3084,173
1186,5160, Virat,KKR,,34,Male,None,Tennis,14-02-2023,-903,,,46,8,6,0,57636,4439,,,DRAW,5.7,2,80919,upiid,18496,,26,user@yahoo,,1879,56
1174,5106,Ronaldo,RCB,australia,42,Other,,Basketball,28-01-2023,,,825469,57,7,9,0,27897,,, ,win ,,1,80906,credit card,19247,,26,xyz@,9876543210,2809,87
1161,5022,Rohit ,Lakers,Australia,55,Mle, ,,05-04-2020,,1133,1357936,132,9,9,5,47132,14864,Bangalore, ,DRAW,5.1,,83210,,,105,13,xyz@,,847,5
1164,5096,Hardik,KKR,india,12,Female,John Smith,basktball,06-07-2020,,,,120,8,6,1,58832,,,rainy,win ,1.3,3,83728,,,,12,abc@gmail.com,9999999999,2971,172
1133,5017, ,CSK,,14,female,Rahul Dravid,basktball,25-07-2021,5279,,,117,9,9,1,,,,Rainy,Draw,,1,82719,cash,,,25,xyz@,9999999999,4061,121
1134,5116,Hardik,,,51,male, ,basktball,17-06-2021,304,2197,71130,4,7,4,3,,,Kolkata,, lose,9.5,2,83666,upiid,17173,,13,,,1195,156
1152,5029, ,KKR,england,,Mle,John Smith,basktball,08-10-2022,2146,,1464857,187,5,9,5,,6146,Delhi,Cloudy,DRAW,1.2,,84895,netbanking,,28,25,,,1512,87
1032,5025,,Barcelona,Sri Lanka,43,femal,Rahul Dravid,footbal,,4829,404,,95,3,5,0,48134,,Kolkata,rainy, lose,,6,82364,upi,4506,4,15,xyz@,,3902,170
1054,5143, ,RCB,India,36,female,Rahul Dravid,,05-12-2023,,,617004,20,8,0,1,52932,,Kolkata,Sunny,Lose,,,80792,creadit card,,,20,xyz@,9876543210,3320,98
1185,5038,Smith,MI,australia,53,Female,,,12-05-2020,461,1914,126520,151,8,3,0,,,Bangalore,Sunny,Lose,4.9,,80575,netbanking,,,27,,,2457,159
1006,5160, Virat,,,16,Male,,Football,12-05-2023,,351,1479747,127,9,3,0,41325,,Delhi,rainy,Draw,1.7,,81727,netbanking,,,14,xyz@,,3462,135
1056,5153,Dhoni,RCB,England,22,Other,None,Football,09-09-2023,,2119,1314518,123,9,7,5,30612,,Delhi,Rainy,,,,83227,creadit card,13770,,29,abc@gmail.com,,3450,7
1125,5175,Smith,KKR,India,55,Mle,John Smith,Football,28-12-2020,5144,,40423,145,8,1,1,,,,,,,1,83571,credit card,15162,74,24,xyz@,,226,4
1011,5192,Smith,KKR,INDIA,21,Female,Rahul Dravid,basktball,18-06-2023,,2591,732370,20,9,0,2,2135,16922,Mumbai,,win ,7.9,,84186,upi,,,18,,9999999999,1807,108
1015,5165,Joe Root,CSK,Australia,21,male,,footbal,23-08-2021,,,,53,2,6,2,36512,,Chennai,,win ,,4,83725,netbanking,,42,21,xyz@,12345,4308,128
1042,5129,Joe Root,RCB,INDIA,31,male,,footbal,,126,1215,,137,2,5,5,,,,,,5.3,,84856,,,,10,user@yahoo,,418,32
1116,5112,Smith,RCB,,14,Mle,Rahul Dravid,Cricket,26-08-2020,,2048,,151,5,4,1,51238,15872,Chennai,Cloudy,DRAW,9.4,,83366,,,,11,abc@gmail.com,12345,1875,28
1134,5133,Rohit ,CSK,India,10,Other,John Smith,,12-01-2020,,-196,1490822,103,5,7,3,,,Kolkata,Sunny, lose,,,84865,upi,,40,10,,9999999999,3155,184
1110,5045,Ronaldo,KKR,INDIA,24,Male,None,basktball,08-01-2023,,,,110,5,1,4,44303,10265,, ,Win,,0,81360,upiid,,34,27,xyz@,9999999999,918,4
1050,5049, Virat,KKR,sri lanka,8,Other, ,Cricket,31-03-2020,4562,1769,1386393,115,4,1,5,45013,,, ,win ,3.9,,82048, ,-885,54,22,,12345,4872,109
1159,5165,,RCB,INDIA,66,male, ,Cricket,05-12-2023,,,,187,4,8,0,26496,15949,,Sunny,win ,8,,82975,cash,17222,32,4,xyz@,12345,4054,8
1074,5105,Ronaldo,Barcelona,INDIA,45,mal,,Tennis,07-01-2022,,,115515,56,1,0,5,,523,Kolkata,,Win,1.3,1,83196,credit card,,,27,user@yahoo,9999999999,3818,142
1007,5145,Joe Root,CSK,Sri Lanka,34,Mle, , ,05-12-2023,5475,,,127,6,5,4,,,Chennai,Sunny, lose,,,81087,credit card,1516,,7,,9876543210,4271,30
1199,5154,,,India,15,mal,Rahul Dravid, ,25-08-2023,,1293,,150,3,2,5,,, , ,Lose,4.9,,80205,,18362,,25,xyz@,12345,2631,131
1044,5168,Smith,MI,India,25,female,None,Football,02-08-2020,,844,,149,2,4,1,,,,,DRAW,3,,83486,cash,11814,,5,,,3674,130
1058,5071, ,,,49,male,None,Tennis,05-09-2020,,,885526,195,7,7,0,,9617,Delhi,Cloudy,DRAW,,5,83315,creadit card,9689,,15,user@yahoo,,1345,10
1131,5073,Bumrah,Barcelona,Australia,45,male,Rahul Dravid,Tennis,22-10-2021,,,1276650,161,3,6,4,40063,,,Sunny,Lose,,6,80622, ,,44,11,xyz@,12345,4630,70
1103,5016,Messi,RCB,,64,femal,Rahul Dravid,Tennis,04-06-2022,-760,,,119,3,3,2,,,,Sunny,Draw,,4,81677,credit card,15482,,5,user@yahoo,,1829,119
1194,5189, Virat,RCB,australia,36,Female,,Cricket,25-07-2022,-1826,,,69,7,7,3,12779,13905,,,Draw,,6,83287,,17919,24,12,abc@gmail.com,,1663,71
1156,5156, Virat,RCB,England,65,Other, ,,25-12-2023,,,,155,0,9,5,8871,,Mumbai,,Win,5.9,5,83012,,7530,93,6,,,4419,144
1156,5185,Ronaldo,RCB,,21,Mle,Rahul Dravid,Basketball,12-01-2020,,2799,,94,8,1,5,,,Chennai,Cloudy,Win,8.3,2,83012,credit card,8912,,7,xyz@,9999999999,84,70
1097,5069,Hardik,Barcelona,england,13,male,None, ,07-02-2023,-1030,,1455519,98,6,6,4,55837,,Bangalore,Sunny, lose,7.8,,83637,upi,13470,72,11,user@yahoo,12345,3812,91
1155,5149,Ronaldo,RCB,INDIA,29,male, , ,23-01-2022,,,,166,1,4,3,18367,,Kolkata, ,Draw,2.8,7,82700,cash,8205,,28,user@yahoo,9999999999,886,120
1078,5005,Hardik,RCB,england,67,Mle,None,Cricket,20-12-2022,,1370,,41,5,5,5,30483,,Delhi,,win ,,2,81871,upi,,,1,abc@gmail.com,,3339,150
1123,5025,Messi,,INDIA,23,Male,Rahul Dravid,Basketball,14-09-2022,,1897,559941,150,7,2,2,,5862,Chennai, ,Win,,6,80078,cash,,,22,user@yahoo,9999999999,4207,35
1171,5166,Bumrah,MI,INDIA,47,Mle,,Tennis,26-09-2022,1045,,,69,4,9,4,18730,,Mumbai,Sunny, lose,3.4,,81476,upi,15082,,8,,,2675,124
1003,5139,Hardik,,sri lanka,15,female,John Smith,Football,05-12-2023,2635,2677,284649,1,5,6,1,,, ,,Lose,3.3,,84734,credit card,8449,20,12,abc@gmail.com,9876543210,2797,112
1089,5098,Dhoni,,INDIA,13,male,,Basketball,28-12-2020,,,201237,151,9,6,0,25304,3766,Delhi,,Lose,,7,83228,upiid,7944,,16,,,4147,102
1103,5141,Rohit ,MI,,59,mal,,Cricket,15-04-2023,,131,331224,144,7,1,2,56220,14588,,Rainy,DRAW,,,82335,,451,,12,,9876543210,2131,177
1136,5021, ,,INDIA,24,Female,,basktball,22-01-2020,1148,,,108,5,0,3,,,,Sunny,Win,,,81725,creadit card,,30,15,xyz@,,3694,130
1118,5050, ,CSK,England,58,Female, ,,05-11-2020,,1848,,64,8,9,3,,7441,Chennai,,,,2,81114,,1348,77,27,user@yahoo,9999999999,2759,194
1132,5150,Hardik,Barcelona,india,46,Male,,footbal,05-12-2023,2870,,,69,8,1,2,46143,1145,Kolkata, ,,,7,80160, ,,,0,user@yahoo,,2778,147
1055,5175,Ronaldo,,INDIA,42,Male,Rahul Dravid, ,28-06-2023,4959,,867624,68,8,7,1,,,,Cloudy,win ,3.3,1,81425, ,5916,83,6,xyz@,12345,740,197
1095,5198, Virat,Barcelona,India,55,female,,Basketball,15-05-2022,,,,120,5,9,5,9068,16718,,Cloudy, lose,,1,81733,credit card,,,12,user@yahoo,,2876,132
1177,5103,Ronaldo,Barcelona,Sri Lanka,48,Mle,John Smith,Football,28-07-2021,4563,,,108,8,2,1,,18136,,Sunny,win ,,,84415,credit card,14595,39,13,,12345,4520,82
1074,5177,Smith,RCB,Australia,68,mal,None,,,5588,,,59,2,3,5,1201,14020,Chennai,Cloudy,DRAW,3,4,82411,creadit card,13060,,20,,9876543210,1711,104
1142,5088,Smith,Lakers,australia,56,mal,None,Basketball,28-07-2020,-1734,,,177,4,7,5,18854,,Chennai,Sunny,win ,,4,83960,,,99,16,xyz@,9999999999,55,41
1031,5140, ,Lakers,england,23,Female,None,,08-12-2021,,1079,670477,92,1,2,3,53543,,Kolkata,Sunny,win ,,6,82522,credit card,9397,,29,xyz@,,3362,56
1027,5137, ,RCB,,10,mal, ,,09-08-2021,,1024,,11,7,5,5,23234,3262,, ,Win,5.4,4,84861,,14458,,15,user@yahoo,9876543210,2859,55
1021,5182, ,MI,England,38,female,None,Cricket,11-03-2022,5719,1446,1005558,102,3,1,2,36749,16152, ,Cloudy,,,4,80601,netbanking,,,14,,,806,159
1016,5008, Virat,RCB,australia,52,Male, ,footbal,09-01-2023,,1150,,174,5,2,5,,,,,Draw,,1,82359,cash,2001,110,28,xyz@,9876543210,3056,127
1058,5078, Virat,RCB,,25,Other,,Basketball,05-12-2023,5050,,840910,194,5,0,2,22898,,, ,,,,81555,,17240,,16,,9876543210,4750,150
1089,5051, ,CSK,England,42,Male,,footbal,09-04-2022,,,,111,4,8,0,,1503,Delhi,Rainy, lose,4.7,3,84684, ,,22,1,abc@gmail.com,12345,1006,75
1198,5129, Virat,KKR,India,18,male,,Tennis,05-12-2023,1279,,575072,64,0,3,3,53232,,,Rainy,DRAW,,,81520,creadit card,11184,,26,,,4103,176
1105,5152,Bumrah,,India,50,mal,None,basktball,30-01-2020,,,286228,154,6,5,1,24547,7922,Delhi,,DRAW,,1,82390,upi,,,25,user@yahoo,9876543210,1781,80
1184,5012,Hardik,RCB,England,56,Other,Rahul Dravid,Football,31-10-2020,3473,-33,1470219,47,9,6,4,39952,8422,Chennai,Rainy,Win,1.8,2,80905,,7402,111,24,xyz@,,989,128
1025,5050,Messi,Lakers,India,52,male,Rahul Dravid,Cricket,19-03-2020,-1136,1590,1460976,87,7,1,1,,11239,,Cloudy,,,,81650, ,12090,21,27,user@yahoo,,3933,132
1024,5185,Ronaldo,MI,Sri Lanka,54,Male, ,Basketball,22-08-2023,,2698,873578,61,0,7,1,59786,8715,,,Lose,2.2,1,81117,upi,18437,,11,,12345,3164,149
1137,5033,Bumrah,Lakers,India,8,male,,Tennis,12-05-2023,,-100,,43,9,8,4,22577,3256,Bangalore,Cloudy,Draw,,0,81524, ,10487,,2,abc@gmail.com,,3369,169
1044,5034,Ronaldo,CSK,INDIA,67,Male,None,Tennis,26-07-2022,,,353305,146,6,9,3,28010,17446,Delhi,rainy,,4.9,0,84267,credit card,,103,8,user@yahoo,,2078,45
1082,5130,,Lakers,england,61,Male,None, ,21-11-2021,4608,111,,186,3,1,5,,17769,Mumbai, ,Lose,7.1,3,84721,cash,10341,76,5,abc@gmail.com,,377,84
1010,5119,Dhoni,,India,39,femal,, ,29-06-2023,-993,,,135,5,4,0,,18208, ,rainy,Lose,,2,83080,upiid,4208,2,28,abc@gmail.com,,2377,8
1180,5186, ,CSK,sri lanka,60,female,,footbal,12-05-2023,-1222,1946,171790,54,8,1,1,,,,,Draw,9.1,6,84777, ,,72,25,,12345,281,107
1199,5069, ,CSK,england,21,mal,Rahul Dravid, ,06-06-2020,,,781354,107,4,4,5,5792,,,Sunny,win ,,,83240,creadit card,,,5,,12345,4734,117
1103,5175,Dhoni,Lakers,,58,mal,,footbal,18-03-2023,875,,660012,46,7,6,1,58110,,,Rainy,,2.7,2,84406,,5093,9,6,user@yahoo,12345,2919,9
1067,5191,Rohit ,Lakers,sri lanka,34,male,,Tennis,12-12-2021,2018,6,-2309,1,4,5,3,,,Kolkata,, lose,6.7,3,83801,upi,,97,25,,12345,4164,146
1094,5146,Smith,CSK,INDIA,64,Female,John Smith, ,29-01-2021,3464,,,112,1,3,3,2197,8343,Bangalore,, lose,5.4,4,81935,upiid,,,26,user@yahoo,,3594,31
1155,5066,Bumrah,MI,INDIA,29,femal,John Smith,Tennis,28-09-2020,988,2392,520859,166,3,1,2,9457,, , ,Win,1.8,2,83627,cash,,,7,xyz@,12345,1838,35
1064,5102,Ronaldo,MI,india,14,female,John Smith,Tennis,08-02-2022,1369,,240212,172,1,6,3,56658,,Chennai,Sunny,,2.6,1,84380, ,3715,,26,user@yahoo,,4432,158
1048,5072,Smith,Lakers,India,13,mal,,Football,05-12-2023,,568,,159,6,9,3,28233,,,rainy,Draw,,,83709,upiid,16719,1,2,abc@gmail.com,12345,2892,18
1174,5115, ,RCB,England,40,Male,John Smith,Basketball,21-06-2023,4818,200,,192,6,8,1,14260,3704,Mumbai, , lose,5.2,,82542,creadit card,10353,,23,,9876543210,214,169
1051,5132, ,Lakers,Australia,45,Male,None,basktball,19-07-2021,,37,56308,165,2,0,0,13755,3498,Bangalore,,DRAW,,4,84450,credit card,,,14,abc@gmail.com,12345,4730,24
1101,5066,,,india,22,femal,John Smith, ,10-02-2020,,92,,10,6,2,1,,4137,Delhi,Sunny,Win,2.8,,80199,creadit card,16101,6,21,xyz@,,4518,86
1181,5138,Ronaldo,MI,england,67,Other,John Smith,basktball,08-06-2023,,,,137,0,6,5,,3729,Delhi,,win ,7.7,,82183,upiid,2438,33,5,,9999999999,2120,48
1187,5120,Rohit ,,india,44,Other,None,Football,06-08-2022,551,,917945,111,0,8,3,,,Delhi,,Win,6.8,,82675,upiid,7103,,10,,,3793,142
1056,5093,Ronaldo,,india,25,femal,,Football,23-08-2023,,1274,,186,8,4,2,21613,,Delhi, , lose,5.7,,84036,netbanking,9898,30,29,xyz@,,2870,147
1046,5195,Messi,CSK,Sri Lanka,8,Male,,Football,17-07-2020,,,,89,5,6,0,56404,16570, ,Cloudy,Lose,,,83493,upi,,118,2,xyz@,12345,785,60
1158,5196,Joe Root,RCB,Sri Lanka,35,Male,John Smith, ,13-02-2021,,834,269936,54,4,9,2,,8663,Mumbai,rainy,Draw,,1,83972,cash,19065,,15,user@yahoo,,937,93
1173,5128,Rohit ,Lakers,england,52,Female,None,footbal,28-08-2020,5633,,,147,5,6,4,27656,,Chennai,Sunny,Lose,4.6,2,81364,upi,,,5,abc@gmail.com,,1689,22
1025,5090,Dhoni,KKR,sri lanka,30,Other,John Smith,,03-08-2023,,,,16,5,3,2,,8107,Delhi,Cloudy,Win,8.4,5,81852,credit card,8463,,10,xyz@,9876543210,3711,30
1113,5091,Bumrah,KKR,Sri Lanka,67,female,John Smith, ,10-01-2023,5789,,,67,0,4,2,,,Chennai,Rainy, lose,8.8,,84437,,,,28,user@yahoo,,1256,143
1004,5062,Messi,,INDIA,30,male,John Smith,Cricket,08-05-2021,855,,1456283,132,4,1,5,28234,18570,,,Lose,8.9,,83601,upi,13295,94,7,user@yahoo,12345,3112,21
1083,5028,Rohit ,Lakers,,56,femal, ,footbal,28-02-2023,5479,,,187,8,7,3,,,,, lose,,7,80387,upi,,,28,,9999999999,4534,154
1051,5011,Messi,Barcelona,,36,Male,Rahul Dravid,,,,2835,,150,3,0,5,,,Bangalore,Cloudy,Lose,9,,84099,,11425,,22,,9999999999,1337,100
1104,5076,Bumrah,Barcelona,India,43,Male,Rahul Dravid,Basketball,06-05-2020,,723,1278952,173,2,1,3,42604,,Chennai, ,DRAW,,2,84772, ,,,9,user@yahoo,12345,269,12
1053,5040,Bumrah,,australia,52,Other,None,Tennis,24-08-2023,2411,1730,,51,0,2,5,50029,,, , lose,,,81662,creadit card,8070,64,9,,,1490,135
1160,5129,Bumrah,,Sri Lanka,18,female,Rahul Dravid,,,,307,231866,137,1,6,3,,,Mumbai,, lose,,,82458,,,,22,user@yahoo,9876543210,2121,103
1177,5036,Dhoni,MI,Sri Lanka,9,Other,John Smith, ,11-07-2023,,,,173,2,5,3,,,Bangalore, ,win ,7.6,5,80212, ,8159,,2,,9999999999,1680,35
1165,5172,,Lakers,australia,55,Female,,,05-12-2023,,-397,1230946,155,3,6,3,32157,7967,Kolkata,rainy,Draw,,,84655,netbanking,7375,,25,,9876543210,4769,68
1154,5175, Virat,Barcelona,INDIA,14,female,,Football,31-10-2023,,,,96,6,4,2,,,Bangalore,Rainy,Draw,8.3,,80557,credit card,,,13,,,3853,130
1014,5023,Joe Root,Barcelona,England,,Male,,Football,11-01-2020,-369,1952,17102,170,5,3,4,44320,,Bangalore,Cloudy,Lose,,1,82605,upiid,15747,,18,,,409,20
1060,5098,Smith,CSK,,48,Other,None,Basketball,04-06-2023,5009,,,153,7,6,3,47292,,Chennai,Cloudy,Lose,,,83119,,3514,,20,xyz@,9999999999,1441,47
1121,5149,Bumrah,CSK,sri lanka,44,male,,Tennis,06-10-2021,1526,,831046,182,8,2,4,59630,8549, , ,Win,,5,83703, ,17468,110,27,,9876543210,2258,84
1020,5099,Dhoni,Barcelona,England,9,male,,basktball,28-04-2020,4285,,,47,5,9,4,5868,,Chennai,,Draw,2.9,,82691,netbanking,,27,20,,,791,12
1045,5138,Messi,Lakers,,50,Female,None,Basketball,12-05-2023,-1999,,183817,28,6,6,1,,10184,Mumbai,Sunny,Win,2.5,,81994,,,,8,,,359,53
1196,5057,Bumrah,MI,,25,Female,,footbal,27-03-2023,,714,468291,26,3,1,1,7762,,Bangalore, , lose,,0,80474,credit card,,,12,xyz@,9876543210,4677,17
1133,5173,Ronaldo,CSK,india,20,female,,footbal,21-05-2022,,1319,743800,145,1,7,0,,,,,DRAW,,,81767,netbanking,11643,76,8,user@yahoo,9876543210,422,18
1037,5028, ,KKR,Sri Lanka,19,mal, ,Cricket,05-12-2023,,,,103,8,5,5,48262,,Delhi,Rainy,Lose,7.7,5,80041,creadit card,,46,25,abc@gmail.com,12345,120,104
1061,5162,,MI,Sri Lanka,60,Male,None,Cricket,,,,50192,59,8,2,1,,11862,Bangalore, ,Draw,7.8,0,82651, ,,,20,,,2220,152
1085,5142, Virat,Barcelona,,18,Other,None,Cricket,15-07-2023,,,455854,105,3,2,3,8450,13524,Mumbai,rainy,,,,82095,upiid,,112,11,abc@gmail.com,9999999999,4129,72
1189,5059,Joe Root,RCB,Australia,22,Female,John Smith,Tennis,30-08-2020,,,,68,2,4,4,5029,3904,Mumbai,rainy, lose,,6,83992,upi,,94,13,,12345,2965,165
1077,5094,Dhoni,RCB,INDIA,55,mal,None,,02-11-2021,,,,113,9,2,5,43012,,Bangalore,rainy,DRAW,7.8,,81986,upi,,,4,abc@gmail.com,12345,70,105
1045,5041,Joe Root,RCB,Australia,10,Other, ,footbal,14-09-2022,,132,,20,5,5,0,24815,,Bangalore,Sunny,Win,7.2,,83865,netbanking,,,5,xyz@,9999999999,4640,158
1140,5042,Ronaldo,KKR,sri lanka,54,male, ,Cricket,01-01-2020,4473,2583,,151,2,1,1,,18054,,,win ,1.9,,83657,cash,2893,,12,,12345,3692,84
1002,5073,Dhoni,CSK,INDIA,19,male,,Basketball,05-12-2023,,,,101,0,7,2,,,,,DRAW,,,84823,upiid,,83,12,,,4630,52
1005,5176,Hardik,CSK,INDIA,20,Female,,Basketball,05-12-2023,,,,130,3,8,5,,19405,Kolkata,, lose,,,83517,,6921,,23,user@yahoo,9999999999,3729,151
1092,5191,Messi,MI,Australia,60,Male,,basktball,23-10-2022,,,595951,94,0,6,0,,,Bangalore,Sunny,,,3,82268,upiid,17415,,5,xyz@,9876543210,13,37
1007,5159,Rohit ,KKR,,21,Mle,Rahul Dravid,Basketball,05-12-2023,1076,2803,98763,189,1,2,3,,,Kolkata,Sunny,Win,9.4,,81644,upi,,,13,,,3900,123
1171,5063,Hardik,KKR,india,20,femal,, ,03-04-2021,3603,,1286103,104,2,9,5,,,Kolkata,,,1.4,3,80939,,7988,,10,,9999999999,3619,97
1107,5001,Smith,MI,india,16,Mle, ,footbal,13-10-2020,,,,124,7,3,4,22519,,Mumbai, ,Draw,8.2,,84438,upiid,,15,28,xyz@,12345,270,152
1160,5151, Virat,KKR,england,26,mal,,Basketball,16-10-2021,,1430,1355233,1,9,9,3,,15849, ,,Lose,,4,83309,cash,,108,12,,,3124,100
1074,5065,Bumrah,CSK,australia,37,Female,,Football,27-08-2020,,1552,,65,3,1,3,20635,6061, , ,DRAW,4.6,,82985,cash,9085,,11,abc@gmail.com,9876543210,1583,120
1076,5165,Hardik,CSK,,11,Other, ,Cricket,12-05-2023,,,1019093,112,3,8,5,,, ,rainy,DRAW,,3,84936,credit card,8143,92,29,,,4558,50
1049,5030,Ronaldo,Barcelona,india,50,Female,, ,12-05-2023,386,1178,,169,9,4,2,,, ,Rainy,DRAW,5.3,,82027,creadit card,,49,15,xyz@,,522,148
1010,5114,Smith,Barcelona,Australia,36,male,None,footbal,28-08-2022,,1507,,161,8,1,2,,10351,Mumbai,Cloudy,DRAW,,2,83127,upi,18310,,5,xyz@,12345,2817,47
1094,5025,Hardik,CSK,Australia,22,Female,,Football,08-12-2021,4730,2427,716687,41,6,9,5,18241,,Bangalore,Cloudy, lose,,,84989, ,,,8,,12345,4950,18
1155,5028, ,,australia,47,Other,None,Basketball,02-03-2021,-317,2474,,19,1,5,5,,18117,,,Draw,,,84133,upi,,,16,xyz@,12345,2839,122
1069,5194,Rohit ,,INDIA,16,Male,Rahul Dravid, ,17-11-2023,4273,-383,55272,96,2,6,5,43712,,Chennai,,Draw,,,81364,credit card,8974,,29,xyz@,,442,26
1168,5077,Smith,KKR,,10,Other,None,footbal,01-07-2021,,,521539,67,3,1,4,,14624,Kolkata,,Lose,,4,80850,netbanking,,29,19,user@yahoo,,2083,120
1015,5024,Joe Root,,australia,15,Mle,,,,,,573918,172,3,0,1,48728,, ,,DRAW,,4,80230,cash,1554,,15,,,2927,71
1067,5047,Joe Root,MI,England,54,Mle,Rahul Dravid,Tennis,27-07-2020,557,1069,900829,74,9,6,3,,,Chennai,Cloudy, lose,,0,82499,netbanking,8447,83,25,,,1221,43
1098,5064,Rohit ,Lakers,Sri Lanka,66,female,,basktball,07-01-2020,,-286,1372483,124,7,0,5,,,Kolkata,Cloudy, lose,9.8,6,82304,credit card,,,28,,9999999999,3449,47
1047,5180,Joe Root,MI,,54,mal,Rahul Dravid,Tennis,26-03-2020,4131,155,90839,169,9,2,1,,6170,Chennai,Rainy,Win,,4,82481,upi,,,25,,9999999999,2440,85
1183,5066,Rohit ,MI,,21,Male,,Basketball,04-02-2022,-1186,-399,,46,9,3,4,56517,14686,Chennai,Sunny, lose,,5,84304,upiid,5933,117,11,,,2362,43
1063,5089,Dhoni,MI,sri lanka,31,male,Rahul Dravid,Basketball,21-05-2023,1220,,1012527,4,5,1,3,,,Mumbai,Rainy,Draw,,,83711,,4691,,17,user@yahoo,9876543210,4503,128
1186,5145,Rohit ,MI,sri lanka,48,female,Rahul Dravid,Cricket,11-11-2020,3863,761,681609,48,2,6,1,,18211,,,,,1,82903,creadit card,2979,,8,xyz@,9876543210,894,160
1089,5136,Messi,MI,,56,Mle,None, ,24-10-2020,,389,1348364,123,8,4,3,,,Mumbai,, lose,,7,83465,cash,,100,2,user@yahoo,9999999999,3902,7
1189,5037,Joe Root,CSK,australia,64,Mle,,Basketball,16-03-2023,46,59,,36,9,0,2,55373,13941,Chennai,Rainy,Lose,,6,82768, ,,,9,xyz@,,2253,32
1075,5086,Bumrah,KKR,INDIA,56,male,None,Cricket,06-07-2022,,,,161,7,7,5,,,,Sunny,Lose,,,82892, ,,,10,,,2010,88
1138,5148,Messi,Barcelona,England,27,male,Rahul Dravid,Football,06-06-2023,4059,240,,197,8,9,2,42979,,Mumbai,,Win,7.8,,82083,upiid,14582,67,1,xyz@,,4993,65
1100,5064,Dhoni,MI,england,61,femal, , ,04-11-2020,,,,145,4,6,0,9975,18838,Chennai,Cloudy,Lose,,4,81238,netbanking,,,7,,,4190,58
1088,5148,Hardik,CSK,England,51,male,Rahul Dravid,Cricket,05-12-2023,5102,-85,766171,18,2,3,4,42975,,Bangalore,Cloudy,,7.5,,82074,cash,,9,19,user@yahoo,12345,4635,181
1017,5026,Ronaldo,,,35,Female,,basktball,07-02-2022,-816,,880981,39,3,1,5,46362,7927, ,rainy,Win,7.4,7,82065,netbanking,3416,24,10,xyz@,9999999999,3215,92
1018,5105,,Lakers,INDIA,17,mal,John Smith,Basketball,10-02-2021,,,,16,4,6,1,27707,17507,Kolkata, ,Draw,,2,80629, ,,,17,,9999999999,4604,34
1054,5122, Virat,Barcelona,,52,Male,, ,,1268,261,417511,187,8,1,3,,10547,Mumbai,Rainy,Lose,3.8,5,83208,creadit card,,,19,abc@gmail.com,12345,2560,90
1101,5197,,MI,India,12,male,,basktball,,-368,105,,98,8,5,0,,1153,,Sunny,DRAW,5.1,4,84674,netbanking,,,6,abc@gmail.com,12345,2846,197
1117,5043,Rohit ,CSK,england,61,femal, ,Football,24-02-2021,,,1493356,92,2,0,4,50877,,Kolkata, ,Draw,5.8,,80902,upiid,6131,,13,,,1045,184
1153,5099,Joe Root,Barcelona,,65,male,None,,26-06-2020,4018,556,768162,41,6,6,4,,7233,,Cloudy,Win,4.2,,81053,netbanking,14454,55,6,,,4833,66
1133,5027,Messi,RCB,India,18,female,Rahul Dravid,Basketball,22-05-2020,,,508025,122,5,6,4,,,Bangalore, ,Draw,,,80122,netbanking,12628,,0,,9876543210,2934,160
1003,5172,Dhoni,KKR,Australia,38,Mle,, ,08-03-2022,,-67,,106,3,3,1,,,Mumbai,Cloudy, lose,,,80956,upi,,,28,,,470,98
1107,5016, ,,INDIA,32,Female,John Smith,,01-06-2022,,,,71,4,3,5,43961,, , ,,6.9,,80986,creadit card,-724,107,11,abc@gmail.com,12345,4379,50
1114,5126,Dhoni,CSK,India,8,male,,footbal,17-12-2021,,,,64,9,9,2,,18438, ,Sunny, lose,1.2,,81251,upi,14153,,27,abc@gmail.com,,371,24
1028,5122,Smith,KKR,INDIA,18,Male,Rahul Dravid,,05-12-2023,,925,,108,1,4,0,10785,5446,Delhi,Cloudy,Lose,,,84433,credit card,,117,0,,9876543210,3403,174
1058,5167,Dhoni,Barcelona,,31,Mle,Rahul Dravid,Tennis,07-10-2021,522,,721865,52,6,1,1,,8279, ,Cloudy,DRAW,,4,80990,,,77,2,xyz@,12345,1403,131
1124,5130, ,Lakers,India,10,Mle,Rahul Dravid,Football,27-07-2021,-1758,,,134,3,8,3,25960,,Bangalore, ,Lose,8.9,5,82320,upiid,,103,1,,,4602,114
1097,5075,Hardik,RCB,Australia,42,Other,,Basketball,28-08-2020,,,423520,132,1,9,1,5679,13769, ,rainy,win ,,1,80901,credit card,9168,,2,abc@gmail.com,,3946,10
1016,5193,Messi,Lakers,INDIA,19,Other,,Tennis,10-04-2023,,,,23,5,3,3,,,Bangalore,,win ,,6,82086, ,1718,,3,abc@gmail.com,,4075,134
1106,5045,Messi,RCB,england,51,male,,Tennis,05-12-2023,,2434,598567,27,1,8,3,,, ,,Lose,9.6,1,83992,upi,,41,13,user@yahoo,9999999999,4673,98
1042,5157,Smith,RCB,England,61,mal,John Smith,Tennis,21-04-2021,,,,61,9,2,4,13227,, ,Cloudy,Win,,,84521,upi,10903,113,22,xyz@,,2520,52
1079,5068,Bumrah,CSK,India,65,Male,John Smith,Football,08-08-2020,,,,16,1,8,1,,,,,Draw,,,84709,credit card,,,17,user@yahoo,9999999999,1007,50
1193,5136, Virat,RCB,,34,female,Rahul Dravid,Cricket,31-03-2023,,-394,755436,19,6,0,2,,,Kolkata,rainy, lose,9,7,83580,netbanking,,7,22,,,3346,110
1161,5084,Bumrah,RCB,Sri Lanka,14,male,,Cricket,12-04-2021,,1169,558686,2,0,6,3,,13339,,rainy, lose,,2,82802,,11947,,4,abc@gmail.com,,667,58
1007,5010,Rohit ,Lakers,Sri Lanka,13,mal,None,Tennis,04-04-2020,,,787788,164,6,3,4,46163,16906,Chennai,Cloudy,DRAW,4.7,,82204,upi,18200,112,14,,,1446,180
1140,5068,Ronaldo,,England,56,femal,Rahul Dravid,Football,05-12-2023,5109,,936490,142,9,6,2,,145,Kolkata,,Lose,,3,80871,upi,1823,102,15,abc@gmail.com,,3966,13
1105,5098,Rohit ,,Australia,18,femal,,Cricket,06-03-2021,2107,125,,50,4,9,1,,6412,,rainy,DRAW,2.2,6,82824,upiid,,,7,xyz@,,1907,125
1007,5090,Smith,Barcelona,,21,Female, ,Football,27-11-2022,,2487,496889,175,0,5,2,40674,,,Rainy,win ,,,82902,creadit card,,16,23,abc@gmail.com,9999999999,2367,59
1095,5193, ,MI,,12,female,John Smith,basktball,31-07-2020,2,2414,57410,135,5,3,1,,,Delhi,rainy,Draw,4.7,4,84730,credit card,5612,77,20,,9999999999,2105,167
1093,5158,Joe Root,,england,17,male, ,basktball,24-10-2020,4207,674,1199037,140,6,3,3,10470,16521,Chennai,,Win,6.4,,82503,upiid,,,25,user@yahoo,,4368,53
1064,5160,Joe Root,RCB,Sri Lanka,34,Other,Rahul Dravid,Basketball,01-01-2024,,,1409959,175,0,7,0,,,Delhi,Sunny,,9.3,,83403,netbanking,2540,,7,,9876543210,3029,186
1170,5166,,Barcelona,Australia,14,mal,,Basketball,13-06-2021,-184,,564042,2,8,6,0,36597,,Chennai,Cloudy,Lose,,2,82191,cash,,29,27,xyz@,9876543210,40,20
1038,5093,Joe Root,,Sri Lanka,35,Female,,,17-05-2021,,468,,192,6,3,5,41778,,Chennai,Rainy,,9.5,0,83882,netbanking,2726,,29,xyz@,,4833,191
1080,5173,,MI,,22,Other, ,Basketball,10-06-2022,-388,,973412,72,0,5,5,,17690,, ,,3.2,,84582,netbanking,,,24,abc@gmail.com,9876543210,4804,96
1186,5164,Joe Root,MI,australia,52,Mle, ,footbal,12-09-2021,,,,158,2,5,3,22700,3604,Mumbai,Rainy, lose,,,83207,creadit card,,,6,abc@gmail.com,12345,125,10
1083,5114,Bumrah,KKR,sri lanka,60,Male,John Smith,Cricket,28-08-2023,,1354,1455534,104,4,0,2,,3028,Delhi, ,,,,83658,upi,,52,5,,,777,154
1087,5187,,,Sri Lanka,18,male,,Cricket,05-12-2023,,1956,,117,3,1,1,6770,,Delhi,,DRAW,,6,83097,upiid,,58,6,,,835,147
1085,5030,Ronaldo,Barcelona,india,25,Mle,Rahul Dravid,footbal,03-09-2022,1308,1197,487791,153,1,3,0,51020,,Chennai,Rainy,win ,,,83078,credit card,1458,,22,xyz@,12345,878,61
1092,5010,Hardik,CSK,australia,53,femal,Rahul Dravid,,23-05-2022,1712,1760,,183,0,5,1,,11004,Kolkata,rainy,Draw,,,82638,credit card,16301,34,18,,9876543210,4489,77
1085,5086,Rohit ,KKR,,41,femal,None,Cricket,31-12-2021,,,590287,33,3,5,3,,,,Sunny, lose,3.5,2,83086,,18146,,21,abc@gmail.com,9876543210,4923,118
1043,5120,,Lakers,sri lanka,53,femal,, ,31-01-2021,,-208,118398,136,6,0,2,28818,8671,,Sunny,Draw,8.7,,82946,netbanking,,86,21,,,836,162
1136,5129,Rohit ,,England,43,Female, ,Basketball,12-12-2022,,,697583,61,3,7,1,3302,,Kolkata,rainy,Lose,,,83471,creadit card,16980,,26,abc@gmail.com,9876543210,524,84
1164,5104,Dhoni,KKR,England,64,mal, ,Basketball,05-12-2023,,1869,194323,119,8,1,2,17135,4095,,,,,,84302,creadit card,,37,24,,,1251,172
1073,5026,Smith,Lakers,INDIA,51,Male, ,footbal,29-03-2020,,1527,888857,114,7,4,0,34750,,Kolkata,,DRAW,,0,81624,creadit card,16959,93,0,,,4241,18
1035,5001,,MI,australia,41,male, ,Tennis,,,2190,860443,12,7,3,1,,,Kolkata,rainy,win ,5,1,82957,creadit card,,51,12,abc@gmail.com,9999999999,734,121
1100,5102,Smith,Lakers,England,68,Female,John Smith,Cricket,04-04-2023,,,,68,4,4,4,50655,,Chennai,rainy,win ,,5,83287,credit card,17620,20,6,,,168,112
1155,5100, ,,Sri Lanka,65,Female, ,Basketball,20-10-2022,3831,,,168,0,4,0,,,,,Win,8.3,0,81525,upiid,5486,80,0,xyz@,,1148,72
1169,5020,Rohit ,RCB,sri lanka,67,Female, ,footbal,11-01-2022,1494,1713,,76,8,9,2,,8772,Mumbai,rainy,Draw,,,81482,upiid,11178,,9,abc@gmail.com,,299,144
1170,5057,Joe Root,Lakers,Sri Lanka,45,femal, ,Cricket,22-03-2022,5770,,743270,0,1,7,3,28317,13176,Delhi,Cloudy,DRAW,,6,80258,upi,,,12,xyz@,12345,3321,104
1169,5132,Bumrah,,,65,Female,John Smith,footbal,,,,467813,88,5,9,4,2788,,Chennai, ,DRAW,5.8,,80453,upi,,98,3,,12345,521,77
1103,5179, ,,india,69,male, ,basktball,05-09-2023,,1707,29326,46,9,6,5,49543,18130,Chennai,,Draw,9.9,0,80798,upi,10641,83,28,user@yahoo,12345,617,26
1065,5172,Bumrah,Barcelona,,66,mal,None,Basketball,20-01-2021,5041,275,,3,4,8,1,,16768,,Cloudy,,9.8,,84470,upiid,,,6,,12345,3584,193
1054,5084,,Lakers,England,45,mal,Rahul Dravid,basktball,05-11-2023,,,,190,9,0,5,,,Delhi, ,Win,5.3,0,82511, ,,53,5,abc@gmail.com,9999999999,1717,194
1199,5092,Bumrah,CSK,sri lanka,29,Mle,John Smith,footbal,19-05-2020,,,,179,7,5,0,15530,, ,,win ,2,3,84170,netbanking,,2,5,,9999999999,4601,103
1175,5019,Ronaldo,KKR,australia,64,mal,None, ,21-03-2023,,2030,,9,2,5,1,48408,15632,,Rainy,Win,,,80241,upiid,,,20,xyz@,,301,155
1090,5060,Ronaldo,Barcelona,india,36,Mle,,Tennis,12-05-2023,5091,877,190572,27,5,1,1,,,Mumbai,,Lose,,,81712,upiid,,76,10,xyz@,9876543210,652,4
1021,5037,Messi,Barcelona,England,18,Other,None,footbal,29-10-2022,,,452348,120,5,7,4,,,Kolkata,Sunny,DRAW,,5,84218,cash,,,22,abc@gmail.com,12345,3301,51
1100,5147,Dhoni,RCB,england,61,mal, ,Football,22-11-2020,-1475,863,,125,9,5,4,,,Delhi,Sunny, lose,,,82002,upiid,15952,,8,,9999999999,4159,131
1154,5024,Bumrah,,,46,mal,John Smith,,05-12-2023,,,,133,2,9,4,46134,3453,Mumbai,Sunny, lose,,5,83327,creadit card,,84,29,user@yahoo,12345,2637,87
1120,5129,Joe Root,,India,42,male, ,Basketball,19-01-2023,,,,154,6,8,4,56545,60,,,Win,,,82281,upiid,15662,8,21,abc@gmail.com,9876543210,2279,66
1092,5120,Dhoni,KKR,sri lanka,50,female,None,Cricket,28-10-2022,,,635771,139,3,9,3,54720,11591,Kolkata,,Win,3.6,0,80496,upi,,,25,user@yahoo,12345,1622,144
1194,5159,Bumrah,Lakers,INDIA,44,Other,John Smith,Football,02-06-2020,,2127,,61,4,4,2,57825,11686,,Sunny, lose,3.5,,83111,creadit card,14716,25,6,abc@gmail.com,,4414,28
1107,5025,,Lakers,india,21,mal,John Smith,,17-11-2020,2217,,,179,8,6,4,16486,10731,Delhi,Rainy, lose,7.2,,80726,,,62,8,user@yahoo,9876543210,1681,44
1140,5197,Hardik,MI,Australia,69,Male,John Smith,,,,,511784,175,5,5,0,,10592,Mumbai,Rainy,Lose,7.3,3,81831,upi,,,22,abc@gmail.com,9876543210,4924,146
1172,5168, ,RCB,Sri Lanka,36,Male,None,footbal,23-07-2022,-1590,331,,66,9,4,1,,1714,Chennai,Cloudy,win ,7.9,,81821,upiid,,109,5,xyz@,9999999999,91,2
1009,5066,Ronaldo,Lakers,india,35,Mle,Rahul Dravid,Football,20-03-2021,-1957,1604,847339,173,3,5,5,,,Mumbai,,Lose,,,81816,,19599,74,18,,9876543210,3706,172
1008,5000, ,Lakers,india,19,Mle,Rahul Dravid,,23-12-2022,2523,,,73,7,3,4,,6339,,,Draw,,,80091,upi,19836,,13,user@yahoo,9999999999,960,148
1181,5050, Virat,,sri lanka,47,Other,None,,09-01-2020,,,,94,8,2,0,28361,17243,Kolkata,Rainy,Draw,,,83432,cash,1894,,0,,12345,4159,56
1154,5004,Rohit ,,australia,61,Mle,Rahul Dravid,,09-12-2021,,2234,39875,142,9,0,3,,,Kolkata,, lose,,,81969,netbanking,11680,75,25,,,843,120
1033,5012,Hardik,Barcelona,INDIA,58,Male,Rahul Dravid, ,22-12-2022,3178,,209605,198,4,0,0,40400,7967,,Rainy,,3.8,1,82384,credit card,17303,4,15,,,218,104
1128,5146,,Barcelona,England,36,female,,basktball,01-04-2020,2351,,113434,35,1,5,5,1886,,,Rainy,,2.8,0,83679,creadit card,1298,95,8,user@yahoo,12345,703,151
1159,5139,Messi,MI,australia,25,Other,John Smith,Cricket,10-07-2021,2853,,,141,5,8,5,,,,rainy,DRAW,,6,84608,credit card,,51,22,,,4714,118
1088,5047,Hardik,KKR,Sri Lanka,28,Female,None,footbal,29-01-2021,3823,4,257550,111,7,7,0,,,Kolkata,Cloudy,Draw,,3,80602,upi,,18,14,user@yahoo,,246,60
1092,5152,,MI,england,24,Female,,footbal,13-10-2021,1905,,1114718,130,4,1,3,43102,,Delhi, ,Lose,,,80427, ,17615,64,18,,12345,4037,199
1070,5056, ,Barcelona,sri lanka,46,Male,John Smith,Cricket,26-07-2022,2639,2636,,112,0,8,5,29970,1652,Chennai,Cloudy,Draw,,,82019,creadit card,,98,9,abc@gmail.com,9999999999,56,173
1066,5114, ,,india,21,Other,Rahul Dravid,basktball,03-03-2022,2144,340,558528,109,7,7,3,48539,1071,Bangalore,Sunny,,,5,81456,cash,,,15,user@yahoo,,3959,47
1147,5034,Bumrah,,sri lanka,67,Mle, ,Tennis,,2579,-443,493472,113,8,8,1,18030,17017,, , lose,,,80006,creadit card,13391,,24,,,4852,78
1116,5075,Bumrah,KKR,INDIA,54,male,None,basktball,29-10-2022,,,,66,0,3,4,44243,,Bangalore,Sunny,DRAW,2,,82434,,19534,38,2,,12345,1858,165
1093,5093,,,england,59,Female,Rahul Dravid,basktball,15-05-2022,5170,,,125,7,8,5,50396,,Kolkata,,,2.5,4,81373,cash,8316,,18,,9999999999,1912,136
1162,5004, Virat,,sri lanka,57,mal,,Football,24-04-2020,,212,,85,9,1,0,,,Kolkata,rainy, lose,,,80640, ,,,12,xyz@,,4221,133
1098,5021,Dhoni,KKR,Australia,61,Mle,Rahul Dravid,Cricket,29-03-2023,723,,506791,18,1,0,2,,6528,Delhi,Cloudy,win ,7.5,,83762,netbanking,7945,,13,user@yahoo,12345,266,23
1112,5102, Virat,KKR,INDIA,9,Male, ,,31-03-2021,-1203,,,181,3,8,2,564,4087,,, lose,,0,84005,creadit card,6911,13,6,abc@gmail.com,,3482,105
1102,5184,Messi,CSK,,20,Male,None,Football,24-01-2024,,1645,755509,68,1,9,1,4868,,Chennai,,,,5,82230,,1823,,1,xyz@,12345,1680,10
1090,5174,Bumrah,CSK,Australia,33,mal,,,09-03-2021,,2021,,9,1,7,2,,4020,Delhi, ,Lose,,1,84660,creadit card,,,25,,,3193,113
1089,5181,,,India,26,female,Rahul Dravid,,05-12-2023,4098,722,135191,160,9,6,1,46927,, ,Sunny,Lose,,4,83811,upi,,24,13,,9999999999,1531,27
1016,5130,Messi,Lakers,Australia,32,mal,None,basktball,08-05-2021,-1160,-119,1301256,140,2,7,4,31679,17458, ,rainy,win ,,,83306, ,,,22,xyz@,9999999999,2006,99
1017,5123,Bumrah,MI,England,57,male, , ,,,,,127,7,0,1,,4981,Bangalore, ,,3.5,,80445,netbanking,,,22,xyz@,9876543210,4705,1
1172,5052,Bumrah,,sri lanka,42,female,None,Cricket,17-02-2020,,,556353,98,3,8,3,,,Bangalore,,Lose,6.2,4,83941, ,,94,16,abc@gmail.com,9999999999,4564,71
1115,5158,,MI,,37,femal,,Cricket,14-11-2021,,,1386772,178,6,9,3,,,Bangalore,rainy,DRAW,,,84295,upiid,,20,12,xyz@,9876543210,4896,115
1092,5068,,,INDIA,67,female, ,basktball,11-01-2023,4139,,,31,9,8,3,,10681,,Sunny,Draw,6.5,,82995,upi,,,25,,,4228,136
1180,5103,Bumrah,RCB,,13,Mle, ,basktball,12-05-2023,,398,,111,2,8,5,10358,10444,Mumbai,,,3.9,,80512,cash,3909,,26,,9999999999,3450,139
1090,5160,Joe Root,RCB,sri lanka,63,Mle,,Tennis,08-06-2020,,,1045872,23,9,5,3,,11056,, ,win ,9.2,5,80989,netbanking,,78,1,xyz@,,1019,127
1081,5199,Smith,CSK,sri lanka,45,mal,John Smith,Cricket,,2891,,,34,2,3,3,19036,,Bangalore, ,Lose,7.3,6,81401,cash,,,4,xyz@,9876543210,317,116
1067,5177,Hardik,Barcelona,India,15,Mle,John Smith,Football,01-10-2023,734,,657659,82,1,1,3,58608,,Chennai,Sunny,Win,2.3,5,81812,netbanking,,82,29,,12345,1600,156
1192,5015,Joe Root,Lakers,sri lanka,58,Other, ,Tennis,07-07-2021,3620,1219,1072142,69,5,3,3,,,Delhi,rainy,Win,,0,80545,upiid,11853,,3,xyz@,9876543210,710,34
1113,5115,Rohit ,,England,52,Male,Rahul Dravid,Football,19-01-2024,-624,1369,327106,167,5,6,5,,3061,,,DRAW,4.3,0,82533,creadit card,,70,29,xyz@,9999999999,3196,171
1000,5075, ,Lakers,sri lanka,16,male,, ,,,-147,,181,0,0,3,,13418,,Cloudy,DRAW,,0,82009,upi,12578,,2,abc@gmail.com,,450,156
1057,5108,Ronaldo,Lakers,Australia,65,Female,None,,20-01-2023,,646,889949,108,6,8,3,,4132,Kolkata,,DRAW,7.8,,83432,credit card,4857,,25,xyz@,,1881,177
1153,5038,,,sri lanka,11,female,Rahul Dravid,basktball,20-03-2020,760,112,545214,171,3,2,4,,,Mumbai,, lose,,2,84085,netbanking,,,13,,,1743,189
1108,5088,Messi,Lakers,INDIA,22,mal,,Basketball,05-09-2022,,,1423112,189,2,3,5,,,Mumbai,rainy,Draw,,,82215,credit card,,52,10,,,1323,165
1147,5173,,KKR,England,55,femal,,,,-355,1844,1195463,98,7,4,3,9224,2290,,rainy,Draw,6.8,,84985,credit card,,,7,user@yahoo,,3560,131
1115,5111,Smith,Barcelona,INDIA,52,Mle,,Basketball,29-01-2020,-311,,,195,1,2,1,32990,17796,, ,win ,6.6,,83665,,,,22,,9999999999,2680,9
1086,5046,Rohit ,RCB,india,42,mal,None,Cricket,15-07-2021,,,67870,32,8,3,4,32536,,,Sunny,DRAW,5.1,5,80827,cash,32,,8,xyz@,,4237,89
1009,5171,,CSK,,68,male,,Basketball,28-01-2020,,,965808,55,7,4,5,,,Chennai,Rainy,Draw,,5,82184,credit card,,,15,abc@gmail.com,9999999999,3051,130
1058,5136,Dhoni,Lakers,INDIA,62,male,John Smith,basktball,08-07-2022,2664,621,,163,7,0,2,,,,Sunny,DRAW,,,82162,credit card,-743,64,2,,,4664,23
1040,5127,Bumrah,,,15,Male,Rahul Dravid,Football,11-10-2020,-1053,,1435542,181,2,8,0,,3279,,Rainy, lose,,7,81275,upi,17797,21,9,user@yahoo,,2351,179
1104,5177,Bumrah,MI,,43,male,John Smith,Football,21-09-2022,671,2107,,146,3,9,5,47371,19038,,Sunny,Draw,7.8,,81516,credit card,,24,0,user@yahoo,9876543210,2704,145
1132,5076,Ronaldo,RCB,,38,Female,,Tennis,25-05-2022,,2399,,170,1,9,4,,9196,Kolkata, ,,5.5,,81312,,,,8,,9876543210,2640,153
1121,5187,Ronaldo,,Australia,33,male,John Smith,Cricket,05-12-2023,,,,11,1,3,3,,9403, ,Rainy, lose,,,83523,credit card,3114,94,15,xyz@,12345,4125,155
1192,5014,Ronaldo,Barcelona,INDIA,66,female, ,Tennis,07-09-2021,4554,,67449,10,3,8,4,1241,17128,Bangalore,,Win,4.1,,80515,upiid,,,8,abc@gmail.com,,3448,20
1144,5035,Rohit ,Barcelona,sri lanka,49,Other,Rahul Dravid,Cricket,14-05-2022,,,,69,5,3,0,20145,,Chennai,Cloudy,win ,,6,84783,creadit card,5094,98,27,xyz@,,694,73
1021,5062, ,Lakers,,45,male, ,,05-12-2023,807,,511743,139,4,0,0,49501,12523, ,rainy,win ,,,81019,credit card,,,11,user@yahoo,,4253,164
1097,5068, ,Barcelona,england,53,Male,John Smith,,22-04-2020,,,1327061,40,0,4,5,59965,17334, ,Rainy,Lose,,,81295,creadit card,19861,,0,abc@gmail.com,,2193,156
1168,5168,Joe Root,,Australia,55,femal,Rahul Dravid,Football,12-05-2023,,,1386869,152,9,8,3,32684,,Delhi, ,Lose,,3,81049,credit card,5976,,15,xyz@,,339,29
1067,5073,Messi,KKR,australia,60,femal,Rahul Dravid,footbal,09-07-2021,-1488,,246432,105,0,2,3,49254,9746,Mumbai,Rainy,win ,3.4,,82340,credit card,,,29,,9999999999,1768,120
1196,5023,Joe Root,CSK,India,16,Male,Rahul Dravid,Football,21-07-2020,5056,,,2,5,4,1,,, ,Sunny,DRAW,3.1,,81257,,,23,7,,9876543210,91,170
1138,5048,,CSK,england,11,female,None,Tennis,01-08-2020,,576,607347,2,2,2,0,,6613,Kolkata,Rainy, lose,,,82278,upiid,10064,10,13,user@yahoo,9999999999,4424,58
1055,5145,Hardik,RCB,australia,41,female,Rahul Dravid,Basketball,05-12-2023,,430,444843,83,2,2,3,,19899,Mumbai,Cloudy,win ,8.2,,82985,cash,,,13,,,171,118
1178,5006,,MI,england,19,Male,John Smith,Tennis,06-10-2023,,1072,907477,155,6,0,0,26181,1093,Mumbai,Sunny, lose,,,83869,netbanking,12040,,9,xyz@,,2749,32
1148,5003,Dhoni,RCB,sri lanka,42,Male,None,Tennis,29-04-2021,,2442,,150,0,1,1,48700,13099,,rainy, lose,4.2,,81144,credit card,16349,4,0,abc@gmail.com,12345,3102,140
1098,5089,,Lakers,england,64,Male,,Basketball,03-01-2023,-243,2997,,175,0,1,2,23696,19643,Chennai,Cloudy,Win,,7,84613,cash,,,5,,12345,620,158
1075,5196,Messi,CSK,Sri Lanka,22,Male,None,footbal,10-03-2022,1733,,51695,194,9,8,0,,7414,Delhi,rainy,,3.3,6,80705,cash,,,8,,,988,60
1025,5059,Hardik,,Sri Lanka,59,mal, ,Basketball,01-06-2021,1840,-276,1036255,169,2,6,1,11443,8497,Chennai,Rainy,Draw,3.9,,82424,upi,14077,41,18,user@yahoo,,76,139
1114,5054,Bumrah,Lakers,England,16,female,None,Basketball,12-05-2022,,38,,106,7,7,1,,, , ,Lose,,4,83571,netbanking,,34,21,xyz@,12345,2198,101
1146,5015,Smith,MI,INDIA,23,Mle,Rahul Dravid,Cricket,01-06-2022,63,-317,,167,0,1,1,,,,Sunny,win ,3.5,2,81934,upi,,,15,,,4237,139
1108,5028,,RCB,australia,66,mal,John Smith,Tennis,05-12-2023,1386,92,,133,9,8,4,20449,7603,Kolkata, , lose,,,82484,upiid,-561,57,18,xyz@,12345,230,112
1187,5150,Hardik,RCB,India,11,Other,None,footbal,15-10-2022,2382,2632,364409,19,3,2,5,,,, ,Win,,,81745,upi,,,10,,9999999999,2175,111
1198,5013,Smith,Barcelona,india,40,female, , ,19-02-2023,5114,,,138,8,9,3,,,Kolkata,,Lose,8.3,,80969,netbanking,,,29,abc@gmail.com,,2907,80
1046,5078,Bumrah,RCB,australia,62,Female,John Smith, ,27-08-2023,353,,,95,3,1,0,31700,16283,Chennai,Cloudy,Win,,,82546,netbanking,1160,,20,,9876543210,2544,99
1070,5176, Virat,Lakers,sri lanka,46,Male,Rahul Dravid,basktball,02-04-2023,,,,123,9,0,5,,641,Delhi,,win ,3.4,1,82647,netbanking,13093,,10,,9876543210,3612,178
1153,5032,Dhoni,CSK,,42,Male,,footbal,05-12-2023,-1808,2727,358808,154,7,8,4,,,Delhi,rainy,Lose,,7,80777,,,,13,user@yahoo,12345,2857,1
1039,5152,Smith,RCB,australia,64,Female,None,Tennis,09-01-2020,,,,20,6,7,0,53685,,Mumbai,rainy,Win,,7,81333,upi,,8,6,,12345,1553,89
1132,5020,Bumrah,RCB,Australia,12,Female,None,basktball,,1295,,907147,113,2,3,5,,2443, ,Sunny,,9.1,1,82117,cash,,2,26,abc@gmail.com,9999999999,4364,113
1148,5144,Hardik,Barcelona,,23,Mle,,Cricket,12-05-2023,,,,12,6,6,4,,,Bangalore, ,Win,,2,82388,cash,11491,111,25,user@yahoo,9876543210,2665,27
1131,5022,Smith,Barcelona,,42,Female,John Smith,basktball,07-08-2021,,294,,85,6,2,3,37198,6938,Chennai,Sunny,win ,1.4,0,83103,credit card,,,11,abc@gmail.com,9876543210,3740,116
1022,5056,,,india,43,mal,, ,15-03-2020,,1180,,34,9,2,1,22179,,Bangalore, , lose,,,83114, ,,,19,user@yahoo,,961,32
1105,5185,Messi,MI,India,13,Male,,,06-08-2021,,,,46,2,3,5,,,Kolkata, ,,1,2,84213,netbanking,13157,119,19,,,1627,6
1083,5141,,Lakers,england,29,Male,None,Basketball,,,,,155,1,1,5,,12818,Chennai,Rainy,Win,4.2,7,82936,cash,,32,22,,9876543210,1967,41
1142,5092, Virat,Lakers,INDIA,41,Female,,Tennis,,,872,,148,8,9,0,29429,,Delhi, ,win ,,,84110,cash,3335,9,4,abc@gmail.com,9999999999,3331,164
1115,5019,Joe Root,MI,INDIA,42,mal,,footbal,12-05-2023,,,,145,0,3,1,,11251,Bangalore, ,Draw,,,81345, ,9562,,0,,9876543210,1074,167
1108,5157,Messi,MI,Sri Lanka,13,male, ,Tennis,25-09-2023,2414,2884,,158,6,9,3,,,,Sunny,Lose,,4,82041,upi,10273,68,10,,12345,3204,87
1135,5018,Joe Root,Barcelona,INDIA,24,female,John Smith,Cricket,26-11-2021,,,698896,187,3,2,0,21256,4203,Bangalore,Rainy,Lose,2,0,82674,creadit card,,94,14,xyz@,,1028,158
1040,5180,Bumrah,RCB,Australia,24,male,Rahul Dravid,Football,24-05-2021,-217,2260,,124,1,7,2,,19909,Kolkata, ,Win,,5,81555,upiid,11498,17,9,user@yahoo,12345,647,57
1111,5102,Ronaldo,Barcelona,england,29,Other, ,Football,,-1134,,,109,1,1,2,,,,Rainy, lose,2,0,80689, ,5312,68,28,user@yahoo,,4833,139
1146,5183,Messi,RCB,INDIA,43,female,Rahul Dravid,Football,30-03-2022,,,,36,7,8,2,1215,,Bangalore,Sunny,,1.3,2,84869,credit card,,,14,abc@gmail.com,,3162,90
1111,5076,Messi,CSK,,16,Other,,Tennis,02-10-2022,,1544,1178609,20,6,2,3,11819,,Bangalore, ,,,,83452,upiid,,,27,abc@gmail.com,12345,4915,131
1102,5150,Bumrah,Lakers,england,60,Other,John Smith,Basketball,25-08-2023,,,1313939,13,6,3,2,8192,,Delhi,Cloudy,Win,1.1,5,81534,upi,,,12,abc@gmail.com,9876543210,902,48
1045,5189, ,CSK,england,19,Male,,Tennis,09-01-2020,,-338,,90,4,9,5,17337,8305,Mumbai,rainy,Lose,4.6,,80119,credit card,,77,14,abc@gmail.com,,4067,134
1155,5032,Bumrah,CSK,,10,mal,John Smith,Tennis,02-01-2024,289,,,59,9,9,0,,,, ,,,6,84159,upi,10911,,1,user@yahoo,9876543210,1503,7
1067,5017,Dhoni,Barcelona,Australia,35,Male,John Smith,,31-01-2023,,,,123,7,2,5,54043,7379,,Sunny,DRAW,2.7,,84555,cash,,,21,xyz@,9999999999,2862,44
1121,5072, Virat,Barcelona,Australia,39,femal, ,Basketball,26-07-2022,-1525,,,22,1,2,2,,13702,,, lose,,3,84054,upi,14480,34,12,user@yahoo,9999999999,4478,61
1014,5160,Dhoni,Barcelona,England,62,Mle,Rahul Dravid, ,25-04-2020,4303,,,110,1,7,0,,,,Cloudy,win ,,1,82852,creadit card,12728,57,11,xyz@,12345,2897,182
1164,5159,Rohit ,MI,india,61,Female,, ,19-11-2020,788,,423709,123,4,7,5,33221,13663, ,Sunny,Lose,,,81613,creadit card,6817,48,24,,9999999999,1345,179
1128,5188,,RCB,Australia,21,mal, ,Basketball,03-02-2022,,,239362,156,0,5,3,,,,, lose,,7,83033,creadit card,,,22,,,489,86
1194,5181, ,KKR,australia,16,Other,None,,12-03-2023,,2554,447890,174,5,3,1,,, ,Cloudy,Draw,7.3,5,82783,,,,3,user@yahoo,12345,425,48
1110,5016, ,Lakers,INDIA,59,Mle,,Cricket,12-05-2023,1059,45,1097597,29,3,0,5,21775,,Mumbai,, lose,2.3,,82936,credit card,,,27,user@yahoo,9999999999,2731,61
1023,5018, ,CSK,england,58,mal,John Smith,footbal,,,,283855,114,5,3,4,,,,Rainy,,,2,84063,credit card,12896,39,11,,,3991,97
1026,5069, Virat,Barcelona,india,22,female,,Football,07-04-2022,,802,370808,89,6,7,2,,,Mumbai,Rainy,Lose,,,83888,cash,,,14,,9999999999,1407,168
1039,5119,Dhoni,Lakers,,52,Male,, ,,,11,875027,37,2,5,4,46109,4104,Kolkata,rainy,,7.6,,83784, ,,,12,,,422,131
1190,5100,Joe Root,Lakers,,48,Male,Rahul Dravid,basktball,09-07-2020,3650,,,82,7,1,1,,,,Rainy,Lose,6.2,5,82626,credit card,,,1,user@yahoo,,2955,158
1188,5033,Hardik,CSK,INDIA,13,Male,,Cricket,02-01-2020,,368,859921,26,6,2,3,,8578,Bangalore,Cloudy,Win,,,83544,cash,5248,,19,abc@gmail.com,,1214,152
1163,5083, Virat,RCB,Australia,41,Mle, ,footbal,15-02-2020,,1129,727553,103,0,6,5,33365,,Chennai,Sunny,Draw,5.7,,81149,,,,15,,9876543210,3942,195
1023,5152,,,Sri Lanka,17,female,,Cricket,12-05-2023,,,,115,5,3,3,,,,Rainy,Draw,,,84802,upiid,,,13,xyz@,9876543210,1800,2
1023,5195,Ronaldo,MI,INDIA,47,female,John Smith,basktball,10-06-2021,,,413933,14,6,3,1,,, ,,Lose,8.8,2,81709,,,93,20,user@yahoo,12345,4950,44
1003,5073,Hardik,Barcelona,,36,mal,John Smith,Tennis,16-08-2023,-1360,,1320843,186,3,4,4,,,Chennai,Rainy,Draw,,6,83158,cash,10443,,1,,9999999999,4460,168
1066,5087,Bumrah,CSK,australia,12,Female,Rahul Dravid,Cricket,24-11-2021,522,,290387,2,1,7,5,,11631,Kolkata,, lose,8.7,3,81366,creadit card,19549,91,16,xyz@,12345,2069,19
1033,5084,Ronaldo,Barcelona,England,35,Female,, ,05-11-2023,,2590,438203,9,9,6,2,34511,,Delhi,rainy,DRAW,9.5,5,84049,netbanking,13789,,15,abc@gmail.com,9876543210,4643,191
1184,5010,Rohit ,Barcelona,India,54,female, ,Football,05-12-2023,4097,,,119,8,8,0,,,,,Lose,1.7,7,84490,creadit card,,16,3,abc@gmail.com,,2377,152
1176,5090,Smith,,,48,Other,Rahul Dravid,,05-08-2021,3252,-203,663360,144,6,4,3,,,,Rainy,Lose,,2,84579,creadit card,12198,,10,,9876543210,2103,50
1180,5143,Smith,CSK,india,42,Female, ,Football,23-06-2021,159,2896,1349471,127,0,0,1,32357,,Mumbai,,Lose,5.5,4,84761,netbanking,,,12,user@yahoo,,1271,20
1115,5188,Joe Root,Barcelona,sri lanka,13,Female,,basktball,31-01-2020,,1988,-16430,10,7,3,5,,,,, lose,4.5,,80455,credit card,,,5,,9999999999,4356,57
1022,5126,Messi,,australia,55,Female,John Smith,Basketball,19-03-2023,,2088,,175,2,5,4,26231,19284,,rainy,,8.6,,84305,cash,,,16,abc@gmail.com,12345,3843,113
1108,5112,Ronaldo,Barcelona,sri lanka,56,femal,,Basketball,,4774,,,132,3,5,2,17666,,Chennai,Cloudy,Lose,3,,84620,,17737,118,0,abc@gmail.com,,434,50
1068,5079, ,Barcelona,india,28,Female,,footbal,17-10-2022,,190,138387,68,4,8,4,33412,,Kolkata,Cloudy,Lose,1.4,1,80675,upiid,-585,,8,xyz@,12345,3598,95
1094,5006,Dhoni,Barcelona,,37,femal,,Tennis,22-02-2023,,,,63,0,9,2,36771,,Mumbai,rainy,DRAW,,2,81001, ,,,20,,12345,3549,105
1180,5015,Smith,RCB,,18,Mle,None,Tennis,18-01-2021,,2066,,13,5,4,5,54378,13736, ,,win ,,1,84071,,,78,17,user@yahoo,,3771,186
1061,5015,Messi,Barcelona,Sri Lanka,51,femal, ,basktball,10-10-2023,4262,,,49,9,4,0,41564,211, ,Rainy, lose,,,80895,netbanking,,53,10,user@yahoo,,534,159
1168,5167,Smith,,Australia,25,male,,Tennis,20-12-2022,5776,,495780,153,5,5,0,2126,,Bangalore, ,DRAW,,5,82354,upiid,18672,39,13,xyz@,,380,165
1056,5011, Virat,CSK,,62,Mle,,Basketball,03-12-2020,,,,71,1,5,1,30821,17628,Delhi,Rainy,Win,,3,83093,cash,11331,,1,xyz@,9999999999,2150,107
1187,5034,Dhoni,MI,Sri Lanka,29,male,John Smith,Cricket,,,,,68,9,2,1,,15519, ,,Win,3.4,6,80059,cash,,93,19,abc@gmail.com,12345,4124,93
1053,5020,Messi,RCB,australia,9,Male,John Smith,Tennis,14-07-2021,3175,,673633,134,5,5,2,10139,13701,Chennai,Cloudy,,8.8,,84481, ,,66,10,,,3925,4
1069,5177,,RCB,india,10,female,Rahul Dravid,Tennis,05-12-2023,5102,,639676,126,7,7,2,,,Mumbai,rainy,win ,7.1,,82764,upiid,2632,,1,abc@gmail.com,9876543210,3128,186
1100,5170,Smith,KKR,sri lanka,56,Mle,None,,01-10-2020,5306,,1284716,15,5,5,2,32472,3662,Kolkata,Rainy,DRAW,,,81794,,3208,111,3,abc@gmail.com,9876543210,4049,138
1056,5016,Messi,RCB,,8,Male,None, ,14-12-2023,,1960,772770,182,3,4,2,54226,,Delhi,Sunny, lose,,7,83262,upiid,2865,0,26,user@yahoo,,546,63
1137,5031,,RCB,Sri Lanka,57,Female,John Smith,Tennis,11-08-2021,,1085,286190,77,3,2,5,,,,Rainy,DRAW,,5,82529,creadit card,18867,99,12,,,3616,164
1167,5040,Rohit ,MI,INDIA,9,femal,None, ,24-10-2020,,753,485206,100,8,0,5,,16789,Delhi,Cloudy,Draw,9.4,7,81942,credit card,9039,48,5,,,4422,183
1134,5133,Rohit ,Barcelona,india,57,female,None, ,22-10-2023,550,,,55,5,4,0,10443,4984,,rainy,Lose,,1,83487,netbanking,12233,111,6,xyz@,,1751,57
1102,5026,Dhoni,CSK,England,50,femal,,Football,18-10-2022,,,,104,7,5,1,35588,17025,,Rainy,Win,,,84891,upiid,,14,21,,12345,4824,171
1165,5147,Bumrah,,australia,52,female,None,Football,19-12-2023,,,,131,7,5,1,,,Kolkata,Rainy,Win,,,84987, ,18194,46,19,,,3115,105
1084,5152,Joe Root,Lakers,India,9,Mle,John Smith,footbal,25-08-2022,5389,,,47,6,5,3,59373,,Delhi,Cloudy,,6.5,,83421,cash,,,25,,9876543210,218,65
1060,5065,Smith,KKR,england,63,mal,John Smith, ,12-05-2023,4138,2960,1438324,16,2,2,1,,758,Bangalore,Sunny,DRAW,,4,84696, ,,,2,,,125,140
1002,5136, ,MI,australia,59,mal,None,footbal,24-06-2023,2257,1120,,110,9,3,1,,17276,Kolkata,,Draw,,5,84078,upiid,10480,,3,,9999999999,4977,62
1127,5091,Smith,RCB,india,54,Male,,Cricket,10-11-2022,3772,,,163,0,2,4,15316,,Mumbai,Cloudy,win ,,7,81373, ,12585,109,27,abc@gmail.com,,4414,152
1178,5180,Dhoni,Barcelona,,9,Other,Rahul Dravid,basktball,29-07-2020,5390,1874,,69,4,1,4,,,,Rainy, lose,9.5,5,83553,creadit card,,11,20,user@yahoo,9876543210,1328,130
1085,5060, Virat,,Sri Lanka,13,femal,John Smith,Tennis,12-05-2023,,,425365,79,9,7,3,,1239, ,Rainy,Lose,,,83672,,11754,48,19,user@yahoo,9999999999,1223,175
1046,5165,Smith,MI,england,28,mal,None, ,11-09-2023,-1712,,,92,9,6,2,,11353,Delhi,, lose,,7,81082,netbanking,13616,,2,,9876543210,4180,126
1195,5002, ,,,18,Mle, ,,,747,,1240793,37,1,7,3,,8388, ,,,6.8,7,84247, ,13731,82,0,abc@gmail.com,12345,2770,184
1075,5197,Ronaldo,RCB,INDIA,56,Mle,John Smith,Basketball,18-02-2023,1910,2283,837202,100,9,5,3,43055,7051,Mumbai,,DRAW,,,80933,upi,,69,18,,,1574,144
1037,5102,,Lakers,Sri Lanka,55,Mle,, ,10-06-2023,,-69,1366623,61,1,6,0,,,, ,Draw,,,82587, ,,,26,abc@gmail.com,,1942,162
1163,5054,Ronaldo,Lakers,australia,59,mal,Rahul Dravid,basktball,22-05-2021,-378,267,,120,6,0,5,,,Mumbai,Sunny,Lose,,4,84085,upiid,,14,20,abc@gmail.com,,3340,146
1168,5000,Ronaldo,KKR,Australia,48,mal,,Tennis,25-09-2020,4680,,,47,2,9,1,,,,,Lose,9.3,7,80557,creadit card,13592,95,12,,9876543210,4457,29
1196,5100,Ronaldo,KKR,sri lanka,45,Other,John Smith,Football,17-05-2022,-271,,1250905,9,7,4,0,35208,,Mumbai, , lose,4.7,,84713,creadit card,,23,13,abc@gmail.com,,2414,182
1140,5197,Dhoni,,india,13,male,,Football,22-05-2023,3442,294,744308,35,8,3,5,10575,,Kolkata,Rainy,win ,,0,84119,cash,1149,38,21,user@yahoo,12345,1254,51
1086,5044,Ronaldo,CSK,india,13,Male,John Smith,,03-01-2021,,1683,420426,156,7,9,1,,8842,,rainy,Win,9.6,2,81542,upiid,18760,,27,,9999999999,987,14
1057,5174,Rohit ,Barcelona,,52,Female,,Cricket,04-01-2020,,850,,3,5,2,3,38329,,Delhi,Cloudy,win ,5,0,82382,,220,,15,,12345,1848,94
1049,5025,Rohit ,CSK,,20,Male,Rahul Dravid,Tennis,28-02-2023,,-419,856380,43,4,1,1,,16292,Kolkata,,Draw,2.6,2,84098,cash,,56,29,user@yahoo,9999999999,3901,58
1029,5120,Hardik,Lakers,England,38,male,, ,,,1875,928143,55,2,8,2,29022,, ,Rainy,DRAW,,,81007, ,7721,,28,,9999999999,4926,163
1189,5141,Joe Root,RCB,Australia,68,Mle,None,Cricket,13-04-2021,,346,693140,41,2,7,2,31292,16791,Mumbai,rainy,Draw,,,81281, ,4069,,3,user@yahoo,9876543210,3719,137
1100,5181,Messi,Barcelona,,59,Male,None,Football,14-02-2022,,,1001074,113,6,9,3,772,6139,Bangalore,rainy,Win,,7,84358,cash,,,16,,9876543210,1317,128
1024,5198,Rohit ,MI,Sri Lanka,14,male, ,Tennis,05-12-2023,,1338,125461,140,4,1,4,45463,15051,Mumbai,Cloudy,Win,5.8,3,80120,,2041,102,9,abc@gmail.com,9876543210,1371,37
1111,5045,Messi,Barcelona,england,36,Female,John Smith,Basketball,01-04-2021,,915,58123,173,5,5,2,,18564,Mumbai,Sunny, lose,,5,84116, ,8577,23,28,,9876543210,4971,103
1154,5121,Hardik,,england,58,male,John Smith,Basketball,17-07-2021,,,,160,5,2,3,,,Delhi,,DRAW,,0,80904,upiid,1835,10,6,,9999999999,360,12
1178,5030,Joe Root,RCB,India,65,male,John Smith,Football,17-11-2023,,1868,,20,8,2,0,16581,,Chennai,,Draw,5.3,,80139,netbanking,15377,7,12,abc@gmail.com,9999999999,357,85
1184,5058,Rohit ,,,42,female,,footbal,28-04-2022,,947,746183,78,0,4,4,,,Chennai,Rainy,Win,,,81815,,-290,,24,abc@gmail.com,9999999999,3201,139
1125,5028,,Lakers,india,49,Other,Rahul Dravid,footbal,05-05-2021,-1302,,253327,184,7,6,2,,,Chennai,,DRAW,3.9,7,84301,creadit card,,,12,,,3890,27
1122,5105,Rohit ,CSK,australia,31,Mle,,,21-08-2021,394,-86,984487,68,9,6,3,,6788,Kolkata,rainy,Lose,8.8,,84138,upi,1651,,21,abc@gmail.com,12345,2783,88
1046,5016,,MI,australia,11,Male,Rahul Dravid,,10-01-2023,,,,69,4,9,3,34251,,Chennai,Rainy,win ,7.3,3,81028,netbanking,,,13,user@yahoo,12345,63,171
1117,5141,Joe Root,RCB,australia,58,male,,Cricket,05-07-2021,1413,1908,,66,5,0,0,,2355,Mumbai,,Lose,,,82254,creadit card,,,5,,12345,2228,178
1038,5163,Joe Root,KKR,,48,mal,Rahul Dravid,Cricket,25-08-2022,3302,2725,1223028,47,5,6,0,20895,11877,Mumbai,Sunny,win ,,3,80344,creadit card,,,15,user@yahoo,9876543210,2634,98
1015,5185,Messi,,sri lanka,55,male,,footbal,09-09-2020,,,,160,0,6,4,44908,, ,Sunny, lose,5.2,6,82419,upiid,,16,8,,12345,3849,20
1021,5023,Bumrah,MI,England,69,Male,None,basktball,,2824,402,,35,2,5,5,49585,,,Sunny,DRAW,5.9,6,83303, ,15382,31,19,,9876543210,3938,141
1053,5108,Smith,KKR,england,46,femal,, ,08-01-2021,4552,,,160,5,5,2,35893,1334,,rainy,Win,3.4,,83235,upiid,,,15,abc@gmail.com,9999999999,1515,47
1148,5190, Virat,RCB,,9,Female,,,12-07-2020,,,,158,8,1,3,44075,, ,Rainy,Win,6,,82594,cash,,84,20,,,579,8
1199,5090,Ronaldo,KKR,australia,54,Other, ,Football,16-10-2021,-1211,2656,,148,5,2,4,48968,,Bangalore,,Draw,9.8,1,81387,creadit card,,109,20,abc@gmail.com,,4417,197
1015,5024,Hardik,CSK,England,17,Mle, ,Basketball,07-02-2023,2414,744,,26,5,2,4,59508,,Chennai,,Lose,,,84017,creadit card,12020,84,29,,9876543210,2331,71
1058,5186, ,Barcelona,india,30,femal,,footbal,09-08-2022,5768,1230,,71,0,2,0,,16997,Bangalore,Sunny,Win,,,80983,,10301,,11,,,2413,64
1030,5031,Bumrah,CSK,India,28,male,None,Cricket,25-09-2022,,,,100,8,1,3,15803,,,rainy,win ,4.2,,84430,upi,,,15,xyz@,9876543210,2158,44
1169,5115,Smith,MI,india,32,Other,None, ,28-06-2022,,226,,189,3,8,1,517,,Delhi,rainy,Draw,,,82122,netbanking,13817,51,4,,9876543210,2125,12
1031,5081, Virat,RCB,Sri Lanka,51,female,,basktball,14-08-2023,,-102,5557,95,1,5,5,,,,Rainy,win ,,,82994,credit card,14430,49,23,,,3769,105
1186,5109,Rohit ,RCB,Australia,15,femal,Rahul Dravid,,23-09-2020,,2251,988269,127,0,1,5,,,Chennai, , lose,1.4,1,82900,cash,,27,10,abc@gmail.com,,2283,4
1161,5145,Bumrah,Lakers,,58,female,Rahul Dravid,Football,27-06-2022,-804,,,25,2,2,0,46154,713,Kolkata,Rainy,DRAW,9.7,2,80775,upiid,2833,,0,xyz@,,3766,40
1008,5036,Bumrah,CSK,Sri Lanka,66,mal,,Football,01-01-2024,-1829,,977273,65,2,9,3,,17455, ,Sunny, lose,5.6,2,83918,credit card,4620,9,9,user@yahoo,9876543210,3105,147
1138,5025,Dhoni,Barcelona,Australia,40,Mle,None,footbal,18-02-2021,,,1144872,139,4,5,4,,9482,Delhi,,,,0,84981,credit card,10807,,10,abc@gmail.com,12345,3552,182
1009,5136,Hardik,Barcelona,,49,male, , ,09-11-2020,,-437,,21,0,3,5,31064,10797,Chennai,Sunny,Lose,,,80735, ,,,14,,,3475,1
1016,5063, ,,england,26,female,,Basketball,26-05-2023,-1505,,909787,16,6,6,4,5799,,Bangalore,Sunny,Win,,,81486,cash,,53,25,,,1838,119
1067,5071,Hardik,Lakers,,56,femal,, ,02-10-2022,,,,6,0,5,2,56401,11581,Chennai, ,Lose,,5,80395,upiid,,24,26,xyz@,9999999999,221,141
1047,5147,Messi,MI,australia,26,Other,Rahul Dravid,Football,05-08-2023,5502,2359,,106,3,5,1,38991,,Chennai, ,Draw,,3,84778,upiid,-704,6,2,,12345,895,50
1179,5181,Ronaldo,KKR,india,24,Male, ,Tennis,25-11-2022,142,-426,754231,67,5,2,0,,18751,Chennai,,Draw,,,82001,,13554,15,23,abc@gmail.com,,3411,181
1110,5105,,Barcelona,Sri Lanka,18,Male,,,29-11-2020,,1092,164991,127,0,7,5,34222,, ,Rainy,Draw,,,83447,,7160,30,14,,,3008,170
1152,5085,Smith,RCB,sri lanka,13,Mle,,Cricket,24-06-2023,4184,,,36,6,8,2,26735,7277,Delhi,, lose,,,80363,creadit card,14900,,10,user@yahoo,,984,109
1122,5157,Messi,Lakers,,42,Female,John Smith,footbal,03-02-2021,,-82,993199,37,9,5,2,4265,, ,Rainy,Draw,3,,83287,upi,,,8,user@yahoo,,1632,153
1148,5052,Dhoni,KKR,,60,male,Rahul Dravid,footbal,29-11-2022,,,345653,95,6,1,1,,15980,,,,6.9,2,81854,,,,1,user@yahoo,12345,3670,44
1100,5091,Messi,MI,england,17,Female,None, ,08-08-2020,4913,,,138,2,0,0,,1583,Kolkata,Rainy,Win,1.9,,84188,netbanking,,,11,xyz@,12345,2890,109
1101,5098,Joe Root,MI,,46,male,John Smith,Tennis,21-01-2023,4607,448,,0,3,2,0,31459,8022,Kolkata,Sunny,,3.7,6,84361,creadit card,2911,,19,,9876543210,2043,98
1064,5190,Smith,MI,sri lanka,50,femal,John Smith,Basketball,12-01-2022,,,56731,152,5,2,4,,, ,Sunny,Draw,6.2,,80743,,,,29,xyz@,12345,1408,189
1190,5010,Ronaldo,Lakers,,44,Female,Rahul Dravid,Tennis,10-03-2023,,,621892,41,6,7,0,,, ,Sunny,Draw,,,80373,netbanking,,114,15,,,3872,81
1050,5030,Rohit ,,england,42,Female, ,,05-12-2023,,,891665,179,3,4,2,31060,3294,Mumbai,Sunny,Lose,,,84189,netbanking,,68,23,xyz@,9876543210,4677,149
1035,5176,Joe Root,CSK,India,38,mal,None,Football,06-02-2020,,,768638,151,9,0,4,,304,,,Win,3.3,,84127,upiid,5014,16,15,user@yahoo,,1335,179
1080,5099,Joe Root,Lakers,,26,Female, ,basktball,21-12-2021,-1566,,,180,8,3,0,22929,,Kolkata,Rainy, lose,,,83734,upi,19407,,20,,9876543210,3637,76
1126,5086,Smith,,india,39,male,,footbal,28-03-2023,,204,1397670,183,8,6,1,,,Bangalore,,Draw,,4,84084,credit card,,1,0,,12345,3458,80
1087,5146,Joe Root,KKR,,41,femal,Rahul Dravid, ,04-08-2021,5068,760,,62,8,4,2,42909,5117,Bangalore,,win ,9.6,0,80139,upi,,68,15,xyz@,,4397,52
1193,5139,Rohit ,Lakers,,66,femal,John Smith,,08-10-2022,,496,627889,80,9,9,3,55952,6701,,rainy,win ,5.5,,83020,creadit card,,93,5,xyz@,12345,3600,63
1103,5014, ,MI,india,57,Male,None,footbal,09-11-2021,4443,,,7,5,5,1,,6448,Chennai,Cloudy, lose,,2,83292,,11987,,13,,9876543210,4886,84
1014,5158,Hardik,Lakers,,12,Mle, ,Cricket,05-12-2023,,,,186,1,9,1,,,Bangalore,rainy,Lose,4,,81564,upiid,6909,,24,abc@gmail.com,,1375,182
1095,5170,Smith,RCB,india,17,mal,,Cricket,12-05-2023,,742,,172,1,3,0,40369,,Mumbai,Rainy,Lose,8.8,2,80057,cash,5220,2,24,user@yahoo,,1533,138
1166,5100, Virat,,india,19,Female,,Cricket,11-04-2021,,-80,,26,3,1,4,51969,,,,DRAW,1.1,,83496,netbanking,2365,,10,xyz@,9999999999,1952,87
1122,5164,Messi,Lakers,Australia,60,Male,, ,06-08-2023,,,234628,51,8,8,4,,6952,Bangalore,,Lose,,,82187,netbanking,5306,,0,xyz@,,3257,111
1197,5028,,RCB,England,56,Male,John Smith,footbal,23-02-2022,,,774974,145,2,1,2,47280,,Delhi, ,Lose,,,82948,,761,,19,xyz@,,2991,59
1000,5113,Rohit ,MI,,26,Other,John Smith, ,16-05-2022,1263,1239,1116118,90,5,1,0,,5224,Kolkata,,Win,,,84473,cash,4529,74,16,,,4690,8
1150,5106,Ronaldo,RCB,,40,male, ,basktball,16-02-2022,,,1209206,85,1,1,4,,,Chennai,,win ,2.8,3,80372,,,5,22,,9876543210,3496,51
1121,5153,,Lakers,,47,female,,basktball,,,,328535,15,0,0,5,11759,,Kolkata,,Lose,5,,83134, ,,55,18,xyz@,9999999999,4157,133
1166,5107,Bumrah,,england,58,Male,John Smith,basktball,11-02-2020,1086,,,65,4,2,3,37936,,,Cloudy,Draw,,5,81587, ,16382,113,1,abc@gmail.com,12345,3472,76
1125,5129,Hardik,KKR,england,10,Mle,,Tennis,,-1070,,,4,7,5,5,,6748,Delhi,rainy,,,3,80777,upi,10878,20,13,xyz@,,2917,170
1056,5083, ,RCB,India,28,mal,None, ,19-09-2023,,2875,1499574,81,9,6,0,18566,,, ,Win,3.1,4,84262,upiid,18372,,7,,12345,1165,78
1080,5014,Rohit ,Lakers,England,32,mal,None,basktball,04-12-2022,,-153,,130,9,0,0,54963,11800,Kolkata,,,2.8,7,83222,,,34,24,,12345,4561,124
1161,5131, ,RCB,,38,Male,None,basktball,08-08-2022,1309,1957,724337,117,1,4,4,35825,,,Cloudy, lose,3.2,4,83678,,17288,,22,,,2358,12
1168,5049,Rohit ,Barcelona,Sri Lanka,10,Male,,basktball,,299,529,683899,80,9,4,1,47279,,,rainy,,1.4,3,84679,upi,,116,21,abc@gmail.com,9999999999,3238,24
1072,5165,,Barcelona,Sri Lanka,40,Female,,Football,28-10-2021,4969,-161,1239824,69,8,0,0,,,, , lose,,1,82548,netbanking,,12,25,user@yahoo,9999999999,4911,45
1140,5022, Virat,KKR,,35,male, ,Cricket,19-04-2020,821,,1293692,114,7,3,1,,,Kolkata,, lose,5.9,4,82943,cash,,4,28,abc@gmail.com,,2150,53
1069,5058,,MI,sri lanka,37,female,None, ,30-01-2021,5655,,,6,2,9,2,31921,14608,Bangalore, ,Draw,,,80998,netbanking,15615,,26,abc@gmail.com,9999999999,2075,181
1005,5089,Rohit ,Barcelona,India,9,male,Rahul Dravid,,08-11-2021,,,,49,0,0,2,,17581,,Cloudy,win ,4.4,2,80559,upi,,,5,user@yahoo,,3667,145
1083,5114,Rohit ,KKR,england,10,Other,John Smith,Basketball,23-02-2022,,,39103,141,3,0,4,3128,,,rainy,Win,5.9,,83343,upi,15418,,8,xyz@,12345,4603,193
1051,5074, Virat,Barcelona,,46,Female,None,,04-02-2024,7,,383609,165,7,6,2,8641,6736,Chennai, ,win ,4.4,7,83501, ,,115,4,abc@gmail.com,12345,2181,118
1002,5155,Ronaldo,Lakers,england,11,Male,,Basketball,01-11-2023,-540,1135,,110,2,6,5,,4550,Delhi,Sunny, lose,,,84014,credit card,2374,,4,,9999999999,58,186
1080,5193,Dhoni,Barcelona,,8,Female, ,,16-10-2022,,1067,,46,9,2,5,32467,,,Rainy,,2,,83678,creadit card,8112,,17,user@yahoo,,1958,37
1062,5122,Ronaldo,CSK,India,50,male, ,Tennis,27-02-2022,2726,344,839025,111,1,6,5,1546,4025,Delhi, ,Lose,,6,84328,upi,,,21,,12345,184,75
1048,5135, Virat,Lakers,Australia,24,female,,basktball,,554,,1368615,160,6,2,4,38950,,,Sunny,Draw,,6,84655,netbanking,,58,13,abc@gmail.com,12345,2619,170
1075,5156,Hardik,MI,,64,male, ,footbal,01-09-2022,5965,1641,,42,3,1,4,17351,,Bangalore,,Draw,5.5,6,80920,netbanking,14845,,11,,,1680,198
1111,5138,Bumrah,,INDIA,23,mal,None,basktball,05-12-2023,5107,,97660,90,5,9,5,,,,rainy,Win,,5,81242,upiid,6501,66,27,,12345,577,79
1174,5017,Dhoni,Lakers,India,32,Female, , ,05-12-2023,291,280,504091,28,4,3,1,18427,,Kolkata,,Draw,7.2,,80080,,13304,,11,user@yahoo,12345,3954,168
1108,5182,Smith,MI,,30,femal, ,Tennis,26-02-2021,,1885,,127,1,9,5,18339,, ,,Lose,9,0,83620,creadit card,,52,21,user@yahoo,9999999999,4277,23
1182,5049,Joe Root,KKR,England,48,Female,None,Football,,-1738,,1030478,184,9,2,1,57027,,,Rainy,win ,10,,82661,upi,,,5,xyz@,9999999999,70,151
1191,5141,,RCB,india,29,male,John Smith,,02-07-2022,,2829,,132,1,6,2,42093,1942,Kolkata,Sunny,Lose,,2,84798, ,10036,48,3,user@yahoo,12345,555,49
1064,5117,,MI,australia,13,Male,Rahul Dravid,Cricket,27-09-2021,-499,,416669,95,8,0,1,,12450,Delhi,rainy,Lose,5.7,7,80540,,10685,95,26,xyz@,,851,128
1080,5136,Rohit ,Lakers,england,31,Mle,Rahul Dravid,basktball,01-09-2023,,1058,393353,187,9,5,0,30724,8796,Kolkata,Sunny,Lose,6.8,2,81274,upi,,,14,abc@gmail.com,,1218,135
1194,5138,Bumrah,Lakers,India,54,femal,None,footbal,23-08-2020,3921,,,116,1,1,3,,,Kolkata,Sunny,DRAW,9.8,,82785,upiid,316,,22,,12345,3640,37
1014,5190,Ronaldo,MI,Sri Lanka,41,Male,Rahul Dravid,Tennis,13-09-2023,-217,-268,,69,7,7,0,44619,8114, ,Rainy,DRAW,1.5,,83486,upiid,,,14,xyz@,,1912,144
1099,5107,,CSK,australia,25,Other,,footbal,22-03-2023,,1451,,129,7,4,0,52868,818, ,,Win,,4,83157, ,16195,33,24,abc@gmail.com,,2730,38
1031,5066, Virat,Barcelona,England,41,mal,,Tennis,27-08-2023,4694,2045,,69,0,2,4,,7724,,,Win,,,84717,netbanking,15584,,16,user@yahoo,12345,2365,99
1095,5180,,MI,,17,mal, ,Cricket,02-10-2023,550,,,109,0,9,3,,2321,Chennai,Rainy,Lose,3.6,,82243,credit card,,110,2,,12345,4924,168
1127,5166,Hardik,MI,England,33,femal,None, ,22-03-2023,,1390,1036667,170,3,6,4,,,Mumbai,Cloudy,Lose,,2,83042,upi,16100,45,9,user@yahoo,9876543210,266,29
1195,5077,Bumrah,RCB,England,32,female,Rahul Dravid,,15-10-2020,,,,131,1,1,1,48703,502,Kolkata,,Lose,,0,81320,upiid,,,24,abc@gmail.com,9876543210,3916,103
1145,5183, ,,Australia,44,Mle,,Tennis,23-09-2023,,,268225,55,0,4,5,30751,,,rainy,Draw,2.9,1,82993,netbanking,8270,,29,,,4709,145
1112,5155, ,CSK,australia,15,Mle,None,Tennis,13-04-2021,-670,647,,186,8,7,1,57697,2943,Bangalore, ,Draw,1.2,4,82091,upi,14196,,20,user@yahoo,9999999999,1400,148
1082,5074,Smith,,Sri Lanka,23,mal,None, ,09-11-2021,,867,,88,2,0,3,,9730, ,Sunny,win ,2.8,,84058,,,47,21,abc@gmail.com,9876543210,4673,110
1042,5038,Ronaldo,Lakers,India,34,Male, ,footbal,18-10-2021,,1581,,136,0,0,2,35337,13421,Delhi,, lose,,,83025,credit card,,,7,user@yahoo,,3693,153
1115,5024, Virat,CSK,England,17,Mle,, ,15-11-2020,,473,,130,1,2,1,40400,,Chennai,rainy,Lose,,,84154,cash,8155,101,8,abc@gmail.com,,4727,60
1162,5020,Hardik,MI,Sri Lanka,59,male,John Smith,Tennis,30-08-2020,3960,,116541,175,7,2,0,43128,,Mumbai, , lose,,,80478,credit card,,,23,,12345,2326,166
1077,5137, ,,,25,male,Rahul Dravid,,02-07-2020,5879,2090,,170,4,6,3,23743,,, ,Draw,6.7,,82665,creadit card,,,2,xyz@,9876543210,2801,63
1057,5170, Virat,,australia,40,Other,None,Football,24-09-2020,-1193,,,99,6,5,3,,,Bangalore,Sunny,win ,,,81756,upiid,4610,,25,user@yahoo,,2034,39
1032,5014,Bumrah,RCB,INDIA,22,mal,John Smith,,31-03-2023,4681,,130977,128,5,6,1,,,Kolkata,rainy,DRAW,,,81798, ,,85,0,,9999999999,2830,126
1013,5047, Virat,KKR,Australia,28,female,None, ,03-02-2022,2055,,156708,56,0,3,1,8784,,Delhi, ,Win,,4,84879,cash,5707,,10,,,984,192
1161,5085, Virat,MI,sri lanka,31,Mle,None,basktball,07-06-2020,,,557780,180,5,1,4,,,Kolkata,Cloudy,Lose,,,83120,,,,12,,12345,4099,83
1188,5148,Dhoni,KKR,sri lanka,50,mal,,footbal,31-01-2024,2439,,,143,6,1,4,,,Chennai, ,Win,4.9,,82987,,9206,100,11,user@yahoo,12345,1075,21
1131,5187,Joe Root,RCB,,11,Male,None,basktball,20-01-2020,,372,919617,50,3,9,0,31596,,Chennai,, lose,3.1,2,82578,upi,,26,28,user@yahoo,9876543210,1023,32
1058,5115, ,,England,31,Female,John Smith,Cricket,21-04-2020,5318,,,111,7,0,3,,,,Rainy,Draw,,0,81026,netbanking,,,20,,,3897,28
1156,5049,Joe Root,,england,27,Female,Rahul Dravid, ,04-01-2020,,,,103,7,8,2,,15704,,Sunny,Draw,,,84473,upiid,,27,6,user@yahoo,9999999999,4874,103
1082,5150,Bumrah,Lakers,England,60,femal,,footbal,05-12-2023,,1922,,126,6,6,2,,12661, ,Rainy, lose,,,84667,cash,14337,74,1,,9999999999,279,12
1133,5140,Hardik,KKR,INDIA,18,female, ,Cricket,31-01-2022,,1975,,54,1,9,3,10797,,Mumbai,Rainy,DRAW,2.9,4,81954,credit card,13080,,0,user@yahoo,9999999999,1111,121
1120,5068,Joe Root,Lakers,Sri Lanka,58,Male,, ,14-09-2021,,2159,,0,5,2,0,23549,,Mumbai,Sunny,Win,7.6,,83313,upi,3561,111,19,xyz@,,1183,111
1176,5003,Messi,Lakers,india,44,femal,John Smith,Football,08-08-2023,-68,511,140557,89,5,1,4,42372,,Delhi,rainy,Win,3.8,2,81564,upiid,199,,2,user@yahoo,9999999999,2075,79
1167,5077,Ronaldo,MI,England,32,Other,, ,19-03-2022,-158,,935773,155,6,2,4,57354,7700,Mumbai,,,2.9,2,80586,upiid,2569,64,3,,,3599,92
1082,5199,Bumrah,MI,England,54,female,Rahul Dravid, ,29-01-2021,243,,,52,5,6,4,55779,2702,Delhi,Sunny, lose,,3,84452,,6819,,16,abc@gmail.com,9876543210,4905,120
1192,5008,Smith,MI,,10,Mle, ,,03-09-2022,,,,185,1,4,2,,,Bangalore,Rainy, lose,,,80684,credit card,591,,17,user@yahoo,9999999999,3942,85
1196,5120,Rohit ,Barcelona,sri lanka,43,Other,None,Football,30-04-2020,,,1279608,72,7,2,2,,,,Cloudy,Lose,,0,83268, ,1561,40,16,user@yahoo,,271,80
1026,5114,Hardik,CSK,Australia,53,male, ,footbal,26-10-2021,4688,1155,,187,3,8,0,24241,12083,Bangalore, ,Win,,,83490, ,,,18,user@yahoo,9876543210,1123,151
1079,5162,Dhoni,MI,England,10,Mle,None,Tennis,27-01-2024,,,,186,8,1,2,23877,,,, lose,,4,80658,upi,,12,3,,,3979,15
1133,5100,Joe Root,KKR,australia,48,female,,Cricket,07-06-2023,,1910,1054519,107,7,6,1,,10663,Kolkata,rainy, lose,,3,81296,,14169,116,28,abc@gmail.com,9999999999,1227,101
1012,5148,Dhoni,Lakers,india,38,femal,Rahul Dravid,Cricket,22-05-2022,,,441826,149,2,9,2,,15291, ,,Win,3.1,4,81525,upiid,,20,16,,12345,189,12
1063,5185,Messi,CSK,india,11,mal, , ,05-12-2023,1212,1019,838399,7,2,5,4,49627,,Bangalore,,DRAW,,2,82082, ,,108,21,xyz@,12345,545,132
1189,5145,Joe Root,Barcelona,,34,Female, ,footbal,27-07-2023,1943,,992036,176,7,5,0,,16303,Kolkata,Sunny, lose,7.6,,84607,upiid,17980,,1,,9999999999,2341,35
1146,5096,Rohit ,RCB,england,21,Other, ,,19-07-2020,,,596113,41,1,6,3,,6963,, ,win ,6.5,2,81071,,7555,83,9,,12345,3966,95
1079,5199,Rohit ,KKR,England,23,mal,,Basketball,15-11-2021,1966,2229,577062,154,8,5,3,,8309,Bangalore, ,DRAW,1.1,,82320,netbanking,703,,11,user@yahoo,,4014,189
1122,5080,,CSK,,34,male, ,Basketball,05-08-2022,,1066,,166,3,1,0,,,Chennai,Sunny, lose,,1,82574,upi,17662,,12,,,4943,27
1042,5042, Virat,Lakers,Sri Lanka,46,male,John Smith,footbal,26-01-2020,,1259,852725,24,5,4,1,,18610, , , lose,5.4,2,80209,upiid,12988,,10,user@yahoo,9876543210,4866,125
1088,5094, Virat,CSK,,62,femal,None,footbal,29-08-2021,,,478177,37,2,2,3,,13444,Chennai,Sunny,,,1,80623, ,,,20,xyz@,,768,161
1147,5005, ,KKR,INDIA,47,Female,,Tennis,02-10-2022,-666,411,412656,84,2,8,4,,18594,Kolkata,,DRAW,4,,81805,netbanking,10061,,7,abc@gmail.com,12345,3775,13
1094,5066,,,england,43,male,John Smith,basktball,12-05-2023,,,,151,2,7,3,52448,17247,Chennai,Rainy,Draw,7.4,,84268,cash,11971,,27,,9876543210,2731,165
1195,5139,Dhoni,Lakers,Australia,37,Other,None,Cricket,05-12-2023,,1795,1025982,23,9,9,3,14343,15258, ,Cloudy,Draw,,3,83749, ,,8,28,user@yahoo,,1010,172
1171,5099,Smith,,australia,47,male,None,footbal,,1788,,1198154,59,1,1,4,23572,,Delhi,Rainy,Draw,,5,84542,upiid,3932,26,19,abc@gmail.com,12345,4798,2
1150,5011, Virat,CSK,Sri Lanka,30,mal, ,footbal,12-02-2022,,1105,52985,177,7,0,2,,12151,Delhi,rainy, lose,9.5,2,80010,credit card,16347,54,4,xyz@,,464,166
1001,5065,Hardik,CSK,England,58,Other, ,,07-09-2022,-993,,928531,110,8,3,1,33210,, ,Sunny, lose,,3,80760, ,829,,24,user@yahoo,9876543210,2600,37
1119,5001, Virat,Lakers,England,9,Male,Rahul Dravid,Tennis,03-06-2022,-1461,,,65,7,3,4,46168,,Kolkata,rainy,DRAW,3.2,,81327,cash,,,1,,,916,187
1021,5142, Virat,CSK,Sri Lanka,57,mal,None,Basketball,21-04-2020,4998,1285,,141,9,9,4,21120,,,, lose,9.1,6,81177,upi,,77,11,user@yahoo,,1452,114
1114,5150,Bumrah,Lakers,England,47,mal,,Tennis,30-07-2022,,,,52,2,1,5,,9991,Delhi, ,Win,,,82370,cash,,,27,user@yahoo,9999999999,3468,120
1056,5156,,Lakers,INDIA,57,mal,John Smith,Cricket,05-07-2021,,,,159,6,6,0,22993,8607,Chennai,Sunny,Draw,,3,83608,upi,,109,1,abc@gmail.com,,4289,69
1071,5080,Joe Root,Barcelona,INDIA,48,femal, ,Basketball,21-03-2023,,,161041,105,9,2,1,,,Bangalore,Rainy,Draw,1.6,,80976,upi,929,,5,abc@gmail.com,9999999999,65,18
1006,5134,Dhoni,KKR,England,68,mal,John Smith,footbal,26-06-2022,3217,,,95,1,6,2,2301,10632,,Rainy,Draw,6,5,82492,netbanking,,,21,xyz@,,2602,48
1183,5155,Bumrah,Lakers,India,68,male,,Football,31-07-2020,-1989,,,175,3,6,5,,3198,Mumbai,rainy,Win,3.6,3,82389, ,17887,,18,,,1725,81
1118,5141,Bumrah,KKR,india,62,male, ,Basketball,24-04-2022,,,749932,38,5,0,4,,,Bangalore,,DRAW,7.1,2,82457, ,,,11,,9876543210,4696,66
1194,5171,Dhoni,CSK,Australia,67,Mle,Rahul Dravid,,27-06-2023,,,1237016,167,4,5,5,,8117,Kolkata,Sunny,,2.1,,83673,netbanking,,,24,,12345,1499,177
1113,5157,Rohit ,Barcelona,,41,Female,None,Tennis,12-05-2023,4347,,1311301,41,8,3,2,26870,,Delhi, ,Lose,9.4,4,82552,creadit card,8219,,12,,12345,1904,106
1015,5159, Virat,RCB,australia,19,Other,Rahul Dravid,footbal,10-05-2022,,,,110,9,7,5,,15820,Chennai,rainy, lose,6.1,0,84135,upi,,,16,xyz@,,4571,58
1082,5069,Smith,Barcelona,sri lanka,16,mal, ,Basketball,02-11-2020,,,1267739,103,3,7,5,59105,,Bangalore, , lose,1.5,2,81482,upi,8538,72,11,,9876543210,3964,163
1178,5114,Rohit ,RCB,,12,Other,John Smith, ,24-03-2021,,508,1322408,76,4,2,5,58240,10477,Mumbai,Sunny,DRAW,5.2,4,82310,cash,13685,,2,xyz@,12345,2809,78
1071,5087,Bumrah,,sri lanka,11,Mle,,footbal,30-09-2022,,2445,,7,3,3,4,53640,,Chennai,Cloudy,,,,83741,creadit card,-267,,23,,,4090,186
1123,5005,Messi,CSK,australia,25,Mle,,Tennis,18-08-2022,5774,1296,1335996,25,7,0,4,38644,,Delhi, ,Lose,,7,83839,upiid,19309,,7,user@yahoo,9999999999,886,7
1112,5026,,CSK,sri lanka,59,Other, ,Tennis,07-11-2022,-2000,,1140823,139,7,9,0,,,Bangalore,Rainy,Lose,9.4,,82755,cash,,,15,,9999999999,3808,103
1011,5081,Messi,KKR,sri lanka,11,Other,,Football,05-12-2023,,,1199336,42,2,1,3,,,Mumbai,Cloudy,Lose,4.2,7,80822,upi,19371,76,3,xyz@,,4177,109
1125,5087,Ronaldo,Lakers,INDIA,67,Female,John Smith,basktball,27-06-2023,2101,2324,1361267,178,0,6,1,,8326,Delhi,Cloudy,Draw,8.3,,83597,netbanking,1264,110,23,xyz@,,1960,9
1052,5119, Virat,RCB,england,15,male,John Smith, ,13-03-2022,,962,851553,109,5,6,0,,,Bangalore,, lose,,0,80460,creadit card,,23,26,user@yahoo,9999999999,2747,69
1074,5023, Virat,RCB,,63,Male,Rahul Dravid,Basketball,28-12-2020,,-207,-15424,99,1,8,2,,5125,Chennai,rainy,Win,,,84312,netbanking,1161,,25,xyz@,12345,43,132
1132,5101,Rohit ,MI,india,33,female,,basktball,25-10-2022,,,,62,1,9,5,14423,,Delhi,Cloudy,Draw,6.4,6,81740,creadit card,,,12,xyz@,,3842,160
1026,5033,Rohit ,,Australia,24,femal, ,Cricket,26-01-2020,4043,2599,1038714,48,2,8,4,,,Bangalore,Sunny,DRAW,,,82124,creadit card,,106,7,user@yahoo,9999999999,4705,133
1139,5167,Smith,Barcelona,india,61,Male,Rahul Dravid,footbal,13-03-2023,,,,114,7,8,5,4646,10160,Delhi,Cloudy,Draw,9.8,0,81444,cash,5325,,0,xyz@,,1888,56
1144,5046,,CSK,india,41,Male,,Basketball,05-12-2023,,,,154,2,5,4,,,,Cloudy,Draw,,0,83097,credit card,,16,2,,9876543210,3898,56
1133,5023,,Barcelona,,15,mal,None,Basketball,12-11-2021,,1055,525552,136,6,7,1,14544,18373,Delhi, ,DRAW,2.7,,84469,cash,2029,,0,,,3892,44
1096,5064,Smith,CSK,,64,Female, ,footbal,24-08-2020,,,,166,9,8,0,28690,,Mumbai,,Draw,4.4,,80653,upiid,,105,14,,,719,72
1004,5017,Messi,MI,england,43,Mle,John Smith,basktball,05-12-2023,2933,,824587,64,9,6,0,39877,3556,Delhi,,,1.2,,84999,credit card,16587,69,17,abc@gmail.com,,690,141
1056,5043,Messi,,australia,66,Other, , ,06-11-2020,3724,2728,,198,8,3,2,,,Delhi,Rainy,Win,3.6,,83541,credit card,1098,,19,,12345,1945,132
1155,5075,Dhoni,CSK,INDIA,41,Mle, , ,05-12-2023,-1937,749,,70,7,3,0,,14578,,Rainy,DRAW,6.2,,80743,credit card,,,2,user@yahoo,9999999999,109,180
1077,5056, ,,England,55,male,Rahul Dravid,Football,07-02-2024,3912,552,1259232,6,0,5,0,42396,,Bangalore,Sunny,DRAW,1.1,4,80852,netbanking,7382,94,28,user@yahoo,9999999999,4314,15
1068,5106,Bumrah,Barcelona,sri lanka,8,male,None,basktball,,,,1436946,199,6,3,3,26083,15559,Mumbai,Rainy,Draw,,,84926,creadit card,-147,37,14,abc@gmail.com,12345,4558,120
1117,5155, Virat,MI,England,24,female,Rahul Dravid,,31-12-2022,,2705,375975,79,6,6,1,,,Chennai, ,Lose,,7,81561, ,-348,15,26,user@yahoo,9999999999,514,110
1119,5123,Messi,KKR,england,48,femal,,Tennis,10-04-2022,,,,66,7,7,5,57105,12660,Chennai,,Win,5,1,83945,upiid,,33,21,,,636,82
1058,5198,Messi,,INDIA,54,Mle,,Cricket,31-08-2020,-1791,,40842,137,9,7,0,42090,12402,Bangalore,, lose,5.5,6,82676,netbanking,,12,27,abc@gmail.com,9876543210,3328,84
1032,5150,Smith,Lakers,england,24,female,John Smith,footbal,10-05-2022,,2655,88012,198,4,7,2,,7389,Mumbai,Cloudy,Draw,9.5,,81318,upi,6129,,27,xyz@,12345,626,1
1061,5161, Virat,Barcelona,india,69,Mle, ,Tennis,05-12-2023,,47,,180,9,1,5,52705,8764, ,Rainy,,,0,80121,credit card,17289,,4,xyz@,9876543210,69,193
1049,5138,Ronaldo,MI,australia,62,Male,Rahul Dravid,Tennis,09-12-2020,,1247,824489,100,8,9,4,,11651,Bangalore,,win ,6.2,,84254,creadit card,,,20,abc@gmail.com,,2506,139
1111,5162,Ronaldo,RCB,,49,Mle,None,Tennis,15-09-2023,,,1397255,94,8,1,0,42999,,Chennai,rainy, lose,5.4,0,83727,upi,,72,9,abc@gmail.com,12345,3889,189
1018,5115,Dhoni,Lakers,,19,mal,,Tennis,16-04-2022,,,,86,7,1,0,17596,1350,Mumbai,, lose,,,80306,upiid,6023,98,6,xyz@,9876543210,3799,93
1196,5092,Bumrah,CSK,india,43,mal, , ,08-01-2023,,,25118,184,5,1,5,,,Bangalore,Rainy,Lose,3.5,,83982, ,16901,50,22,abc@gmail.com,12345,1850,88
1122,5041,Ronaldo,CSK,England,68,male,John Smith,Cricket,31-08-2023,,2198,,90,5,3,4,,, ,Rainy,,7,,81112, ,19054,98,24,,12345,4319,84
1193,5027,Dhoni,MI,Australia,38,Female, ,Basketball,,-244,,420082,102,0,4,3,,3344,Kolkata,Rainy,win ,,,84846,netbanking,,18,7,abc@gmail.com,,2878,191
1046,5122,Ronaldo,MI,Sri Lanka,39,male,,Cricket,01-06-2020,2751,2338,1047172,125,5,3,1,50205,,Kolkata,Sunny,Lose,3.6,,81896,cash,,13,2,abc@gmail.com,9876543210,3352,166
1166,5023,,RCB,India,64,Female,,Cricket,03-04-2023,,1167,573050,154,3,4,3,17398,2532,Chennai,rainy,,,0,84686,netbanking,,34,17,abc@gmail.com,12345,3977,197
1195,5135,Smith,Barcelona,Australia,67,femal,John Smith,,12-05-2023,358,,,181,3,3,2,,,Mumbai,rainy,Win,1.8,2,80345,upi,5431,,16,,,1634,45
1032,5105, Virat,CSK,sri lanka,23,mal, ,Football,14-09-2021,-1853,,845651,112,1,6,5,8732,,Mumbai,Rainy,Lose,,,83911,,8016,,15,user@yahoo,,3476,74
1140,5117,Smith,Barcelona,INDIA,41,Mle,, ,10-05-2023,-178,-131,,3,3,9,0,,592,Chennai,rainy,,,3,80148,upi,,6,25,,9876543210,2543,198
1083,5052,Rohit ,Lakers,,20,femal,Rahul Dravid,basktball,29-10-2023,-771,705,1124705,87,4,0,3,,, ,,Draw,8.5,,81039,upi,,92,21,xyz@,,768,68
1181,5199,Smith,Barcelona,australia,32,male,,Football,,,,333840,150,4,0,1,,,Kolkata,Cloudy,Draw,5.9,0,81390,credit card,11046,26,28,xyz@,,2603,4
1134,5131, Virat,KKR,India,53,femal, ,footbal,01-04-2021,1036,1434,494613,175,4,1,2,,15514,,Rainy,Lose,5.2,,83904,upiid,-431,76,12,abc@gmail.com,9876543210,991,199
1078,5099,Ronaldo,,Sri Lanka,56,Mle, ,,09-10-2022,119,,,169,3,0,3,44001,,Mumbai,Cloudy,Win,7.8,7,84876,netbanking,,,3,,,1728,48
1013,5004, ,RCB,Australia,20,male,None,basktball,11-12-2023,-869,,,2,0,9,0,,,Mumbai,rainy,,,2,80117,credit card,1271,23,2,,,2028,97
1146,5048,Dhoni,Lakers,Australia,41,Male,Rahul Dravid,basktball,05-12-2023,,,268430,90,9,9,1,,10299,,Cloudy,Lose,8.4,,80703,cash,2769,99,10,user@yahoo,9999999999,1529,137
1127,5097, ,CSK,Australia,49,mal, ,Tennis,31-12-2022,506,1632,411067,2,7,2,0,,14762,Kolkata,rainy,DRAW,,,84383,credit card,,0,26,user@yahoo,9876543210,488,90
1053,5029,,Lakers,Australia,12,Mle,Rahul Dravid,basktball,,,,,155,2,5,0,,,Bangalore,Cloudy,,,4,82955,credit card,2066,,1,abc@gmail.com,9876543210,4152,175
1147,5071,Dhoni,Lakers,Sri Lanka,33,Mle, , ,22-05-2022,3987,2984,1063988,190,1,9,2,,,,,Win,,,82024,cash,,76,17,abc@gmail.com,,511,60
1028,5102,Smith,Lakers,,25,Female,John Smith,,12-05-2023,,,794317,80,8,5,1,,,Kolkata,rainy,Lose,6.6,7,84538,upi,,,26,abc@gmail.com,,3319,52
1023,5062, ,MI,Australia,23,Female, ,Football,06-12-2022,,,,158,6,0,4,49007,,Delhi,Cloudy,DRAW,5.4,2,84996,upi,,64,3,user@yahoo,,2151,124
1081,5174,Ronaldo,KKR,INDIA,17,Female,John Smith,Basketball,19-08-2021,,,,137,8,5,0,17378,,Mumbai,Sunny,,,,84396,upi,10038,,16,xyz@,,2604,86
1062,5025,Messi,CSK,India,51,Other,Rahul Dravid,Football,12-05-2023,-97,2021,,176,1,4,1,,,Delhi,Rainy,Win,,6,84345,,11474,,5,user@yahoo,9999999999,2107,161
1104,5184, ,,australia,12,female,None,footbal,07-03-2022,346,,,93,8,6,0,34986,14794,Kolkata,Rainy,DRAW,,0,81957, ,15144,52,9,,12345,734,186
1056,5036,Rohit ,Lakers,Australia,17,Female,John Smith,Football,13-08-2022,,798,,125,9,5,3,,14983, ,Sunny,win ,1.9,0,84781,creadit card,,115,10,,9999999999,3309,97
1135,5006,,RCB,India,52,male,None,Basketball,23-07-2021,1456,246,,112,8,6,3,,,Delhi,Cloudy,win ,4.7,5,82799, ,1964,34,4,abc@gmail.com,,370,48
1061,5126,Smith,Barcelona,,33,Other,Rahul Dravid, ,12-05-2023,,,869444,148,8,1,1,20730,,Delhi,, lose,,,80997, ,2178,111,25,,9876543210,2073,133
1156,5167,Dhoni,Lakers,Sri Lanka,47,female, ,Cricket,,,,,99,9,0,2,,,,Cloudy,Win,1.5,,80405,upi,,42,24,user@yahoo,,4701,27
1016,5091,Dhoni,RCB,Sri Lanka,51,Male, ,,28-11-2022,1510,2742,,52,9,6,4,45298,5840,Mumbai, , lose,,,82848,credit card,,86,17,user@yahoo,,4205,169
1065,5166, Virat,KKR,england,26,mal,Rahul Dravid,Tennis,10-11-2020,-350,1557,,86,3,8,3,4003,, ,Cloudy,DRAW,,,80243,creadit card,,13,24,,9876543210,4868,1
1005,5189,Ronaldo,KKR,sri lanka,54,female,,Cricket,06-06-2021,4598,,95384,88,9,1,2,24261,149,Bangalore, ,Win,6.7,,82414,upi,7725,87,24,xyz@,,2301,51
1057,5102,Dhoni,RCB,sri lanka,18,Mle,Rahul Dravid, ,28-12-2023,1942,,,53,2,6,4,34695,5808,,Sunny,win ,,,83856,netbanking,5380,0,9,xyz@,12345,1830,144
1068,5052,Rohit ,KKR,,41,female,,,22-10-2021,-1502,,372706,184,5,2,3,36664,19571,,Rainy,DRAW,,,81605,,,,8,xyz@,9876543210,1859,99
1155,5131, Virat,RCB,Australia,44,femal,John Smith,Football,,,,,19,2,5,4,,16564, ,Sunny, lose,,4,80432,netbanking,2692,,15,abc@gmail.com,9876543210,916,100
1061,5107,Bumrah,,england,49,Mle,Rahul Dravid,Basketball,,,-469,1345442,112,8,2,5,3067,, ,Rainy,DRAW,1.2,,84278,creadit card,5271,113,9,abc@gmail.com,9999999999,3175,160
1168,5111,,KKR,INDIA,50,male,Rahul Dravid,Basketball,05-12-2023,235,,,48,2,9,0,,,Delhi,Cloudy,Win,8.5,7,82806,upi,,,9,,9876543210,2662,103
1196,5152,Messi,Barcelona,sri lanka,50,Female,John Smith,Basketball,,,67,125256,134,1,4,1,59862,10246,Kolkata,Rainy,win ,,,81141,upiid,5212,,3,user@yahoo,9876543210,2634,47
1081,5006,Rohit ,,,54,Mle, ,footbal,08-07-2020,3367,2551,,28,7,1,3,,, ,,,3.3,,84126, ,,,20,xyz@,9876543210,4692,151
1168,5155,,CSK,england,27,mal,,Cricket,31-05-2023,,2217,,47,5,7,3,19197,,Delhi,Rainy, lose,2.6,7,83024,upiid,,,23,user@yahoo,9999999999,1237,15
1176,5196,Hardik,Lakers,,34,Male, ,Tennis,06-11-2023,,,1035649,12,7,7,0,55851,,Delhi,Cloudy,Lose,1.6,3,81172, ,,,13,abc@gmail.com,9876543210,2160,154
1176,5066, ,MI,,27,mal, ,,16-08-2022,2940,,-6292,2,6,6,3,175,486,Mumbai,,Win,8.3,5,83456,upiid,,48,7,,9876543210,1335,37
1070,5107, ,RCB,england,18,mal,None,basktball,24-07-2020,3390,,,1,2,5,3,11542,4375,, ,Win,,2,84197, ,,68,0,xyz@,9876543210,2616,183
1130,5110,Joe Root,Barcelona,australia,9,Mle,John Smith,basktball,10-12-2021,4191,1020,114891,15,7,0,5,4917,, ,,Win,2.1,,81095,netbanking,,,15,,,2943,130
1009,5147,,Barcelona,England,23,Male, ,,05-01-2021,13,2259,,93,9,7,3,36982,,Bangalore, ,Lose,7.4,,83905,creadit card,,92,25,,9876543210,761,76
1097,5082,Messi,Lakers,australia,64,femal,,Tennis,,3934,,733594,101,0,0,3,,10203,,Cloudy,Draw,8,4,82852,credit card,,67,16,xyz@,9876543210,3718,147
1088,5123,Hardik,MI,england,34,Female,John Smith,footbal,,,,767109,133,0,7,3,1728,13911,Kolkata,rainy,DRAW,,,82455, ,6034,0,9,user@yahoo,9876543210,2700,32
1034,5138,Hardik,CSK,England,56,Female,,Cricket,12-05-2023,,1085,,44,9,1,2,9849,,Bangalore,Sunny, lose,,,83923,upiid,,66,5,,,2131,197
1001,5103, ,MI,England,53,Male,Rahul Dravid,basktball,21-06-2021,2537,,,70,7,7,3,30154,,Mumbai,Sunny,,9.8,,81390,credit card,4727,,6,xyz@,9876543210,4814,55
1123,5066, Virat,Lakers,Australia,16,male,John Smith,Tennis,23-10-2020,,706,,132,8,9,0,,,Kolkata, ,Lose,,4,84925,,4373,19,17,xyz@,,1953,99
1023,5006,Ronaldo,MI,England,31,Female,Rahul Dravid,Tennis,29-11-2023,2276,996,-14878,55,9,3,5,,16585, ,rainy,Lose,3.6,6,82836,upi,,40,1,,,948,56
1073,5150,,RCB,sri lanka,54,male,Rahul Dravid,Tennis,05-12-2023,830,166,,198,5,6,3,16137,,Delhi,Sunny,Win,5.5,4,80617,upiid,,22,20,user@yahoo,,301,29
1165,5188,Joe Root,,England,54,femal,Rahul Dravid,Tennis,22-10-2023,,,1255171,126,4,4,4,9833,8998,Bangalore,,,,2,82596,cash,,,8,user@yahoo,,4024,109
1021,5198,Dhoni,Barcelona,india,62,Mle,,Tennis,25-04-2021,,,363865,31,1,7,5,14638,7059,Mumbai, ,Lose,2.9,3,84386,,,59,4,,9876543210,2588,84
1153,5109,Messi,MI,INDIA,41,female,Rahul Dravid,Cricket,29-01-2022,5919,,335492,48,8,5,5,59200,, ,Sunny,win ,5.5,,82469,,,,7,xyz@,9999999999,3694,164
1170,5033,,,England,35,Mle, ,Basketball,08-06-2021,,,,12,5,4,4,10119,8511,Delhi,Cloudy,DRAW,8,,84276,creadit card,,,23,abc@gmail.com,,2701,116
1182,5105,,Lakers,Australia,21,Female,,,05-12-2023,855,,,157,7,0,0,,,Bangalore,Sunny,Win,,,82702,netbanking,,14,4,,9876543210,1475,71
1038,5146,,,sri lanka,14,male,John Smith,footbal,09-01-2020,4084,2846,,24,8,2,2,10783,8699,,Rainy, lose,1.1,,83165,upi,,,23,,,613,82
1156,5057,Ronaldo,MI,,27,female,,Tennis,25-11-2021,,890,,59,8,9,0,,,Bangalore,Rainy, lose,8.2,5,80259,,16499,90,14,,9876543210,668,53
1019,5008,Smith,KKR,INDIA,69,Male,None,,23-07-2020,,,,58,7,8,2,648,13129, ,rainy,win ,8.9,,83178,creadit card,,,7,,12345,2128,85
1040,5047,Hardik,Lakers,india,57,Female,,Cricket,29-07-2020,4621,,1433816,155,9,8,1,25606,,Mumbai,rainy, lose,,,82291,upiid,,45,4,user@yahoo,12345,217,86
1181,5114, ,Lakers,sri lanka,24,mal,Rahul Dravid, ,12-01-2022,,2731,1020712,57,7,4,4,,3185,Mumbai,rainy, lose,5.3,2,84430,upi,,,4,,9876543210,2931,167
1147,5040,Rohit ,KKR,Sri Lanka,13,Male,, ,23-05-2021,,2558,235367,19,2,2,5,,14423,Delhi,,Win,,,81046,netbanking,12839,32,19,,9999999999,748,76
1107,5047,Rohit ,MI,sri lanka,37,Mle, , ,21-08-2022,-910,,,161,2,5,5,,,Delhi, ,Lose,8.6,,84366,upiid,,,16,xyz@,9999999999,4220,11
1146,5172,,MI,England,63,mal, ,basktball,17-03-2021,2749,,1029820,132,1,4,5,2967,1428,Bangalore,Sunny,Draw,,,84057,creadit card,12008,,8,user@yahoo,9999999999,200,76
1083,5024,Smith,CSK,india,10,Male,None,footbal,05-08-2022,,,1402604,187,0,0,4,,16948, ,Rainy,DRAW,,0,83211,upiid,,,1,user@yahoo,9999999999,2621,30
1110,5115,Hardik,Barcelona,,60,female,,footbal,05-12-2023,,,,170,3,1,4,52535,,,Rainy,DRAW,,4,81407, ,,,0,abc@gmail.com,12345,721,79
1065,5077,Dhoni,MI,Australia,32,Other,,Basketball,05-12-2023,-1751,1778,,56,1,4,2,,14025,Mumbai,Cloudy,win ,2.8,,81400,credit card,14523,96,21,,12345,951,107
1157,5107,Dhoni,RCB,England,26,male,, ,05-12-2023,5614,,,184,1,8,5,,,Kolkata, ,Win,1.5,,81009,cash,5853,,20,xyz@,9999999999,1881,181
1052,5024,Smith,KKR,,68,Female,,,23-10-2020,,1829,1152715,53,4,3,0,40020,,Chennai,,win ,4,7,83406,,14807,,10,,9999999999,2227,82
1033,5146, Virat,RCB,sri lanka,,mal,None,footbal,16-12-2021,,,,111,3,8,2,41789,,Mumbai,rainy,Win,2.7,,83602,upi,,,14,xyz@,,1432,136
1149,5038,Dhoni,,Australia,48,Male,,Cricket,25-03-2023,,364,238392,172,0,2,5,38891,15557,,,Draw,,0,84227, ,17035,,0,user@yahoo,12345,2320,20
1066,5118,Messi,Lakers,Sri Lanka,32,Male,,basktball,14-06-2022,1798,879,7537,85,8,0,4,56751,,,Sunny,Lose,5.5,,82815,credit card,,67,6,xyz@,9876543210,1776,12
1133,5078,Joe Root,,australia,18,female,Rahul Dravid,,05-12-2023,3895,167,827772,36,3,5,4,,18122,Chennai,,,,0,81744,,,85,22,xyz@,12345,698,67
1026,5079,Messi,,,30,male,John Smith,Cricket,04-02-2022,,,1145495,83,4,9,4,38495,, ,Sunny,Win,1.8,5,82548,creadit card,7261,,18,xyz@,12345,2968,178
1009,5026,Bumrah,,India,68,Male,,Cricket,14-06-2021,-484,-271,627422,47,6,6,5,,2177,Delhi,Sunny,Draw,6.1,6,81545,upiid,,,23,abc@gmail.com,9876543210,621,126
1072,5103,Rohit ,Lakers,Sri Lanka,56,female,None,Basketball,29-10-2021,5358,-47,197252,117,1,3,4,,12485,, ,win ,4.7,,80134,upi,,,14,abc@gmail.com,9999999999,2587,140
1095,5073,Hardik,MI,,31,Female,None,footbal,05-12-2023,,,117356,181,7,9,1,3170,, ,Rainy,Win,8.4,1,84862,upi,,,5,,12345,459,54
1047,5190,Joe Root,KKR,Sri Lanka,56,Other,John Smith,,15-12-2020,,1148,787430,47,1,4,4,1175,,Bangalore,Rainy,DRAW,5.4,,82859,credit card,,,19,abc@gmail.com,12345,1084,80
1069,5067,Hardik,CSK,Sri Lanka,26,Male,None,,01-09-2022,,158,84699,111,9,3,5,,,Kolkata,Sunny,Lose,,,83478,cash,16083,4,25,xyz@,12345,299,124
1186,5146,,,,63,Female,Rahul Dravid,Basketball,29-11-2022,,1649,871530,109,4,2,2,47399,19663,Kolkata,rainy,,,3,84865,credit card,3037,69,25,xyz@,9999999999,2544,182
1099,5027,Ronaldo,Barcelona,england,63,Female,,,12-12-2021,,,81768,5,1,0,4,30062,6766,Delhi,rainy,,,,82141,credit card,,,9,,9876543210,1275,74
1058,5122,Ronaldo,,india,10,Mle,,Cricket,26-03-2023,3494,,,161,1,5,3,,18306,Bangalore, ,DRAW,9.3,,81264, ,4595,60,11,,9999999999,1430,147
1001,5160,Joe Root,CSK,INDIA,19,Male,John Smith,Basketball,14-07-2022,,2191,,190,3,9,1,,8073,,,Lose,,2,81772,creadit card,28,,12,,9876543210,3452,142
1156,5137, Virat,RCB,India,33,Male,John Smith,Basketball,18-11-2020,-1384,,,77,3,4,5,14115,, ,Cloudy,win ,,5,80164,cash,,,14,,,2388,180
1195,5082,Dhoni,MI,sri lanka,58,female, ,Basketball,03-11-2022,2987,1760,900490,175,7,0,4,,,Bangalore, , lose,4.4,,84420,,,67,18,,,1821,150
1064,5029,Dhoni,RCB,Sri Lanka,22,Mle, ,Cricket,18-02-2022,,,,22,5,4,3,,, ,,win ,2.8,2,82987,creadit card,,,16,abc@gmail.com,9876543210,988,132
1082,5021, ,MI,sri lanka,54,Other,Rahul Dravid, ,05-12-2023,,557,1178268,125,9,5,5,,16291,Kolkata, ,Win,2.8,7,80619,netbanking,15587,,12,xyz@,,213,116
1153,5002,Dhoni,KKR,,51,Female,None,Tennis,17-10-2023,2107,1072,,83,7,9,2,17568,14355,Kolkata,, lose,4.5,6,80230, ,,10,1,,9876543210,531,59
1009,5100, Virat,CSK,India,31,female,None,Tennis,05-12-2023,-221,2532,468335,12,6,4,1,5022,,Bangalore,Sunny,Win,,,82780,upiid,,,17,user@yahoo,12345,2917,162
1052,5104,Dhoni,,England,29,Female,,Cricket,22-09-2023,961,794,,46,9,0,4,,, ,rainy,DRAW,3.2,,83151, ,17855,6,28,,,3619,64
1078,5175,Dhoni,RCB,Sri Lanka,42,Other, ,,31-07-2022,,1784,1120431,43,3,4,2,49475,,Kolkata,Rainy,Win,8.1,4,81377,credit card,1334,,10,,,1984,128
1058,5001,Messi,Lakers,INDIA,51,Female, ,Football,,298,,,104,1,9,5,,,Mumbai,Sunny,,9.9,6,81891,,,,4,,,2258,18
1149,5053, Virat,Barcelona,india,19,Other,, ,04-10-2020,,,,159,8,0,3,,,Delhi,rainy,Draw,,0,83752,,3540,,3,,9999999999,2218,82
1178,5005,Dhoni,Barcelona,,26,mal, ,Cricket,20-02-2020,,666,1188385,153,1,2,5,13094,19473,Bangalore,Sunny,Win,,,83972,upiid,,19,1,user@yahoo,,4633,31
1047,5106,,,England,20,Male,Rahul Dravid,,07-09-2021,,,,180,0,1,5,42583,6886,Bangalore,, lose,3.4,,83232,upi,13718,113,26,,9999999999,4771,84
1148,5167,Rohit ,RCB,india,69,Female,, ,07-08-2021,-1039,,,13,7,0,1,,5465,, ,win ,,,80402,upi,,,15,user@yahoo,12345,4485,42
1122,5122, Virat,KKR,australia,63,mal,,Cricket,22-11-2021,3809,436,1002586,179,9,3,4,40911,,Mumbai,,DRAW,,,82774, ,9022,,24,,9876543210,2109,131
1021,5001,Ronaldo,CSK,,66,male,,Football,20-01-2023,-21,,,120,8,1,2,7811,,Chennai,rainy,Lose,,6,84480,creadit card,,71,6,,9999999999,3060,85
1099,5110,Ronaldo,MI,australia,54,femal,,Tennis,09-03-2021,,2133,,35,0,4,1,17379,8975,,rainy,Draw,3.9,1,82607,credit card,2670,82,7,abc@gmail.com,,1608,183
1097,5001,Rohit ,Lakers,India,9,Male,,Football,12-05-2023,2080,,,7,6,9,3,49961,5430,Chennai,,Lose,5,7,81190,netbanking,,9,7,user@yahoo,12345,2524,10
1157,5092,Hardik,RCB,,50,Mle,John Smith,Basketball,18-04-2023,,,,167,1,0,4,29541,6145,Bangalore, ,Draw,1.5,5,80388,upi,16742,72,1,,9876543210,4415,71
1024,5182,Hardik,,Sri Lanka,13,Female,Rahul Dravid,Cricket,,,,509985,149,5,9,1,,10944,Kolkata,,Draw,2.1,,83404,,,41,14,,9876543210,689,22
1027,5199,Rohit ,,england,38,Mle,None,Cricket,14-11-2023,4389,,299994,15,4,0,3,,13790,Delhi,Cloudy,DRAW,,,81773,credit card,,28,4,xyz@,,2099,151
1192,5100, Virat,,INDIA,32,Other,None,footbal,02-11-2022,,1278,,90,0,9,3,,,Chennai,Sunny,Win,7.7,,80789,,13541,,18,,9999999999,4752,76
1112,5187, ,KKR,england,27,femal,,footbal,01-02-2023,,,,119,1,3,2,,7289,,Cloudy,Lose,,,81494,creadit card,11263,,9,abc@gmail.com,,4923,13
1044,5096, ,,Australia,34,femal,None,basktball,05-12-2023,-1336,,468044,187,1,6,5,,11281,Bangalore,Rainy,Lose,,,82751,credit card,6858,,8,xyz@,9999999999,1100,168
1067,5110,,,,58,Male,,basktball,02-09-2023,,1803,1100211,59,9,1,3,17956,,Kolkata, ,Draw,,4,81547,cash,,7,24,user@yahoo,,118,123
1006,5005,Bumrah,,Sri Lanka,25,Female,,Cricket,11-09-2023,,1175,,9,9,1,3,14338,,Delhi,Sunny,Lose,,1,80820, ,,3,21,xyz@,,2768,141
1048,5126,Hardik,Barcelona,australia,63,Female,None, ,07-11-2021,,,-15910,152,5,0,5,,15776,Kolkata,rainy,win ,,6,84036,upi,14580,,28,abc@gmail.com,9999999999,505,97
1136,5103,Hardik,MI,sri lanka,26,female, ,,03-02-2021,,758,1454976,30,0,4,0,25078,9573,Mumbai,Cloudy,Draw,3.6,0,84957,,682,,19,abc@gmail.com,12345,2200,95
1163,5146,Joe Root,MI,,40,Other,, ,07-03-2022,,,793583,20,3,5,3,27418,,Kolkata, ,DRAW,3,,81479,netbanking,4076,,7,,9999999999,1041,51
1082,5154,,KKR,australia,44,femal,Rahul Dravid,Basketball,21-08-2020,,,507487,80,9,5,4,,,,,win ,,5,82369,upiid,15584,,4,abc@gmail.com,9999999999,3135,192
1128,5000,,RCB,England,69,female,,Football,24-02-2022,4950,,89104,32,4,1,1,12039,,Chennai,Cloudy,,9.1,,84065,cash,8808,,18,abc@gmail.com,9876543210,496,83
1137,5032,Dhoni,MI,Australia,60,femal,Rahul Dravid,,,,1210,883196,30,1,6,5,2204,14233,Bangalore,Cloudy,,3.1,3,83130,creadit card,3007,,12,,,4174,96
1163,5039,Messi,RCB,,41,male,John Smith,Basketball,07-09-2023,1897,2622,,148,1,5,5,,16846,, ,win ,8.1,,81463,upiid,5492,,26,user@yahoo,9876543210,58,90
1072,5031,Messi,Barcelona,sri lanka,40,Female,None,Football,15-04-2022,,1429,1054594,35,6,7,5,14347,17371,Chennai,,Draw,,0,81907,upiid,,,13,user@yahoo,,3132,126
1045,5196,Rohit ,RCB,england,66,Male,None,footbal,26-09-2020,,,507737,192,6,5,4,,7522,Kolkata,,DRAW,9.8,1,83065,upi,,11,7,user@yahoo,9999999999,3538,13
1105,5016,Joe Root,MI,INDIA,66,Other, ,footbal,02-03-2022,-1718,2994,,131,5,8,5,,,Mumbai,,win ,1.3,,83645, ,18085,103,15,xyz@,9876543210,1653,157
1159,5125,Dhoni,KKR,sri lanka,9,male,,footbal,05-07-2022,1809,,284717,67,0,9,4,21933,17575,Mumbai,,win ,8.1,1,84028, ,4475,94,29,user@yahoo,9876543210,1706,199
1031,5007,Messi,CSK,,57,Other,John Smith,Football,09-02-2022,,431,924752,89,2,1,2,50718,, ,rainy,Draw,3.5,7,83965,credit card,,,29,user@yahoo,9876543210,243,175
1005,5056,Hardik,KKR,,22,Male,,Basketball,13-03-2023,4909,,1111778,131,8,6,0,,12828,,, lose,,2,84846,netbanking,3244,85,27,abc@gmail.com,9999999999,2255,154
1175,5041, ,,England,54,Other,Rahul Dravid,,24-05-2023,,1716,86380,8,9,4,5,51058,,Chennai, ,DRAW,8.8,,81316,,4245,,21,xyz@,,1674,198
1165,5097, ,RCB,India,14,male,Rahul Dravid,Basketball,16-03-2020,2298,,,29,0,0,0,18465,,Chennai,rainy,Draw,,,80181,,16170,0,4,,,2692,118
1144,5136,Dhoni,,,31,Other,,Football,19-12-2022,,,480034,114,1,2,5,43094,,,Cloudy,Win,7.4,,82654,upi,,,0,,,38,151
1073,5119,,MI,India,23,Male,,Cricket,16-06-2023,1552,2492,1436166,44,7,3,4,23308,,Chennai,Cloudy,,,5,80960, ,,,18,user@yahoo,9876543210,3247,75
1113,5086,Messi,Barcelona,England,43,female,,Tennis,07-04-2023,,1532,,3,6,1,1,,,Bangalore,, lose,,6,84200, ,,,22,abc@gmail.com,9999999999,1615,184
1026,5162,Dhoni,CSK,,52,Other,,footbal,31-01-2020,,-449,,68,8,6,0,13321,,Bangalore,Cloudy,DRAW,6.4,1,82654,creadit card,,,18,,,19,19
1053,5198, Virat,KKR,india,40,Female,,Cricket,,3653,,1364161,22,9,0,0,,5533,Chennai,,DRAW,,0,83294,cash,5394,,16,,9876543210,220,98
1177,5180, Virat,RCB,india,41,mal,, ,11-10-2022,,,,15,3,2,4,,,Kolkata,Sunny, lose,9.9,0,80989, ,17140,,23,,,3771,111
1162,5053,,RCB,,19,Female,,Football,,,,977365,21,3,8,0,47558,,Kolkata, ,win ,,2,84579,netbanking,19700,,22,,9999999999,250,178
1084,5083,Joe Root,,india,61,mal,None,Basketball,26-08-2023,3049,2756,1268848,71,6,1,2,16395,,Delhi, ,win ,7.9,,81725,cash,19888,,20,user@yahoo,9876543210,4307,108
1126,5024,Rohit ,KKR,sri lanka,,Male,Rahul Dravid,Basketball,12-05-2023,,,378304,47,0,4,4,,,Delhi,rainy,Lose,,5,80706,upiid,,24,27,abc@gmail.com,,4514,35
1152,5066,Messi,CSK,england,25,Female,None,,26-08-2023,4124,,,189,9,3,0,,,Kolkata,Sunny,,3.1,3,84115,creadit card,,,9,abc@gmail.com,9999999999,506,177
1155,5189,Messi,,INDIA,29,Other, ,Cricket,26-12-2020,,,349719,187,8,2,0,,11400,Chennai, ,Lose,,3,84847,cash,15830,,4,,,4741,174
1110,5182,,Lakers,Australia,54,male,,Cricket,,,,,106,1,4,0,19129,,,rainy, lose,3.5,1,84330,,14774,,21,abc@gmail.com,9876543210,868,93
1014,5173,Bumrah,KKR,Australia,,male,,Basketball,06-09-2021,,,,132,0,5,4,1685,,,Sunny,Win,6.9,5,81620,,,,6,user@yahoo,,3990,198
1131,5151,Hardik,MI,,16,female,,Basketball,10-12-2020,,,,6,6,0,1,53621,,Kolkata,rainy,Win,,,84701,upiid,,,15,abc@gmail.com,9876543210,4587,100
1092,5045,Hardik,Barcelona,INDIA,37,mal,,footbal,07-04-2023,,,,50,5,1,3,675,,Bangalore,Rainy,DRAW,5.9,,84649,upiid,,,28,,9876543210,1169,181
1122,5021,Messi,MI,INDIA,47,Mle,Rahul Dravid, ,19-10-2023,,2951,459970,64,2,0,5,,,Chennai, ,Lose,,4,83421,,2565,28,2,abc@gmail.com,,739,159
1072,5138, Virat,,India,61,Other, , ,19-11-2022,,2320,1178847,8,0,2,0,,13334,Delhi,Sunny,Lose,2,,84681,,,114,26,,,1790,96
1154,5175,Rohit ,Lakers,,52,Other,Rahul Dravid,basktball,24-02-2022,-1179,,,81,4,7,3,,12318,,Cloudy,Win,5.7,7,83580,upiid,,7,11,,,423,84
1153,5007,Smith,MI,Sri Lanka,11,Female,John Smith,Basketball,06-07-2020,,,,44,9,7,3,,, ,rainy,Draw,,2,80422,credit card,18887,85,13,abc@gmail.com,9999999999,3055,150
1146,5038,Dhoni,CSK,india,51,female, , ,,,,1448886,121,3,3,0,6822,18376,,rainy,Win,8.8,4,84015,netbanking,,24,27,user@yahoo,9876543210,4387,67
1091,5162,Smith,MI,England,52,Other,John Smith,Cricket,23-12-2020,1739,,,174,4,5,0,31378,18493,,Rainy, lose,7.3,,83196,upiid,6532,,19,abc@gmail.com,,2203,136
1016,5048,Ronaldo,RCB,india,29,femal,Rahul Dravid,Tennis,30-03-2022,-776,,,194,0,8,5,,17832,Mumbai,,win ,,7,84553,credit card,15878,117,0,,,1983,19
1042,5045, Virat,RCB,india,10,female,,basktball,27-04-2022,,,,151,0,6,3,32149,,Bangalore,rainy, lose,,4,81914, ,,36,6,user@yahoo,12345,3922,31
1120,5037,Bumrah,MI,england,26,Male,,Tennis,14-11-2021,,306,,9,4,1,1,46732,,,Rainy,Draw,,,82601,,,63,25,,,2397,32
1040,5135, ,Lakers,,51,Other,None, ,09-08-2021,3983,,107442,72,5,1,3,31748,13004,Chennai,rainy,Win,,7,84010,upiid,,106,17,,,1957,55
1169,5053,Joe Root,,,48,mal,, ,04-03-2021,,,,47,4,2,1,41574,,Chennai,,DRAW,9.3,5,84085,upi,797,86,22,,9876543210,4338,103
1177,5164,Joe Root,,england,11,Female,John Smith,Basketball,19-08-2020,5653,,298507,162,1,7,2,50607,,Mumbai,Cloudy,Win,2.3,2,84941,creadit card,,,21,abc@gmail.com,9876543210,1789,159
1167,5091, Virat,,england,62,Male,Rahul Dravid,Basketball,12-05-2023,-59,2134,,181,8,9,1,34141,,,Cloudy,Lose,,2,83182,netbanking,,,3,,9999999999,584,195
1038,5039,Ronaldo,MI,england,26,male,,Cricket,03-05-2022,-1915,1668,,86,4,8,5,59523,18032,, ,Draw,4.1,6,84646,cash,,,15,,9999999999,3200,51
1112,5033,Joe Root,KKR,Sri Lanka,23,Mle,,,03-04-2021,2069,,,110,4,2,4,3659,5138,Bangalore,,DRAW,2.6,0,83750,creadit card,17239,,10,,12345,1342,122
1150,5095,Dhoni,KKR,INDIA,21,Male,Rahul Dravid,footbal,,,-157,934732,198,9,8,0,44024,13906,,Rainy,Draw,3.6,,82058,,,51,17,abc@gmail.com,9999999999,4190,92
1110,5078,Joe Root,Lakers,England,66,femal,,Basketball,,,2157,52955,15,8,9,2,14380,,,Sunny,DRAW,,,81645,cash,,41,22,user@yahoo,,4396,155
1179,5126,Messi,MI,INDIA,21,femal,John Smith,Basketball,05-12-2023,4079,12,,52,2,7,3,55246,,Bangalore,Cloudy,,1,,84592,creadit card,4609,97,15,user@yahoo,9876543210,1208,176
1046,5016, Virat,Barcelona,india,21,Other,Rahul Dravid,Cricket,31-08-2021,,,1437149,39,4,4,1,7268,3739,Chennai,Sunny, lose,,,83087,netbanking,16023,,6,xyz@,,2822,110
1062,5160,Ronaldo,Barcelona,australia,,Male, ,Football,,,1149,850345,99,4,9,2,36743,,, ,,,,82792,credit card,,40,20,abc@gmail.com,9999999999,3693,43
1109,5174,Rohit ,RCB,England,56,Male, ,Basketball,13-03-2023,,1936,,19,1,2,4,3412,7940,Kolkata,rainy,,4.5,,82536,,,,24,abc@gmail.com,12345,2447,179
1068,5109,,Barcelona,INDIA,60,male, ,,08-02-2022,,,553350,68,3,6,1,53749,,Mumbai, ,Draw,,3,83259,cash,,,2,,12345,4785,197
1042,5051,,Barcelona,england,30,Mle,Rahul Dravid,Cricket,27-12-2020,3683,,637404,44,1,8,5,7463,14175,,,win ,,7,82511, ,,45,24,,9876543210,1165,75
1175,5117, ,Barcelona,australia,20,Mle,,basktball,,5015,,1122454,5,4,5,3,,12703,Delhi,Cloudy,win ,5.6,,82090,credit card,8705,79,4,,9876543210,4756,71
1033,5008, Virat,MI,Sri Lanka,61,female,Rahul Dravid,basktball,,,,46693,196,9,2,3,33634,3151, ,,Draw,6.9,,84634,,,,17,xyz@,,2305,72
1039,5032,Dhoni,,india,41,male,,,25-08-2022,,,,176,1,4,1,22005,,Kolkata,,win ,3.9,,80567,credit card,,,24,,,1062,178
1060,5187,Dhoni,Barcelona,INDIA,24,female,,,,935,,,38,9,6,4,,,Mumbai,rainy,win ,,3,80120,cash,7656,45,29,,,4400,189
1177,5112,,MI,australia,45,mal,,Tennis,19-11-2023,,,927550,101,8,7,0,,,Delhi,Sunny,,,0,80315,credit card,7080,,16,,12345,3354,103
1194,5148, ,RCB,england,28,male,John Smith,Tennis,05-12-2023,3317,-53,,129,9,3,0,33113,,Kolkata,Sunny,Draw,6.6,2,80620,upiid,,,0,xyz@,9876543210,1847,41
1061,5185,Hardik,MI,Australia,64,male,,Basketball,31-12-2021,,,,106,5,1,3,,2032,Chennai,Rainy,Lose,5.5,6,84063,creadit card,16507,119,15,xyz@,,525,179
1057,5084,Smith,Lakers,Australia,53,Female,,basktball,04-03-2022,2224,959,141564,38,7,9,4,18807,,Delhi,rainy,DRAW,5.5,4,80453,netbanking,3482,93,14,xyz@,9999999999,4502,78
1160,5196,Dhoni,MI,England,15,mal,Rahul Dravid, ,05-12-2023,-731,590,756446,117,8,1,3,52449,,, ,Lose,5.7,4,82734,upiid,,,12,,,1382,24
1074,5009,Rohit ,Barcelona,,33,Male,,,,,,1304675,148,7,2,0,,11780,,Sunny,Draw,,6,82671,upiid,,25,6,xyz@,12345,4981,30
1015,5005,Hardik,KKR,,54,mal,,Cricket,20-08-2020,5146,,1271081,167,4,7,3,,,,Cloudy,win ,,3,84707,credit card,,17,2,,,4968,52
1081,5114,Rohit ,Lakers,india,22,mal,,,23-09-2021,-1553,,,81,4,0,1,56807,,Chennai,,DRAW,5.3,0,80958, ,,0,23,,12345,4106,178
1093,5120,Hardik,MI,England,59,femal,,Cricket,14-10-2020,1297,-36,,53,5,6,5,,, ,Rainy,win ,5.4,,82008,upiid,3919,29,22,xyz@,9999999999,2722,57
1047,5140,Ronaldo,KKR,Sri Lanka,17,Other,,,20-01-2023,,,,109,0,5,1,,,, ,DRAW,8.5,,84742, ,-115,,26,abc@gmail.com,12345,1987,190
1137,5064, ,CSK,india,59,Mle, ,basktball,27-12-2022,,,819115,11,7,1,5,24236,, , ,win ,1.1,5,80762,,,92,12,abc@gmail.com,12345,4067,79
1081,5019,Dhoni,MI,sri lanka,14,mal,None, ,19-02-2020,5601,,,164,1,8,4,,,,, lose,,,81360, ,16494,12,15,xyz@,,4104,117
1037,5056,Hardik,KKR,australia,13,Other, ,Basketball,05-12-2023,5099,,1333873,109,5,4,0,,,,rainy,Lose,8.7,,84335,,-755,2,22,xyz@,,4123,181
1126,5045,Smith,Lakers,India,14,Male, ,basktball,05-12-2023,5085,,1021595,37,8,1,4,38185,, ,,win ,7.2,,82051,netbanking,,97,0,,,685,196
1018,5135, ,Barcelona,,53,mal, ,Tennis,12-05-2023,,-296,,142,2,2,4,,,Mumbai,,,7.5,0,80196,netbanking,,35,0,,12345,2549,197
1163,5009,Smith,CSK,India,46,Other, ,Basketball,12-05-2023,,-18,932629,6,1,6,0,10515,487,, ,Win,6.8,,80260,credit card,16462,40,27,abc@gmail.com,,4677,31
1186,5112,Smith,CSK,sri lanka,37,femal,,Tennis,,,1909,,77,9,6,2,46620,,Delhi,Cloudy,Win,1.9,,83908,creadit card,,,15,user@yahoo,9876543210,3866,76
1062,5194, Virat,MI,India,41,Female,, ,,774,1068,,177,4,9,2,23663,,Chennai,Sunny,Win,8.6,,84189,,6650,112,29,xyz@,9999999999,2825,30
1076,5138,Ronaldo,CSK,,37,mal,Rahul Dravid,footbal,17-07-2020,-263,,744764,64,8,0,3,9159,11362,,Sunny,Win,,,81280,creadit card,,100,1,,12345,3734,113
1173,5011,,Lakers,England,54,Female,John Smith, ,,-959,,931077,101,5,9,2,30869,,,rainy, lose,1.2,5,80135,,,,17,,12345,1241,138
1130,5137, ,Lakers,india,64,female,None, ,11-09-2023,,1467,885455,194,7,3,1,,6857,Chennai,rainy,win ,,7,82545,,,70,26,user@yahoo,12345,3500,172
1101,5152, ,KKR,INDIA,58,femal,John Smith,basktball,11-05-2020,290,,468384,100,7,5,5,,17219,Chennai, ,Lose,,1,83485, ,,,20,user@yahoo,9999999999,1661,134
1064,5176,Messi,KKR,India,15,male, , ,13-12-2020,,2728,727891,43,6,7,4,,8279,Bangalore,Cloudy, lose,,0,80368,credit card,1435,87,24,xyz@,12345,2050,155
1119,5176,Hardik,Barcelona,sri lanka,42,Female,Rahul Dravid, ,06-02-2020,3373,379,,30,4,2,3,,, ,Cloudy,Lose,6.4,7,83662,,15759,74,22,,9876543210,4138,20
1090,5010,Ronaldo,MI,India,11,femal, ,basktball,06-03-2020,,2816,,170,1,2,4,14152,13091,Kolkata,, lose,,,84863,upi,,96,29,,9876543210,3261,20
1007,5189,Ronaldo,Barcelona,India,46,Male,,Cricket,29-08-2023,1293,1053,,76,9,7,0,17505,,,Cloudy, lose,,3,83454,credit card,,16,17,abc@gmail.com,12345,4137,12
1178,5117, ,Lakers,England,,Female,, ,05-07-2020,-292,1515,,47,9,7,2,,,,Sunny,DRAW,,,84768,,7087,64,4,,9876543210,3843,85
1072,5163,Joe Root,CSK,england,20,mal,John Smith,Cricket,02-06-2020,-47,,835133,81,4,7,0,26640,7266,Kolkata,Sunny,,,,84606,upiid,19613,,4,abc@gmail.com,9876543210,4825,49
1133,5038,Bumrah,Barcelona,australia,23,Mle,,basktball,05-03-2022,,2763,212546,126,6,0,3,,5153,Chennai,,DRAW,,4,84808, ,15440,,7,abc@gmail.com,12345,1981,180
1106,5052,Ronaldo,Lakers,India,45,male,None,,05-12-2023,,747,-3741,188,6,7,5,,,Delhi,Rainy, lose,,,84915,cash,,47,8,xyz@,,647,10
1088,5055,Messi,CSK,,13,mal,,Tennis,14-03-2020,2810,1222,,83,1,7,1,,,Mumbai,rainy, lose,9.2,1,80544, ,15455,93,23,,9999999999,3923,5
1038,5103,Bumrah,MI,,48,Female,John Smith, ,02-10-2022,1945,2589,,9,6,1,2,10178,,,Sunny,Draw,8.3,,84599,upiid,,57,13,user@yahoo,9999999999,2704,64
1112,5128,Dhoni,RCB,England,51,Male,None, ,01-08-2021,,-311,705485,28,5,8,0,58856,13485,,rainy, lose,8.6,6,83423,,,,12,abc@gmail.com,9876543210,1982,186
1187,5055,Smith,CSK,india,20,Other,, ,16-03-2023,,,,47,6,6,5,54986,, ,,DRAW,,3,84900,cash,14480,,17,abc@gmail.com,,1928,136
1027,5117,Smith,CSK,INDIA,39,Male, ,Cricket,05-12-2023,3803,,,189,7,7,2,1053,,,Sunny, lose,,7,84805,credit card,,,3,abc@gmail.com,9876543210,2557,158
1096,5131,Ronaldo,CSK,Australia,21,female,,,19-12-2021,,,,115,3,1,4,,6158,,rainy,Lose,,,82372,cash,14825,49,17,,,4132,17
1181,5029, ,MI,,16,female,Rahul Dravid,Football,12-01-2022,4735,1378,397773,12,0,3,1,14767,, ,Cloudy,,,6,84483, ,,24,21,abc@gmail.com,,2019,67
1036,5011,Hardik,CSK,,33,femal,Rahul Dravid,Basketball,25-12-2023,1368,,,171,7,6,5,2705,9001,Mumbai,,win ,,2,84335,netbanking,,32,19,xyz@,12345,822,21
1136,5034,Bumrah,,Sri Lanka,49,Male,None, ,,3331,1895,,46,7,5,2,28535,,Delhi,,Win,,1,81097,credit card,5063,8,14,,,4674,16
1081,5076,Hardik,RCB,INDIA,28,Mle, ,Basketball,,4617,,,102,2,6,1,,6064,,Sunny,Draw,6.8,4,82078,,163,,6,,9999999999,2564,27
1055,5179,Messi,KKR,sri lanka,22,male,John Smith,basktball,01-09-2020,,,,191,2,0,5,47766,,Chennai,Sunny,Win,,,82526,cash,,98,12,,,2832,115
1186,5158,Hardik,Lakers,Australia,10,Mle,None,Basketball,05-12-2023,386,2800,1250864,90,4,7,4,,,Chennai,,Lose,,,84163,upiid,14310,54,1,,12345,1020,6
1084,5101,,,England,64,female, ,,02-02-2024,3774,-202,,52,2,6,4,30191,1726, ,Sunny, lose,5.3,4,83711,creadit card,18142,109,8,,9876543210,1081,42
1001,5086,Joe Root,CSK,india,34,Female,Rahul Dravid,Cricket,05-12-2023,,2034,1278585,91,4,3,0,16775,19819,,, lose,5.3,3,83053,credit card,7643,,29,xyz@,,2022,144
1188,5195,Joe Root,RCB,,62,female,Rahul Dravid,Basketball,01-03-2020,4778,,579816,76,7,0,3,821,,Delhi,Sunny, lose,1.7,,81943,credit card,,,4,user@yahoo,12345,4208,173
1057,5051,Joe Root,MI,INDIA,10,male,Rahul Dravid,Basketball,22-04-2020,,,,43,0,7,0,17994,,, ,Win,7.6,5,81719,upiid,,111,0,,9999999999,3675,3
1106,5079, ,RCB,,54,Mle,,,02-11-2020,2734,698,505633,155,1,9,1,59446,12260,, ,Draw,,7,80290,upi,8669,,27,,12345,2883,40
1122,5134,Bumrah,MI,England,12,Mle, ,Football,05-12-2023,4822,,497799,1,1,6,0,22930,9303,Delhi,Sunny,Lose,,1,83689,upiid,19995,,26,abc@gmail.com,,1779,20
1187,5021,,MI,,69,Female,,,05-12-2023,,,1122449,100,3,7,5,33098,, ,Sunny,win ,4,2,80974, ,,51,18,,9999999999,1819,7
1167,5074,Messi,RCB,INDIA,13,female,None,basktball,17-07-2023,572,,,56,8,9,2,,,,,,,,80414,cash,,14,19,,12345,4696,59
1163,5183,,,Sri Lanka,66,Male, ,Football,04-05-2021,,2309,111089,56,1,0,5,55191,14417,,Rainy,Lose,,,80850,upiid,,,18,abc@gmail.com,9999999999,4537,139
1113,5057,Smith,Lakers,INDIA,56,Male,John Smith, ,12-05-2023,,938,811583,33,8,4,0,13524,,Delhi, ,,,,83777,upiid,14036,,21,abc@gmail.com,9999999999,3761,93
1106,5092,,CSK,sri lanka,47,Mle,John Smith,Cricket,25-11-2022,-895,,1000866,57,6,8,3,,, ,,DRAW,,,82728, ,10222,38,28,abc@gmail.com,12345,227,52
1036,5191,Smith,,INDIA,56,Female,John Smith,Cricket,23-07-2021,-1940,,1425625,179,9,4,5,,4825,Delhi,,Lose,,2,84641,credit card,4765,74,12,,12345,873,131
1078,5102,Hardik,CSK,Sri Lanka,40,mal,,Tennis,19-04-2023,,922,,156,7,9,5,,,,Rainy,Lose,8.8,,83960,creadit card,13725,,5,xyz@,,3650,21
1091,5139,Hardik,MI,India,39,Female, ,footbal,09-12-2023,,,1075046,34,0,2,5,8027,5845,Chennai, ,Lose,8.2,2,80741,netbanking,5837,14,9,xyz@,12345,4766,181
1017,5006,,Lakers,,56,Male, , ,03-09-2021,-817,320,1119933,74,4,8,3,49261,,Kolkata,rainy,win ,,3,80591, ,,10,28,xyz@,,3428,158
1097,5127,Messi,RCB,India,69,femal,,Football,12-05-2023,,,,175,8,8,5,,,Delhi,Sunny,DRAW,4.4,,80749,upiid,,101,10,,9876543210,1291,11
1062,5054, Virat,CSK,sri lanka,28,female,,,30-03-2020,,,526227,32,3,3,1,11692,4402,Bangalore,Rainy, lose,6.5,2,82219,upi,3000,,22,abc@gmail.com,9876543210,4790,153
1149,5105,Messi,CSK,india,32,Male,Rahul Dravid,Cricket,29-11-2022,1140,,,114,1,3,4,23843,14609,Mumbai,Cloudy,Draw,,,80837,,16758,47,29,user@yahoo,9876543210,2916,50
1138,5061,Hardik,Lakers,australia,14,male, ,Tennis,12-05-2023,2584,,1026841,74,5,7,3,,375,Bangalore, ,,,,83130,upi,,75,24,abc@gmail.com,9999999999,1027,9
1185,5089,Dhoni,KKR,australia,37,Female, ,,06-02-2020,4095,2033,,72,1,6,1,29040,,Delhi,rainy,Win,1.5,4,83481,,4211,17,15,abc@gmail.com,9999999999,3549,45
1184,5097, ,CSK,india,69,femal,None,,20-07-2023,2677,114,96202,77,2,4,3,37268,,,Rainy, lose,,,80533,cash,9697,54,25,abc@gmail.com,,120,29
1003,5076, ,KKR,England,40,Female,,Cricket,08-01-2022,,16,,8,7,5,3,21452,,Kolkata,Sunny,,,7,84460,credit card,,,24,xyz@,,741,62
1134,5182,,RCB,,62,mal,None,footbal,11-01-2024,,,,47,2,2,4,30529,5320,,Rainy, lose,7.9,6,84462,,,51,22,abc@gmail.com,,3881,15
1060,5118,Ronaldo,MI,INDIA,34,Other,John Smith,Football,11-08-2021,,,,66,1,5,2,,16583,Bangalore, , lose,8.3,,81773,upi,,,26,xyz@,9999999999,1509,19
1106,5035,,Lakers,,57,femal,,,,,,,163,5,7,1,,17340,Delhi,,DRAW,5.8,,82343,cash,,107,0,,12345,1242,143
1053,5088,Hardik,Lakers,sri lanka,43,mal,,,,,,1266224,198,2,9,3,,13398,Kolkata,,,,,82653,cash,,,18,xyz@,12345,4789,167
1087,5151,Bumrah,Barcelona,INDIA,54,Mle,John Smith,basktball,05-12-2023,3023,752,1169915,118,0,8,3,,12872,,Rainy,Lose,8.7,4,82570,netbanking,,,4,abc@gmail.com,,4352,35
1067,5171,Ronaldo,MI,india,63,mal,, ,,,,,171,2,2,0,,5609,Mumbai,,Win,8.4,,80264,upi,591,77,25,xyz@,,2090,141
1128,5144,Rohit ,RCB,Sri Lanka,41,female,,Tennis,13-12-2021,231,55,439625,187,5,7,5,42592,,Chennai,Cloudy, lose,1.9,6,83595,creadit card,,,27,abc@gmail.com,9999999999,2917,144
1054,5129,Hardik,Barcelona,Australia,65,female,John Smith,Football,21-05-2023,2867,-161,468939,190,2,2,2,34297,, ,rainy,win ,1.9,3,82034,,3811,116,26,,,3781,67
1002,5140, Virat,Barcelona,,8,femal, ,Basketball,01-05-2023,,,665059,132,8,1,4,27873,,Chennai,Rainy, lose,1.5,0,83202,cash,,15,5,user@yahoo,9876543210,1712,95
1165,5158,Rohit ,Lakers,INDIA,8,female, , ,15-12-2021,,89,,118,6,4,1,47550,,Mumbai, , lose,9.4,,80381,netbanking,14683,118,5,,9999999999,2635,55
1120,5092,Ronaldo,Lakers,,66,Mle,,footbal,02-09-2020,1760,,,85,4,3,3,25520,8972,Mumbai,Sunny, lose,,4,83296,credit card,,70,4,xyz@,,3764,193
1128,5113,Smith,CSK,England,19,Female,John Smith,Football,26-11-2020,3097,,274477,105,1,4,5,53086,,,Cloudy,DRAW,3.3,2,81166,creadit card,,,5,xyz@,12345,593,35
1101,5027,Rohit ,CSK,Sri Lanka,21,Female,,Basketball,27-08-2022,,2973,,75,8,5,1,,,Chennai,Rainy,DRAW,2.8,,82478,upi,14831,,24,abc@gmail.com,12345,1033,16
1037,5187,,Lakers,,60,Male,None,basktball,28-07-2021,3254,,553264,39,4,2,4,,,Mumbai, ,,,5,80388,upi,,,12,,9876543210,2839,129
1084,5154,Rohit ,MI,sri lanka,9,femal,Rahul Dravid,Basketball,19-08-2023,,,,18,6,0,2,,,Kolkata,,,4.7,0,82071, ,17382,13,29,,9876543210,211,178
1156,5142,Joe Root,MI,england,59,Male,,Tennis,,,,1168090,46,8,3,0,43583,,,, lose,1.8,2,80394,credit card,,,0,user@yahoo,,1405,14
1132,5032,Bumrah,Lakers,Sri Lanka,9,Female,,footbal,04-08-2021,,,1139640,64,3,5,2,37799,,, ,,,,83657,credit card,,43,0,xyz@,12345,3811,62
1091,5019,Smith,Lakers,india,45,Mle,John Smith,Tennis,12-10-2023,,2129,489731,194,8,1,0,30452,5751,Bangalore,Cloudy, lose,7.6,2,83256,cash,,,24,abc@gmail.com,,3076,135
1020,5169,Bumrah,MI,,14,Other, ,basktball,27-07-2023,,2211,,145,0,1,1,,10092,Bangalore,Sunny, lose,,,84019,upiid,,84,13,,9876543210,921,151
1198,5139,,,sri lanka,29,mal,,Football,19-10-2022,-746,,,177,5,0,2,37121,14819,Delhi,Sunny,Win,,,82239, ,9094,90,7,user@yahoo,9876543210,2039,99
1194,5100,Bumrah,,india,57,Mle,,,05-12-2023,-1776,,408825,29,1,8,2,,10374,Delhi,Cloudy,win ,7.9,6,84816, ,843,7,8,user@yahoo,9999999999,2199,191
1108,5022,Smith,Barcelona,England,34,male,,Cricket,10-06-2021,,80,664655,125,7,2,2,,9675,Bangalore,Cloudy,DRAW,,,82859,credit card,,,22,,,4062,29
1046,5199,Rohit ,CSK,Australia,15,Other,None,Football,22-09-2022,1215,,664296,65,4,1,4,17555,628, ,Sunny, lose,,,82393,cash,4620,,9,xyz@,,3238,150
1083,5111,Bumrah,KKR,England,43,mal,John Smith,Football,05-12-2023,,1480,,4,2,3,1,,,,Rainy,Win,,4,84568, ,,,5,abc@gmail.com,12345,1493,93
